五星评分,有用数,评论
较差,24,"导演疯了吧。
电影疯了吧。
我大冬天去看这个才是疯了。
这部电影对传武和拳击的理解，只有十足的刻板，少年不再，雄狮已死。"
推荐,54,相比第一部真的全方位进步。是市场稀缺的优质类型电影，真人类型电影应该供给市场的，被动画电影提供了 。
还行,5,拳狮少年…含沪量20%，什么档次，跟我用一样的手机
,16,看清楚片尾曲出来的原画后，在影厅里泪如雨下，可能从来没有看电影哭得那么激烈过，那颗放在擂台上的狮头，不仅仅停留在格斗大会的现场，从长满野草的荒地，到我们每日途径的地铁站、商场，再到我们劳动的场所，办公室、工地，在这些我们过于熟悉的场地之中，它始终停放在那里，强调着属于平凡、普通的巨大力量。就像身怀江湖绝学的高手们在按摩、跑商演、卖猪肘、摆摊逗小孩玩，在平凡市井的街巷之间，背着公文包行色匆匆的我们、戴着工地头盔脸都看不清的我们、生活在这个冰冷钢筋水泥中却努力生活的我们，难道不是也蕴含着力量，能够去拼搏，去求真，去以真诚真实的心、脚踏实地的所为，对抗虚头巴脑、满嘴大词的谎言与所谓精英吗？我们始终在召唤的，恰恰就是一双布鞋，一片野草，而电影回应了我们，那口气就在狮头上闪耀着。
,3,这部的工业化痕迹很重，缺点是第一部迸发的原生态生命力降低，优点是制作完整性大大增强，连西装都有专业建模团队了，有点好莱坞大厂出品的感觉。刺激肾上腺素的娱乐元素增加太多，作为合家欢不错。前115分钟基本只有1个小高潮+大高潮，身为被Jump热血漫洗礼多年的人我看得有点乏，还好最后5分钟进入狂暴爽文模式，该来的都补来了。几段rap的BGM和ED不错。主题“以野草的方式活下去”我很爱。我现在就是野草。
力荐,39,“外练筋骨皮，内练一口气”。技术不减当年，感动不减当年。摄影的光线、构图、调度极佳，剪辑亦是行云流水，流畅自如（栾慧的音乐逊色于第一部），展现了传统武术之美，与叙事的节奏感，增强了情感表达与情绪渲染。从舞狮到格斗，相比于第一部的无厘头，第二部有了更多现实主义的厚重。与第一部一样，是一部具备真人电影思维的动画电影，让人看到真人电影的可能。
还行,10,《好东西》没听到的上海话在这里听到了哈哈哈，也行吧。离开了粤语区还是有些遗憾的。第一部的气韵在这一部消散不少，变成十分普通的励志片，第一部最可贵的部分正是「反励志」的现实性，这一部完全走向相反面。 （不过，上海街道做得是挺好）（而且这里是硬插了多少广告啊！京东小魔方也不是零几年推出的吧，也不管三七二十一咯）
很差,67,大家不要再骂了，大家看一下制作人员，确实长得一模一样
力荐,45,"看之前还担心没有1好 结果比1更好
每场拳赛都不自觉咬着后槽牙看的 燃🔥
跟亚桑比赛那场最后一踢直接现场👏🏻
被诬陷/被围殴的时候直接气哭😤😭
电影总是圆满给人希望
但一想到现实可能就是各回各家各找各妈
就不禁觉得心酸得狠🤧
PS.看到狮头被放在野餐垫上很开心 第一部直接扔广场的角落里 不知道是不是看到了我的短评(bushi  哈哈哈哈哈哈"
力荐,45,预告没有第一部惊艳，总觉得舞狮到格斗转变有点无法理解，虽然好评很多，还是放低期待去看的点映，结果就是在影院震撼到心跳和最后一场小狮子登台的步伐同频！！！有种周星驰草根喜剧+王道热血日漫的感觉！！！光影运镜剪辑叙事节奏太牛逼了！！！关于金木阳和肖张扬这俩只有一个想法：太太，饿饿，饭饭
力荐,12,既惊喜又动容。作为续集，它大胆舍弃纯粹的动作表演，意料之外地走入竞技性的身体对抗中。告别那些不甚奏效的无厘头喜剧套路，于强烈的现实主义底色中，成功内化并延展了拳击电影的类型表达：极为高效与扎实的序幕折射底层困境，一场不断延续并持续吃紧的决斗，揭露资本的虚伪丑恶同时又令反派角色丰满起来，“失败”不再只是简单的反类型编排，“输名”抑或“输利”不过是众生皆苦的真实，也是芸芸众生的修炼，但谁也不会坦然接受命运的KO。“雄狮”从物质性的符号、实在的传统文化载体中解放出来，成为强大的精神召唤，也成为我们用来直视不公的终极秘密武器。野草、摩天轮、诗集、舞狮头套……意象流转，环环相扣，一个鲜活的阿娟再次感动了我——籍籍无名、一无所有的中国青年啊，这层“筋骨皮”究竟要遭受多少磨难，这具躯体才能获得片刻的喘息。
力荐,49,好好看啊，一定要火起来制作第三部啊，华语年度最佳
力荐,35,向佐：这个片子应该找我演！
力荐,28,精彩！国外动画做的是童真与初心，国漫做的是命运与抗争，《雄狮少年》在这点上已经拿捏住了，真的很不错，比第一部还燃还好看，一定要做成系列啊。影片完成度非常高，故事情节完整，有高潮有低谷，社会热点有立意有，还有几个分镜做得特别好，两个穿景很惊喜，有拳拳到肉的实感，看得人心都是紧的。插曲音效也很适配，除了两首rap，尤其是三个月训练那首，带动不了一点情绪，还起负面作用。巴西小哥挺有戏😂😂 弱弱说句，其实我觉得比《哪吒之魔童降世》好看。
力荐,18,太好看太值得了！！和第一部一样 看完之后走出电影院的第一感觉是 活着真好啊 能看到这么棒的电影真好啊！！虽然主题不再聚焦舞狮 但是其实和第一部的舞狮一脉相承 从前过往舞狮的经历和积累成就了现在的阿娟。每一步走过的路都算数。即使很多反转和燃点都在意料之中 可是咸鱼翻身草根逆袭的故事我就是很喜欢看啊！！第一部还很瘦小的阿娟 为了打拳练出了一身腱子肉 不管是手臂还是腰部的肌肉都很精壮漂亮 配合舞狮的腿法也都很干脆利落。这个IP最让我感到很共情的地方就是没有什么主角光环 大家真的每次都是负分开局好惨好惨（包括被陷害网暴那里 小雨心碎出国阿娟在街上被围攻看得我可难受了）完全是通过自己的努力改变了命运这还不够燃吗！最后夸爆画面还有BGM 相得益彰又无限加成 完全让我沉浸在故事中太精彩了！！
力荐,28,形虽为打拳，神却还是舞狮，并没有文不对题。技术力太强了，舞狮头的毛发渲染就不说了，擂台上光打下来的时候阿娟脸上的汗毛都能看见。创作团队用一部优秀的续作将当年第一部遭到的恶意诽谤重拳回击，大快人心。和第一部一样，整部片振奋激励的情绪非常饱满。结束之后I Am What I Am的片名打在银幕上，坐在电影院里，沉浸在这种强有力的情绪里，听着张韶涵版本的无名的人，舍不得离开。
力荐,33,这部电影最大的价值恰恰不是传统文化（代表传统中国）的段落，如果主创一直围绕着这个讲，只会是部平庸的电影。电影花了相当多的段落讲现代中国，在城市化中，像野草一样隐忍又坚毅的老百姓，才是真正的“雄狮”。他们的辛劳可不是市场经济（常被人误解为“资本”）带来的，而是一些截然相反的东西。
力荐,44,"没有再用舞狮题材，反而选择了擂台格斗的常见形式，本来有点失望，但看完之后还是感觉有惊喜，很聪明。再拍舞狮很难比第一部，把雄狮精神化，开拓武术方向也能独树一帜。看过很多拳击片，故事模板清一色草根逆袭，几乎都拍得很朴实，力求以真实打动人，就从讲故事的办法上下功夫。而动画电影生动的画面表现便是天然的优势。
这部画面制作全面升级，代入感很强，打斗非常逼真。很开心延续了周氏喜剧元素，对隐于市井反差十足的武术高手印象深刻，《功夫》永不过时。电影还有导演对网暴的回应，清者自清，作品就是最好的答案。雄狮系列的分镜编排绝对是世界一流的，加上热血bgm跟超强混剪，第一部的天台醒狮缝隙中起舞就已惊艳国漫史，第二部几次擂台格斗都拍得又燃又刺激，不断call back，节奏把控也很精准，看得荡气回肠。"
推荐,65,虽然rap难听到比中国有嘻哈海选还恐怖，但是永远喜欢雄狮系列对底层的关怀和尊重，“十指不沾泥，鳞鳞居大厦”。
力荐,123,大屏幕上非常罕见的穷人叙事，内核非常稳定而强大，用野草和雄狮来诠释真的太震撼了。画面好看，打戏超级精彩，比看真人拳赛更让我激动，玉兰花转木棉花那个画面可能是我今年十佳电影镜头。
推荐,264,极致的身体对抗。从舞狮的“隐蔽”在狮头里，到拳台上“暴露”在光线下；从上部残破不堪的狮头，到这部遍体鳞伤的自己，都是以战损的身体作为面对世界的武器，却实现了某种从“守”到“攻”的转变。如果说上部的纵身一跃，是为了试图证明自己“非蓬蒿人”，那到了这部的争一口气，则真正做到了“仰天大笑”——是的，永远都会有人相信诗。人声鼎沸的竞技场、荒草丛生的废弃工地，抑或是熙熙攘攘的商场，只要内心住着雄狮，无论面对的是什么，也不管有没有观众，哪里都会是舞台。即便是毫不起眼的野草，也能从砖瓦墙缝中顽强探出生命；即便是被枝桠牵绊住的风筝，风起时依然可以迎风翱翔。运镜动作、情感细节，这些相比上一部走得更远，所有的情绪浓缩在屏住呼吸的戛然一瞬，就像雨滴汇入无边的水面，杳无踪迹却荡出层层涟漪。原来我们都是阿娟。
力荐,156,我踏马吹爆。第一部电影院二刷，第二部依然没让人失望！豆瓣请挺住！
力荐,75,"本来觉得和第一部有点同质化只想给四星的，还是五星吧，没办法，做得太好了。
最后一段观众都退场了，两个人比武，颇有一种武侠已死的萧条感"
还行,16,坚信武术是生活最好的比喻句，在生活之上赋予想象力的电影同样也是。延续第一部对城市与现代的观察，离开广东到了更现代化的上海，在异乡最值得做的、做得最对的就是寻根，寻家乡之相似，即在钢筋混凝土中寻武术之根，并以比喻句的方式融入现代，于是阿娟对传统武术的改造即成为现代，击碎象征钢筋混凝土的石膏粉，在现代城市“生根发芽”的过程。但且不说网暴一段根本就是主创自己的发声诉求导致与时代背景格格不入，这寻根溯源本该是从功夫电影根源开始讲起之势，打擂台的编排总是依赖弱化现实力量的升格镜头，切断所有动作的连贯时间，先弱后强再一招必胜，是否南辕北辙？以及，现代真的那么容易融入吗？看在最后不忍想到阿娟的故事终究还是理想化的，一介草根还有“背景”可依偎。
很差,76,一坨shit，还清者自清呢，黑炭怎么辩解也是黑色，哈哈哈你还想变白，笑发财
力荐,65,好！“皮克斯最好的动画也不会超过这个水准了” 确实是。
力荐,45,雄狮少年1如果给5星，雄狮少年2其实只值4.3星，没有1里天台舞狮的震撼，但是最后一场比赛的蒙太奇，野草、白玉兰、血红的木棉花，直直打到心里，让人瞬间坠回1里的世界。阿娟还是阿娟，寡言沉默，穿着工地背心挺立着脊梁面对这个庞大的钢铁森林，让人想去轻轻拥抱一下
力荐,112,一代宗狮：他强任他强，黑皮体育生拂山岗。
力荐,47,比第一部更打动人，阿娟的人物塑造终于完成，破碎的少年有一双被说丑的眼睛，却始终照耀出坚韧的纯粹。视听语言有了不可思议的进步，所有格斗场面的运镜调度都不输顶级的动作片，而格斗台上突然生出的野草，离开的飞机上突然亮起的摩天轮，那真是视听艺术最美妙的部分。
力荐,331,配乐、摄影与美术依旧顶级，将电影的视听语言发挥到了极致，在故事层面，如果说前作是“病猫崛起终成狮”，那么本作则是“野草疯长不忘根”，而且讲的不仅仅是个体的“疯长”，更是社会的“疯长”。从00年代珠三角为背景的前作到10年代长三角为舞台的本作，《雄狮少年》系列借“阿娟”与伙伴们热血励志但也冷峻残酷的成长经历，记录了中国这十几年的社会“疯长”。在这“疯长”中，那些“伪传统”、“伪理想”、“伪正确”与“伪记忆”大行其道，而《雄狮少年2》这一记重拳则是“去伪存真”，直击个人的、社会的、国家的、民族的“初心”。《雄狮少年》系列一定会在华语影史留下浓墨重彩的一笔，因为其已不仅仅是一部动画、一部电影，它更是一张社会切片，是只有在王兵贾樟柯等人的电影里才能见到的历史影像。
力荐,79,"走出电影院，今晚的月亮又大又圆又亮
生活还是有期待的吧"
较差,38,延续第一部无节制化用周星驰电影（新精武门、少林足球）的创作惯性，但内核从留守男童莫欺少年穷的戾气转为传统文化卫道士，看来导演忍不了被冤枉辱华，决心拍一部扬我国威的小叶问来验明正身。现实中打假传统武术的落得什么下场主创们未尝不知，这种程度的颠倒黑白跟他们自我吹嘘的现实观照完全背道而驰。被网暴之后就回到老祖宗的智慧里取暖，凭空想象一个中国本土武林，略施小计就足以把洋拳打得落花流水。殊不知上集的华彩高桩舞狮恰恰是源于马来西亚华人的创造，岭南舞狮根本就不会飞天遁地。国内创作者乐于上意识形态保险可以理解，但先把什么是自己的东西、自己的东西到底几斤几两搞清楚，免得贻笑大方。
推荐,284,竟然比1还要好看，数度落泪！英雄花和第一部的闪回直戳泪点！泪水中没有悲伤，而是愉悦；没有难过，而是不甘和感动，还有阿猫阿狗的小人物在大城市艰辛打拼争下的一口气！影片和李白的诗交相辉映：仰天大笑出门去，我辈岂是蓬蒿人！更将这句诗中不卑不亢的力量解构到大银幕上。这部格局更大，雄狮少年只是起点，这一部是在车水马龙的高楼大厦中争得立足之地。主题也从舞狮转为对于传统武术的坚守、传承和创新，但舞狮的精神被完好无损地继承下来，那不认命、不服输、不妥协的雄狮精神，依旧在每一个角色的血脉中汹涌流动。每一场比赛都是视听盛宴和心灵的洗礼。尤其最后一场，不管是运镜还是招式，既有爽感还有韵味，而且完全令人意想不到，看得人心潮澎湃。这是一场他们打不赢的比赛，但他们没有输。
很差,60,还是那么难看 心疼我的电影票钱了
很差,44,众多的好评，不难看出，导演以及一众主创的能力是真的不错。但盖不住小心思令人膈应，有的人真的是能力越大越有害，这方面最极端的例子参见老戈的辉煌战绩。个人改变不了什么，只能说我个人对主创团队表示不认可和抵制。PS：在别的平台看到一句觉得不错的评论“画面、规格、水平肉眼可见的领先很多其他动画，但是既然导演都摆出了一副文艺片的傲骨出来了，我们又有什么理由不送给他一个文艺片的票房呢？”   看过 · · · ( 3767部 )
很差,57,这么丑的动画片还好意思出第二部啊
推荐,208,做得真好，技术过硬完全能够支撑主创的表达！后段发展不落俗套，即便转换赛道依旧能保持如此之高的水运，实在难得！不过最后的出路还是要靠资本良心发现，足见剧作和现实的无解与无奈…这部阿猫阿狗稍微有点背景板，期待下部龙舟能有更多的团魂刻画…希望这部票房高点吧，好想看主创把民族传统运动会的项目全部拍一遍…
很差,39,又来恶心人了。
推荐,240,从舞狮到格斗，二者融会贯通。延续舞狮场面的丝滑，格斗和动作效果是以假乱真级。 幕后是专业武术运动员的动作捕捉，作为练过“传武”的人，阿娟起手姿势和出手招式，可达武术教练水准，在这个练家子演员匮乏的时代，如此特色和对战，会比真人演员更加出效果。 观众几乎对影片情节的发展能够做出预判，即使你知道套路，都不影响全情投入，每当情绪激昂的配乐响起，对战双方从亮相到酣斗，还是会热血沸腾，直至浑身的鸡皮疙瘩。 观众会从那个从咸鱼铺、工地、废弃操场上走出来的野草、化身雄狮的少年身上得到力量。大家心满意足走出电影院，继续迎接焦头烂额的美好生活
推荐,14,很久没在电影院看到这么精彩的功夫片了，也很久没有被一部电影感动这么多次。仿佛又回到了小时候，看霍元甲，看陈真，看叶问时的感觉。无名的人啊，我敬你一杯酒。敬你的沉默，和每一声怒吼。敬你弯着腰，上山往高处走。被嘲笑天真，被挡在门后，你回敬以坚韧，你依然要奋斗。你是野火烧不尽的野草，你是阿娟、阿猫和阿狗。雄狮睡醒了，就一直往前走，就一直往前走，往前走别回头。白花已经开尽了花期，红花还会远么？
推荐,54,《雄狮少年1》至今是我心中最好的国产院线动画，已经带着很高的期望来，第二部延续了前作水准，是我心目中的最佳续作。“雄狮少年“不再局限于字面意义上的舞狮，雄狮是一种精神，被炼化成了少年的内心，从此他可以去面对更广袤的天地。喜欢最后一场擂台戏，不是在预想中的赛场上，而是呼应开头在街头，擂台上长满劲草，雄狮从少年心中咆哮而出。阿娟阿猫阿狗是大城市里除不尽赶不走的野草，是权势豢养的草缸里困不住的斗鱼，主创很会用比喻和意象讲故事。闪回到第一部阿娟的细胳膊细腿，再看看如今身强体健的少年很感慨，巴西战舞、泰拳和最后一场中国传统武术动作都好漂亮，分镜行云流水，前作天台戏的惊喜感又重现了。
还行,38,6/10，成像有些许的瑕疵，但不妨碍后期做的真的是好，分数理应全给技术组，剧情上就多少俗套了，舞狮灵魂主题靠边，格斗成主角，几乎是《八角笼中》的二创文本，寥寥几笔人生困境，马上遇见伯乐进入成长的关键时期，依托周星驰《少林足球》小人物的蜕变模式来叙事，群像设置也均如出一辙，闯关比赛去经历格斗舞台上的缓冲期，新闻舆论黑白颠倒的泼脏水以断章取义，创作团队侧面回应第一集人物建模的争议，最终冲破一切桎梏和偏见，并戳穿资本的手段和黑幕，赢得拳击场上的高光时刻，完全不意外的华语语境下的成长寓言，从人生低谷到瞩目高地，还是老一套的那种角色弧线的描绘，但动画的线条和力道能把格斗场上的热血对峙和灵巧动作精准还原，还是给这个庸常的故事增添了多维度可看性，硬桥硬马稳扎稳打的气魄都有被传达出来，欣喜国产动画愈发的强健
推荐,162,今年最喜欢的动画电影！技术全面升级，真的很燃，但没崩住，看哭了好几次，电影中有一句台词「原本就是一场赢不了的比赛」，阿娟想赢，但没有机会了，作为野草随时可能被踩在脚下，但也能生于夹缝之间，电影不是歌颂苦难，而是赞誉「生于野草，活成雄狮」的精神，理论上来说，你可以把这部电影当成现实主义的动画片，每一场擂台赛都是与现实的搏斗，最后那段蒙太奇厉害了，木棉花成树绽放瞬间回到第一部，我们都是无名的人，努力改写着自己的剧本，一定要二刷！
还行,25,电影为马保国平反，都是黑心资本在陷害我们传武啊。
较差,67,有多喜欢第一部，就对续作有多失望。无论是开了骨骼惊奇练武奇才的外挂的阿娟，还是彻底沦为配角毫无存在感的阿猫阿狗，或是脸谱化的反派，只是工具人的小雨，作为段子出现的三大高手……节奏崩坏，故事更难令人信服。完全不理解换个城市的意义所在，就为了让格斗这种没有什么生存土壤的项目更加有说服力？？？无法理解底下清一色的赞美声音，如果这样的作品就能打出高分，那国漫要走的路还看不到尽头呢。
较差,37,相当失望，有多喜欢第一部就有多讨厌第二部。打拳哪有舞狮好看啊，更何况是一部融合传统武术民科的拳击电影。在看过《啊，荒野》《愤怒的公牛》《百元之恋》《洛奇》等等等之后，实在无心欣赏一部以热血、燃爆为全部主题的拳击电影。一点暴论：所有讲怎么赢的拳击电影都是垃圾。拳击从来不是战胜对手，而是打败自己。
较差,39,"BGM是真的上头又吵又土
剧情吧还不如bgm"
力荐,54,"阿娟是野草中的咸鱼，无人问津，隐入尘烟，拳王是水草中的热带鱼，养尊处优，被保护得很好，但那层防护罩被打破后，所有一切轰然倒塌，咸鱼翻身后依然是咸鱼，可水里的热带鱼金身被破却只能变为臭死鱼被冲进下水道。
大中午整个电影院就我一个人，结束后看着空荡荡的电影院，仿佛电影照进了现实。从1到2，雄狮被各路资本阻击，这么高的质量却硬是得不到市场的认可，不知道一腔热血的创作团队是会被市场冷却，还是像阿娟他们一样顶住压力一往无前。如果需要，我愿意成为雄狮少年3众筹的一份子。"
力荐,51,很喜欢那些游离在主线之外的一些细节，比如那个庞大的狮头擦着墙壁穿过窄窄的群租楼道，水泥缝隙里生生不息的野草。打戏太惊艳了，真正拳拳到肉！我也很喜欢导演一直坚守的主题，要像野草一样扎在台上，不下来，就有机会赢！
力荐,51,中间其实猜不到剧情了，不只是单纯的燃，成人向的动画片，导演想说的很多。飞机上看到摩天轮亮了那一幕我瞬间泪目。不用说什么新海诚之类的东西，那些还不如这个，国漫细腻程度就已经很棒。阿娟太man了，希望他有一天有大房子，大车子，带着爸妈环游世界。
推荐,12,"有一说一，前半程稍微有点套路化（但完全可以接受），但是突然间，就卧槽了，太用心了。
有几个地方我特别喜欢，其中一个是小雨带阿娟去跟大老板谈判那里，二人坐在电梯里，阿娟说我不会说话，小雨说我来说。电梯上升，给了阿娟起球的毛衣一个镜头。我很喜欢那件起球的毛衣，好细心，好温暖，那一瞬间我似乎可以闻到阳光晒过它的味道。
最后一场格斗，技术上的处理也特别妙，看得我突然就燃起来了。雄狮侧卧，十年一剑，在我们热爱的舞台上，一旦上场，就要尽力——而且要赢。我永远喜欢少年的眼神，我喜欢那最青涩的眼睛里，不顾一切的光芒。"
还行,11,【3.0】用写实的焦虑和无力感刺激观众肾上腺的方法与第一部并无根本差异，但对待“成功”的态度明显暧昧松动起来。商业片这样做是没问题，然而作为续集，无疑是对前作苦心经营破除成功学泡沫的背叛。另外，与上一部始终围绕传统表演“舞狮”的封闭语境下允许自说自话的情形不同，介入严肃的商业拳击比赛后还要硬套中国武术的神奇之道，这跟在现代医学面前鼓吹中药灵性有什么区别？这片不自洽的地方太多了。
还行,21,和朋友一起看的 有点土俗 虽然动作戏很流畅 也很燃 但是文戏好差啊 我朋友说看完感觉被吸了能量
很差,62,风格可以不同，但是拒绝审丑。你一旦接受这样的设定，以后外国人再嘲笑你会说，你们自己就承认自己是眯眯眼。
还行,22,动画精细，写意优美，但剧情差强人意。已经完全脱离了小人物和悲凉底色，爆改俗套励志体育片。仿佛在看叶问+八角笼中+中国乒乓……
力荐,52,看之前很怕是利用第一部元素叠加打拳片的热血拼出来的取巧行活儿，看完之后觉得这是国内这几年最优秀的电影，没有之一。优秀的分镜，优秀的动作设计，优秀的镜头语言，优秀的情感铺陈，优秀的前作包袱，优秀的现实风格动画，甚至音乐设计，喜剧桥段和callback都很用心。这已经不是动画片能够做到了，这个团队做到了真人电影都做不到的事情。优秀的创作应该被更多人看到！！！！！！！
很差,115,我们的目光被塞满了，但什么也没听到：混响空间的缺乏暴露了聆听的贫乏。舞狮、拳击：这是肢体语言的两种形式，但舞狮需要复调——声音、动作和空气之间的对话（它曾重新发明了它）——而拳击，被锁定在清脆而单调的打击声，离开了手套触感/擂台震动/脚步喘息声/破空呼啸的复杂景观，既没有没有记忆，也没有呼吸。对强度的痴迷最终产生反效果，电影不再知道除了武力之外如何前进——反派是用来战斗的，仅此而已。城市终于沦为了幽默感沦丧之地，赋予场域叙事的密度的角色姿态和日常生活深度被抹去，极度平滑地趋于预期和合理化的监控之下，任何变化和过载的图像都会转化为更精确的性能和技术的增益。它除了重复已经证明的公式之外，没有什么可说的。
较差,53,看的点映，这电影把第一部的优点抛弃了。第一部虽然青涩了点，但有潜力。但这一部我只看到了傲慢，弘扬中国武术就算了，为什么这么瞧不起现代格斗。所以呢，下一部准备把什么传统发扬光大？中医少年3？
较差,30,靠舆情发际的老牌团伙发现全网捂嘴大法居然接连失算，摇身一变“清者自清”，肿摸你不服？书写网暴最生动的还得是网暴鼻祖呀
较差,17,因为很喜欢第一部，所以更加不能忍受第二部如此庸俗。阿娟的困境，从社会结构变成了一个虚构的「资本家」；阿娟的抗争，从生活本身的勇气，变成了一次老套的「咸鱼翻身」逆袭。舞狮，在第一部中既标示他的来处、他的阶级，也代表他不为现实所困的精神，第二部中的「传统武术」则单薄扁平虚假，只能代表中国最保守的那部分民族自尊心，跟人本身没有任何真实的链接。
推荐,1284,不仅是今年国漫最佳，放整个院线华语片里比，也很有竞争力。刚开始还疑惑，阿娟怎么不舞狮、改打武术了？但后来才知道，原来武术是南狮的基底，随着“外来务工”的底层叙事逐步展开，在大城市立足的艰辛，被网暴后承受无数谩骂、瞬间毁掉的绝望感，完全把人的情感卷入其中，太戳心了，不自觉地就泪流不止（看过第一部感触会更深）。残损不堪的现实、宿命般热血的励志、传统与现代的对撞，最终都汇聚到那“神来一笔”的一幕：擂台上突然长出草丛，回望向城市高楼下那些顽强的“野草们”，都是我们这些无名的人，每天拼了命地活着。整体观赏性、节奏律动感都很强，生活细节极为饱满，尤其人物形象设计上也帅了很多。真心希望能爆！
推荐,1018,"在大银幕看打拳很燃，比真人打拳还真实。故事虽然还是比较老的内核，不过整体完成度很高。后半段拉回现实，尤其网暴一段很真实，比赛真正的黑幕不是让你输，是直接剥夺你的比赛资格。最后一段的蒙太奇直接看哭了，非常写意，野草不死，遍地扎根，雄狮隐隐可现。在锦江乐园摩天轮上，女生让阿娟发挥想象，阿娟说这些我想都不敢想。戳到我了，平凡的人呐，我们或许也失去了想象的勇气。
最后片尾曲，舞狮出现在城市的每一个角落，很感动，出现在地铁里的那站叫拼搏站。"
力荐,2245,这哪是动画片啊，明明就是真人功夫片，真正意义上的国产成人动画！动作戏与渲染超一流，质感真实得可怕，这怎能是国漫的技术力，不敢信啊
推荐,712,技术上的全面精进，收敛烂俗段子后也让现实主义表达愈发明晰，从舞狮到武术的传统接棒无疑是聪明的续作思路。反倒是剧作因为过于工整而缺了些野蛮生长的力道，二元化的善与恶/草根与资本/传统与现代少了余味，不如前作的失败者之歌更令人动容。但看到擂台长出野草开出烂漫的瞬间，我依然确信，在这十年来各种雷声大雨点小的国产动画电影里，这个系列是唯一担得起“国漫之光”称号的。（还有一个很在意的点：从浦东飞美国的航班上是不可能看到锦江乐园的！）
力荐,1912,听懂了最后一句“交给时间吧，我相信清者自清”才能理解这部电影的难能可贵。这个世界有时候并不公平，感谢还有这些理想主义者。
力荐,1477,豆瓣怎么b王那么多啊。还要怎么做才能让你们满意？
推荐,311,舞狮始于少年的偶然，是梦的开始；格斗则是命运的必然，残梦的延续。当主角们被造谣污蔑的声音击垮吞没，我们被再次打回现实，原来并没有什么具体的敌人，只有一种坚固的、狭窄的、随处可见又无力回击的处境。来到高潮戏，当幻觉重现，写实的招式变得更加写意，我们得以看到属于电影的真理：在现实的泥土与砖瓦上造梦，在梦的倒影中看见现实。
推荐,419,第二部的故事依旧是现实主义内核，编剧很擅长用现实的残酷，让阿娟参加格斗比赛在逻辑和动机上更合理。阿娟在第一部时的舞狮功底，也让练习格斗有了更多可能性，导演直接把传统武术融入到格斗里，让东方武术大战西方格斗。相比动作戏，其实更难的是如何平衡动作戏和文戏，导演能够通过阿娟的内心需求牢牢抓住观众的注意力，从一开始参加格斗为了赚到奖金给父亲看病，到帮同伴保住求真拳馆，再到给自己争一口气，为传统武术正名，阿娟的内心欲望和挑战难度一步步升级，让他从曾经的舞狮少年蜕变成了一头雄狮，导演把阿娟这一路的心路历程处理得张力十足，振奋人心！这部续集跟第一部在精神上一脉形成，优点全都有继承，剧作上更扎实，制作上更成熟，在叙事节奏的把控上称得上教科书级别！
推荐,359,"我盼着《雄狮少年》这个IP更好有个与众不同的理由，就是其属于中国动画电影中比较少见地把背景设定在现当代的非子供向作品，这一类电影近十几年也就四五部，非常稀有。

另外，更稀有的是，作为一部动画电影，不走奇幻、爱情、校园，而是走现实风格，就更难得一见了。不仅画风极为写实，阿娟这个主角也代表了中国大银幕相对珍贵的普通人视角，每每听到唐恬作词的那首《无名的人》，都难忍有些眼眶湿润。

以及，这次尝试格斗题材，在一个其实已经非常成熟的垂类里融合了中国传统武术，把雄狮升格成一种精神象征，也算是讲出了自己的新意吧。

总之，还是希望这个系列可以顺利走完三部曲，并期待一个更加完整的少年宇宙！"
推荐,259,不得不感叹，我是多久没有在内地作品里看到这样稀缺又鲜明的阶级影像了呢？无论是弄堂小巷的仰视镜头中伸出的摩天大楼一角，还是城市高楼的俯视镜头里隐没的老旧平房，那些小人物的处境和憧憬，城市阶级的明显体现都包含在了这些镜头里。然而镜头对城市角落野草的特写与雄狮意象的结合又完美体现出了小人物的顽强与韧劲，形成了与软弱虚伪的资产阶级的本质区别。强烈建议这样影像的作品多来点
较差,389,太失望了，第一部是从童话走向现实，从乡村到城市，以励志片的结构玩现实主义，第二部则是无趣且老套的传统励志片。舞狮是绝望者的精神寄托，打拳不过是解决现实问题的方式，第一部深刻的人物情感内核在续集中荡然无存，我即不在乎拳场的输赢，也不在乎传统武术是不是式微，你是阿娟，不是叶问。你是《雄狮少年》，不是《八角笼中》。还有，网暴的情节真的是又老土又胡扯。
力荐,931,很厉害的续作，是精神的延续和技术的升级。雄狮本就不是单纯的舞狮，而在第二部延续中，放入更多银幕外的情感，“争一口气”“交给时间”，算是创作者对过去三年的一种回应。技术层面就不用多说了，整个打戏的镜头调度，光影运用，证明了创作团队未来在真人电影的可能。《雄狮少年》系列永远能用第三幕，把动画该有的超现实和想象力，攒足力，给人一股狠劲。#私心+1星
力荐,257,三年前我在微博抽奖送电影票，被骂到开除我粤籍，三年后我被男的用一模一样的话又骂了，真的一字不差，我已经不会再生气了，就系觉得好撚好笑。其实男的应该庆幸大家喜欢刘家娟，他所代表的其实是男的其中一面，庆幸刘家娟被制作组塑造得很善良很好，而这些攻击他的人3年还逮着个谣言来攻击，3年也没学会写其他字，笑撚死！制作组没有特别修改画风，改了显得好像真是错了一样，电影里把阿娟置于被网暴的剧情我想是剧组最有力的反击，我很希望看到第三部，至于网友说的第二部舞狮元素少了，舞狮一直都在，住的地方再差阿娟都没放弃舞狮，一直带着狮头，他要生活白天还要在工地打工，但是真的没有放弃舞狮，想起电影标题 I Am What I Am，刘家娟才是雄狮。舞狮和武术也不违和，方世玉黄飞鸿的电影在梅花桩上面打架的好吧！
力荐,155,非常好看，不看不是中国人，我是认真的。如果还因为尼玛眼距这些事不去把钱给一个好动画，完蛋的是大家。浓眉大眼的大家
较差,231,没有雄狮，也不见了少年，只剩拙劣的狗血与鸡血；舍弃了舞狮和广东元素，前作所有的长处便全部化为乌有，当年登顶擎天柱依然遁入大城市的现实下沉，这一次则变成了开挂造梦成功学鸡汤的一步登天，全方位的浮夸虚假想当然，甚至文本和角色的空洞乏味喊口号，让本片可以与角斗士2并称为今年最没有必要存在的两部续集电影，而三个月速成便能接连斩落多位一流高手，现代格斗打败传武原来不仅靠规则干脆还要作弊？所以都快2025 了还要主打一个咱中华有神功？那你看看最喜欢这片子的会不会是闪电鞭马保国？不过啊，透让本片前后两部的自我精神消灭，倒是似乎也能看到我们每个人在这三年里的现实跌落
力荐,291,三年前，心中的鼓点，敲出傲立天地的雄狮；三年后，攥紧的拳头，抡出孑然一身的正气。雄狮是气魄，少年是灵魂，我们太喜欢带入阿娟了，他像是我们看着长大的孩子，又像是我们自己，都像野草一样，一直在等待那个仰天大笑的时刻。
较差,172,真正重要的问题是，他究竟是否真的喜欢传武，或只是为了他人的又一次妥协与牺牲。没有看到主角的痛楚、退避、与真正超然的时刻，相比于前作哲学实在是降维了。优点在于技术上几乎无可挑剔，动作调度堪称精彩。
力荐,172,舞台上阿娟被逼至一角，突然杂草丛生，代表上海的白玉兰一转为广州的木棉，雄狮咆哮而出，这就是雄狮少年
力荐,238,"昨晚看过点映
真的很燃 万变不离其宗
雄狮的宗旨一直没变
不知道这些挑三拣四的人哪来那么多要求
国漫崛起
编剧也不错
不老套
意想不到的是
没有传统意义上去描写舞狮
通过武术点题
有自己的想法
9分绝对有
今年国产动漫最佳
比起那些去翻拍""老古董""
换汤不换药
都看腻了
创新还遭批判
真是搞不懂"
力荐,208,这个片居然才100分钟，我感觉有两小时以上。不是说无聊到拉长了时间，而是内容极其饱满，因此有种精神上的餍足感。以往要达成这种感觉至少需要观影两小时甚至两个半小时的情绪层层递进的积累，但是这片非常利落，毫无废笔。无论是从商业电影还是从艺术电影来说，我觉得都达到了很高的水准。最后要呐喊一句，阿娟真是帅得太超过了啊啊啊啊啊啊！
推荐,73,印象很深的一个镜头是，城市步道砖石缝隙里的小草长出来，被割掉被踩过但又长出来。雄狮少年在热血之外有个一以贯之的主题，那就是“对于外来人来说，城市究竟意味着什么？”这个非常现实主义的问题，甚至很多真人电影都没办法直视。带着舞狮精魂的传统武术和现代拳台的对垒，刚好成为回应这个问题的身体语言。从广东到上海，上一部里最打动我的小镇舞狮桩和城市建筑脚手架的呼应，在这一部里变成上海废弃场地里的训练，当这里也被推倒重建以后，他们甚至只能退居到小屋中备赛，就像那句台词：“阳台也就够了”。片中所提供的那些宵夜摊、合租屋、求职市场、养生堂、烧腊铺就是属于阿娟他们这批外来人的场所，四大高手的地域与口音设计也都很有意思。但就像草丛里可以藏着雄狮，废弃草场里当然也可以打出拳手。这就是雄狮少年自己对这个问题的回答吧。
力荐,109,周六练泰拳，周日带儿子看了这部片，绘画细节分拉满，别说沁着汗的肌肉，连衣服起球都画出来了啊喂。故事？说故事不行的人大概是没饿过吧。都2024年了还有容貌焦虑？文化自信都喂了狗了：）
很差,316,放弃了1里面最重要的悲情底色，既不懂底层又不懂格斗还迎合民粹。没活就别硬整，能拍出靠着一个老登主角们才脱离困境的剧情，说明这导演也就到这了。
很差,231,求求了，动画导演别老想着自己编剧，会画动作戏不代表会写剧本，你ego小点比啥都强。最后高潮的一场比赛啥玩意儿？你燃点和感动点打到了吗？和第一部的流畅度、人物塑造、情感浓度、主题表达差几个数量级。（其实一看编剧14个人已经知道完蛋。）
较差,106,广东文化生硬植入上海的现眼之作。只有粤语片才有的地味女姐姐仔，只有粤语片才有的揾到个师傅佬，只有广东仔才会说的咸鱼翻身还是咸鱼。主创没有做地域文化融合，现实时空掉在零零年代，互联网时空却在当代。主角成了脱离文化母体的无根游魂，努力的道具人，第一部那种少年热血成了少年木鸡。我还以为现在观众对菜鸡练三个月打败外国格斗高手，最后拿冠军这种特别老登霍元甲叶问黄飞鸿“不缺席的中国男子汉”的套路已经无感了…以前编剧多好，你看写黄飞鸿十三姨，一个规矩不逾礼，爱意藏着，全化作护花拳脚，敏于行而讷于言，两人东西方差距自然产生笑点，一声少筠是黄师傅不知所措，又寡于言辞的深情切切。现在写黄飞鸿成了十三姨的提线木偶，安排你吃住行，踹你上台出洋相，出卖“你是狮子”情绪价值体验包，还不敢恋爱，整得男主角像一根木头一般。
推荐,39,作为电影，动画电影，格斗电影，续集电影，它都处于“好电影”的范畴。现在的票房表现确实是令人无奈的。这不是内容好能解决的行业积弊。现在电影的“口碑”和票房之间的正向关联显然已经失效了，这就令人非常唏嘘了。
很差,180,我个人对制作团队的美术审美，表示不认可和抵制。
较差,75,《只手遮天大老板掂记小拳馆十几年》《你长得没有中国元素，上擂台一定会输》《我要振兴我爹的拳馆，但我是女孩，所以我只能靠一个极限学了舞狮又极限学拳的男孩》《打拳时观众不看时间的，裁判随便加时》《靠造谣暴力事件抹黑一个男的》《黑料不会有记者调查，定能传遍全国》《拳击手戴石膏也不会被查》。好好搞你的舞狮好吗，别找个不懂拳击也不懂传统武术还不懂大众传媒的屌丝来写剧本了亲。全部精力大概都放在了上次那个东亚刻板脸的争议上了，这一部变成了仿真身体加动画脸，更恐怖谷了呢真棒。
推荐,250,延续了第一部的热血豪气，舞狮少年为了生计站上格斗擂台，在一次次全力出拳下完成了蜕变成长。南派舞狮注重武术与舞狮相结合，“未学舞狮，先学武术”，电影动作戏的重点从舞狮转向格斗，阿娟将舞狮的武术技巧灵活运用于比赛，与高手的轮番过招中展现出矫健的身手和细节的肌肉变化，充分发挥了动画本身的优势，配上接近真实打击的音效，让人血脉喷张。随之而来的网暴不仅将主角吞没，也把观众拖入黑洞，我们清楚认识到最大的敌人从不是具体的人，而是种无力反击的处境；但那座摩天轮仍在发亮，台上会生出野草，满树花开。不要世俗的“金鑫”而要精神的“求真”，不要做鱼缸里精心修剪的观赏性水草，而要成为到哪都能生根发芽的勃勃野草。“生于野草，活成雄狮”，心跳不灭，鼓点不灭，那头雄狮就永远在。
很差,135,剧组太有钱了，分可以刷，歌也请大牌唱，眯眯眼就是不改，随便吧，观众不重要也大可不必上院线的
还行,430,3年了，依然没学会写好剧本，同时把最亮眼的市井部分丢得一干二净
还行,228,"看完默默把第一部的评分改高了……第一部的人物困境起码是有的，叙事逻辑基本成立。第二部是没有的，所以剧情就像在岸边踢石子儿踢到哪算哪，没势能了就靠BGM和台词硬上，由“舞狮”转向“打拳”无可厚非，但是矛盾居然放在“传统武术”和“MMA格斗术”上，这两者是找不出叙事上正义的一方的，而所谓的“捍卫传统”抽丝剥茧后也只是物理意义上守住拳馆的“土地”而已，缺乏价值观上的立足点（另：最后被推土机推掉的还是院子……）

反派因为立不住脚在结尾强行赋予了“在拳套里加石膏”这个缺点，但是显然与前面呈现的形象割裂。剧作放弃了塑造人物直接呈现其“表面”，导致坏人坏的毫无理由，好人好的智商不高，纵使动作镜头行云流水，也无法真正意义上“燃”起来，因为不知道在燃的是什么。这个剧本有很多种方法可以变得很好，可惜了。"
推荐,179,看完第一感觉是奇怪。明明挺简单的故事，却让人看了动容甚至还有些热血。后来想明白了，主创其实就是认真把这个简单故事讲明白、讲透彻，而这种不敷衍的态度恰恰是该系列可以打动人的关键。真诚永远是必杀技。电影有着现实主义贴近性，故事看似有些悲凉悲壮，但底色温暖，主题积极向上，加以幽默的反差，让人在笑与泪中多次横跳，情到深处自然流露。阿娟的上海滩生活像极了每个离家千里在大城市打拼的外来者，兢兢业业勤勤恳恳任劳任怨，却经不住一点意外和波折，你的生活正在分崩离析，你来到大城市，发现了一些你不想知道的事情，那些梦想破碎、希望落空的挫败感让人无法承受，但为了肩上责任和“争一口气”，你咬牙坚持，忍受冷眼和嘲笑，也不放弃过心中的执念和责任。哪怕身为“野草”，也要绽放出最耀眼的光芒和自我。
力荐,1627,"说点话外音。
早已厌倦了网上为了一个二元对立争得面红耳赤，看着历史换个模样滚滚碾来却各自将头埋在了沙土之中。
现在什么形势，“它们”知道，但不一定真的看到、体会到，或者说不在乎。
作为野草的我却发现：
写字楼亮的灯越来越少，门面房出租的越来越多；足篮球场玩耍的小孩越来越少，小区里在垃圾桶捡废品的大爷大妈越来越多；餐厅饭店年轻服务员越来越少，送外卖和开滴滴的越来越多；酒吧ktv消遣的人越来越少，地铁口辅道边摆地摊的人越来越多。
诚如我在本片中看到黄金时代的影子越来越多，却发现来电影院的人却越来越少。
所以，在深刻的作品越来越少的时候，重读和理解鲁迅的时候越来越多：为我自己，为友与仇，人与兽，爱者与不爱者，我希望这野草的朽腐，火速到来。要不然，我先就未曾生存，这实在比死亡与朽腐更其不幸。"
还行,672,中规中矩，退步最大的是配乐，第一部选的几首歌适配度太好了，我至今还记得当年九连的莫欺少年穷响起来时浑身起鸡皮疙瘩。这一部中间两次rap观感真是乱七八糟，不仅审美降级，和片子的气质也完全不符。
还行,159,前天看了点映，有点失望。第一部剧情线也老套，但有民俗奇观，有少年心气，有现实关怀，音乐又好听，但这个2把优点全丢了，只剩老套，主角都不舞狮了，而是换成了打拳，我最没兴趣的一种运动，看得我很不耐烦，直到结尾才终于有了点1的精气神，但总体而言还是觉得这个故事没有必要拍出来，更没有必要用动画这么费劲烧钱的方式做出来。看完有导演和制片人见面交流，才知道导演竟然不是广东人而是湖北人。现场一个观众说她三年前把很多骂这电影的朋友拉黑了，导演赶紧说没必要没必要，对电影意见不同不意味着在别的方面不能交流。其实我有点想问这部眼睛大小到底有没有刻意调整，最后还是没问出来，就别戳人伤疤了。
,48,延续上一部的底层小人物叙事，但动作核心从舞狮变成了功夫，埋了不少传武和MMA的梗，熟悉马保国、雷雷、丁浩、闫芳等人的话，会看到不少会心一笑之处，尤其那句“你强任你强，清风拂山岗”。部分点出传武没落的原因，如门户之见、训练不科学、固步自封……最后仍是一种精神胜利，大的跃迁不可能发生，上位者捏死下位者有一百种玩法，但人还是可以在一个最小平面上，把握住自己的生活。仍然是中国动画里最为现实主义的笔触。
力荐,1035,主创团队啊，我敬你一杯酒。原本还好奇到了第二集该怎样延续这个“舞狮”的题材，谁知，你们秉着“不生锈的初心”，给出了更高一层意义上的“醒狮”故事。莫欺少年穷是因为，少年生于野草间，胸中却蛰伏着不屈的雄狮。努力“变强”的意义，不是驱使这头内化的雄狮，去恃强凌弱，践踏和碾压他人，而是自强不息，去御服奔腾的生活，挺直野草般柔韧的腰杆，便能头顶苍穹，手摘星辰。最唏嘘还是那段对网暴的描写：资本的构陷，一段拼接剪辑的“爆料”，营销号矩阵铺天盖地的打压，不明就里的人跟风围剿，轻易就可将一名清白少年置于百口莫辩的境地，抹杀他的努力，斩断他的前路，掐灭他头顶的星火。这确实是我们时代的故事，过于映照当下的现实，让人有诸多联想。蛆虫怎会知雄狮之志，在这个百业萧条的冬日，谢谢你们为所有无名的人，燃起了一簇取暖的火。
力荐,33,其实第一部剧本觉得“不够好”的原因是因为基本是靠点子取胜，但第二部的剧本真的有下颇大功夫，感觉这么扎实的起承转合、生动自然的感情线是从未在国产动画赛道里看到过的（甚至在今年的国产电影里都少见），而且还keep住了第一部的现实主义，从无名的人到野草，大大小小十几个对手同伴，描摹出了一幅色彩斑斓的都会众生相。而技术层面也有极大恐怖的跃升，几场动作戏设计精妙，不用靠嘴解说就能领略到各种专业名词的“实现”，很多地方也有种想问是不是在作弊的逼真实拍感。其实“合”倒是没有像第一部那么壮烈的拿命相搏，但这种从剧本到技术的全方位升级，无疑是一次相当伟大的戏内外互文：这一次，他们终于堂堂正正地赢了一次。年度院线最佳。
力荐,45,“外练筋骨皮，内练一口气”。技术不减当年，感动不减当年。上海街景的美术细节惊艳，摄影的光线、构图、调度极佳，剪辑亦是行云流水，流畅自如（栾慧的音乐逊色于第一部），展现了传统武术之美，与叙事的节奏感，增强了情感表达与情绪渲染。从舞狮到格斗，相比于第一部的无厘头，第二部有了更多现实主义的厚重。与第一部一样，是一部具备真人电影思维的动画电影，让人看到真人电影的可能。
力荐,8,为了在字幕的“参与配音”里找自己的名字（找到了！）还拉上了爸妈一起看，我爸：现在动画片像真人一样啦。毫不狗血！现实就是这样被击倒的，但野草找到别的缝，开出花。野草意象结合的很好，鱼缸的vanity也很绝。摩天轮上小雨回忆童年，没有煽情的音乐，只有老电风扇的哗哗声。上海街景还原度感人。我有滤镜，必须五星。感动的是给劳务市场配音要现编台词大家都没概念，于是集体看b站招工采访，然后我选了栽花，还要自带工具
力荐,49,脱胎换骨的续集，都拍出这种水平了，电影院里观众还是寥寥无几…
力荐,997,热血回归，内核还在，制作升级，诚意满满。从舞狮到打拳，变化的是少年成长，不变的是雄狮精神。只要鼓点还能在心中响起，我们就是雄狮。结尾野草的设定太加分，个人年度十佳。
力荐,343,"借着2的口。说了1承受的太多委屈。污蔑。断章取义。颠倒黑白。只为争一口气。
同1比起来。尴尬的台词少了很多。动画渲染更强了。拳拳到肉。可以说几乎没有短板的片子。唯一和一比起来。笑点要少一点点。而且燃点对我而言也要少一点，没有热泪盈眶的感觉。但第一部非常优秀的动画片"
力荐,253,2024年最佳华语电影。
力荐,124,雄狮2结局的时候，主角跟投资人说：“我已经被黑成这样了，你还敢签我？”投资人说：“清者自清，相信时间会证明一切。”相信这段是制作方内心的读白。
很差,22,#第一次来太古仓电影库#来太早了，因为看了第一部就火急火燎来看，应该观望等出分。第二部这什么玩意哈，和广东雄狮没有半毛钱关系。分镜不错电影质感不错，但也抵不过这💩一样的烂剧本
力荐,46,这就是我看过的最牛逼的动画电影之一。完全没想到本片在大量剔除了前作糟粕后居然可以一口气够到如此高的水准，商业作品做到这个地步完全就是功德圆满了。要吹毛求疵的话，我唯一的遗憾是最后的雨中格斗如果能把《灌篮高手》式的静音一分钟和《功夫》式的超凡入圣贯彻到底就更好了。
力荐,48,热泪盈眶，尤其要赞美分镜，弄堂小巷仰视被高压线划破的狭窄天空，飞行高空中俯视摩天轮屹立于的繁星点点，抑或是城市角落野草丛里潜藏的雄狮，都是置身于此的处境和心境。第二部，从木棉化身为玉兰，传武打拳的潜台词里却处处书写着南狮精神，野草被推倒时早已遍地而生。阿娟的腰部特写好看得让我挪不开双眼。
力荐,59,多一星用来感谢他第二部没让我后悔第一部对他的爱
较差,24,"导演疯了吧。
电影疯了吧。
我大冬天去看这个才是疯了。
这部电影对传武和拳击的理解，只有十足的刻板，少年不再，雄狮已死。"
力荐,33,最后十分钟南京东路擂台戏，无数城市不起眼角落的野草，野火烧不尽 春风吹又生。齐人高的野草背后，不是流浪猫，而是雄狮。玉兰含苞，又绽放成一树火热的木棉。三位传统功夫大师的solo，肘击，太极，点穴手。精彩绝伦，单独掐出来当短片可以拿金奖的程度。为这段多点亮一颗星。/片尾曲的插画我也非常喜欢，八角笼里放着狮头，出现在各个日常的场景里。没错啊，时时刻刻，我们都在八角笼中，屏着一口气，像野草一样扎根在这方擂台上，心有雄狮，伏于草后。别忘了雄狮。
很差,21,票房扑街就是对主创最大的福报！
还行,22,《雄狮少年2》走出了小城，导演却没能走出热血的小天地。舞狮作为传统文化，其对于这个系列最大的价值在于它足够扎根，足够触及社会的底层群体。所以雄狮作为核心符号，就被赋予了丰富、立体的表意。前作构建了青年时期的热血，而到本片的成年前后只身前往大城市，其实也可以有更多种主题和感悟的创作方向。但导演选择自断双臂，放弃舞狮，继续延续热血梦。而在动画的范畴中，从舞狮到格斗，丢掉的是那份被藏起的写意，还有动作设计上的新意。事实上，本片较于前作，类型片的特征要更为鲜明，格式也更加规范。关于格斗的运动类型片，属于是经典模板。但也是因此，阿娟的故事，对于底层人的描述开始变得失真。这部续作能看到导演的技法提升，比如网暴段落对于“噪音”的设计和运用是。但导演越是在想方设法的搭建生活，越是发现阿娟的困局离常人的遥远。
很差,18,"Z世代红小将们终于盼来了为自己量身定制的《叶问5》。原以为这几十年来被拍了无数遍的叶问陈真霍元甲黄飞鸿暴打洋人扬我国威的样板戏终于退场了，没想到这么快就推出了新一代青春版。“中华有神功”的民族主义叙事+底层逆袭痛揍资本的男频爽文剧情+孙吧男最爱的网络流行梗+堪比乌尔善《异人之下》音乐品味的街溜子土味说唱=一剂更适合中国宝宝体质的精神伟哥。
有意思的是，老电影都是先打华人小喽啰，洋人是压轴大BOSS，本片则相反，先打几个洋人拳手，最后高潮戏打上海高富帅（哎，资本）。这说明在本片创作者们看来，此地的底层年轻人对于近在咫尺的“沪爷”“富哥”们的仇恨，已经超过了对于百年来一直被官方树为假想敌的“境外势力”的仇恨，即阶级仇恨超越了民族仇恨，成了新的“主流恨”。这可真是天长地久有时尽，此恨绵绵无绝期啊。"
力荐,233,因为我比较喜欢留白，所以当得知此片有第二部时（两年前）很不看好，第一部结尾处点到为止已经很完美了，出续集稍有差池就会画蛇添足，而纵观影史这种例子亦不在少数。可事实证明是我多虑了，他们团队不仅没割情怀，而且剧本、制作仍保持高水准，开分同样8.3，实属难得。出影院后立马就开始期待第三部，这完全可以当个系列拍下去，导演有这个实力和魄力。全片老爸只有一个镜头，没往他这倾斜是明智的选择。刻画现实栩栩如生，有燃有泪，最打动我的点有二，其一:资本玩弄凡人，网暴的易煽，面对巨人的“金色梦乡”般得无力；其二:骗家人过得很好，其实都心知肚明。打戏也过瘾，拳拳到肉，传统vs现代，紧张刺激，比ufc好看！最后翻盘准备收尾时响起的《无名的人》前奏是绝杀，第一个想到这点的真是天才！听到时整个人都酥软掉了，沉沦而后释然。
还行,10,这不还是中华有神功吗
力荐,24,呈现如此高难度的动作和场景，足以达到世界动画电影稀有级别的动作设计，更是做到了用国际语言表达传统文化。传统武术、江湖绝技，春风、野火，雄狮少年真正燃到了我！不妄我12月观影指南说要蹲个《雄狮少年2》！
较差,24,與其說是在講草根少年實現夢想，不如說是近年來，傳統武術的實戰能力被現代格鬥和搏擊從業者的“打假”揭露得體無完膚的背景下，傳武圈的一種自嗨式的自救；初出茅廬的功夫小將將泰拳、巴西等外國拳術大神相繼斬落馬下，又使得片中的傳武成為民族國家“文化自信”的象征物。影片對現代格鬥及其代言人的批判是高度道德化的：後者作為市場主體，被形塑為驕橫跋扈、唯利是圖且奢靡無度的臉譜化的反派，傳武從業者則心地純淨、生活樸素且勇於“揭弊”（現實中究竟是誰在打假誰？有趣）。這種修辭可以看作馬保國、雷雷等口中的“不講武德”，帶有鮮明民族主義傾向的文化政治，以及近幾年興起的對於“資本”的籠統批判的一種綜合。上集表現不佳的性別視角方面，女主角為完成亡父的心願毅然放棄國外的學業，回國繼續慘淡經營拳館，則仍屬於較為陳腐的性別修辭。
力荐,35,爆好看！爆好看！阿娟你一定要越来越好呀！你一定要做个普通却不普通的人呀！导演一定要拍第三部！我等你们！
较差,35,对这个系列彻底失望，重复的线性故事，几乎差不多的过往剧情，可以说是毫无新意。票房不好永远都是有原因的，因为你的故事就是烂！画面好有什么用？这不是一部动画电影应该做好的基本功吗？不要空口吹燃了！因为这都是二十年前玩烂的东西了。真的希望导演可以像电影里张瓦特所说的那样“传统功夫也要创新”，你们的剧本也要创新了
推荐,18,【B+】非常成熟，同样也非常类型：从第一个镜头开始沿袭前作风格化的手绘动画，再由旁白过渡至对白，并用一场商业表演完成从舞狮到武术的主题交接，叙事效率的体现。于是我们看见越来越娴熟的蒙太奇将故事高速推进，许多预想中会让节奏停滞的戏码在一个剪切点后便被自然带过，这是类型掌控力的体现。而决战闪回时老师傅们轮流上阵传授武学，却在第三段点穴介绍中被“格斗带拳套该怎么用”的提问给打断，为了回应这种尴尬局面，拳套便在剧情的要求下被击碎，这便是类型魔力的本源。而动画作为类型的存在必要性也在高度拟真的渲染下被反证，不只是那些“超越”真人影像的格斗运镜，还有小雨在飞机上的离别，窗外的整个城市都化作光影装置，只为点亮那一座摩天轮而存在。可能也是因为过于成熟，终究无法复刻第一部天台舞狮的惊艳，也许是类型的一种诅咒。
推荐,11,"虽然叙事难免落于窠臼，虽然细节部分仍须打磨（如网暴的时代错节、配乐的降级、正反派的简单对立），但整体仍相当好看，极具真实感的场景验证技术提升；因惮于励志叙事易滑向爽文模式，因而难免自动生成怀疑，而层层递进的文本显然精准把控了节奏，从第一场资格赛始，每场都形成一项策略——抗揍耐力、野草战术、腿功大招、前辈杀手锏，将成败的峰谷嵌合其间，跌宕起伏，升降开合，配合高潮段落的快速剪辑，的确生出一股浩然之气。
自然承接第一部，舞狮并未弃用，反而助力格斗，成为标记的记忆点（上场、顿悟、杀招），并融入传统武术大流，成为（现代）都市式微的一部分；而野草隐喻的芸芸众生，在逼仄的楼道，在讨薪失败或招工被打的雨天，仍在水泥森林的缝隙间倔强生长。"
力荐,54,很高兴能看到中国出现了一个真正懂得类型电影的导演。这样的续作，看似剧情线和前作完全脱钩，但却真正在方法和精神上都承继并突破。当失意和开始训练的第一幕很快结束，迅速进入本应是第三幕的比赛，我知道它一定会不同。
力荐,5,可太期待了
力荐,29,我也是有8分作品的编剧了
推荐,34,B+. 带着对任何“热血励志”叙事的天然质疑进入，最终还是在结尾被打动了。某种意义上，电影本身也和它的主角一样在踉跄中摸索：如何在现代商业化的规则体系（来自好莱坞的类型片语法）和传统文化精神（“去类型化”的写意美学与表达）之间寻找平衡？过于直给的对白、用力过猛的歌词，和对资本/草根二元对立的简化，都构成让人出戏的风险。但最后“决战”行云流水的调度和剪辑，又的的确确让情节递进和意象堆叠全部奏效，并在对先前伏笔的集中呼应里，完成工整而有力的闭环。在已高度类型化的体育片框架里，满树玉兰花开的瞬间仍然有令人惊颤的美，而这或许就是导演对这个问题的答案。
很差,73,豆瓣评分逐渐变得一文不值。
力荐,32,难得一见的现实主义动画片系列，值得五星。配乐比第一部略逊，但是白玉兰变成木棉花那一段太棒了。
推荐,19,看似第一部讲留守，第二部讲出走，实际上熔于一炉。铺陈野草遍地生、众人踩的现实图景，就在道破所谓宿命之余，明说这随处可生的不起眼之物，生命力顽强得令人一再惊诧，但奈何即使转生在更大的沃土，未必就能彻底逆天改命，甚至意味着，本质上总是牢笼当道，黑白难分。野草阿娟脚下的土壤变了，连根拔起后就几乎无从依傍背靠，故土赋予他的争气理念，要在更残酷的环境里，依旧贯通底层叙事的精气神，乃至逻辑。在如此完整的前作之后保持一脉相承，电影动用了一个看似险招的妙法，即让舞狮跟主角一同再度退居二线，然而在热血中略显悲壮的内核始终贯穿全局，发热发亮，并成就最为激燃的时刻，即野草要转变为野草背后的雄狮，而回落我们视野里的，是这苦海中翻起的小小甜头。微末至此，恳切如斯，继续守护便是。
推荐,41,摩天轮上可以看到拳馆，飞机上可以看到摩天轮，哪里可以看到我？外练筋骨皮，内练一口气，怎样才能练出自己？生如野草，被风吹被雨淋被挖掘机铲平了，还要努力生长。要变成风筝才能飞到高处，要能挨揍才能站上拳台。别人的石膏藏进拳套，我的石膏被扛在肩头。想变成野草背后的雄狮，却错过了成为少年。
推荐,249,技法非常纯熟，也有表达力度。全片最锋利又无力的镜头是挖土机摧毁那片最后的理想之地，将野草连根拔起，但野草精神已经联同信念之火熊熊燃烧。“求真武馆”俨然成了追问真相、反抗强压的象征，新闻记者的角色非常重要。导演孙海鹏已经将周星驰的《破坏之王》《功夫》吃透了。在动作场面、市井生活层面都有不俗呈现，“意象蒙太奇”很加分，野草丛生，木棉花盛开，少年再度炼化为城市中的雄狮。
推荐,13,第一部点燃的一群雄狮，在第二部落在了一个人身上。他却没有再点燃新的人群。不免有些遗憾。制作没啥可说的，加分。
