comment,province
前几天在局门路路边看到一家炸鸡咖啡店，听说是电影好东西的取景地，今天晚上溜达着去看了这部电影。不愧是众人推啊！真的很好看！一直都不喜欢把女性苦难化，什么被渣男渣离婚养娃太凄惨年龄大被职场歧视这种俗套剧情。电影里面三个不同年龄段的女性都又酷又飒。就像我们日常生活一样，虽然每个人都有小问题，但是又都在积极的生活着。铁梅和小叶还有小孩真的是彼此之间的救赎，女孩子们的感情真的只有女生能懂吧。最喜欢里面的一句话是：我拒绝绑架，所以相对自由！希望你我永远能大大方方做最真实的自己。#电影好东西#,上海
#电影好东西#跟室友约了一周的电影，今天终于看上了。,江西
#电影好东西#一直觉得不管女性主义电影拍的肤浅或深刻只要国内有女导演去拍去呈现女性主义咱们都应该去支持一下《好东西》整体轻松中又把很多女性主义基本观点串联进去真的让人很容易看进去虽然不深刻（拍深刻了在现今国内大环境也上映不了）但是可以作为很多人对女性主义的入门了解越支持越捧场这种类似电影将会有越来越多这样的女性主义导演和女性主义电影出现大环境多少也会改变一些但！觉醒女性意识第一步就应该把辱女脏话口头禅给戒掉无意讲出来也该给自己一巴掌永远切记不能再遵循父权结构下的辱女词汇,北京
#电影好东西#前面还行，像经典小品，后面乏味，让人打瞌睡。让九岁的小孩和三个脑回路不太正常的成年男人念一些女权台词，未免太刻意了，而且九岁的小孩不应该这么早熟，女主反复体验脏东西然后说自己是个好东西，女人不是玩物，男人也不是工具，男女对立只有坏处没有好处，这个世界少了男人也不会变得多美好，拿性别说事情真的太绝对了，只要是人，就会有败类，男女都会有，大部分女性观众的爽感都来源于剧情里贬低男性，如果你想做个独立女性，那么就请独立到底，别轻易爱上男性，又当又立真的很自讨没趣，整体是一个带有破碎感的故事，什么都想讲一讲，但细节上没有展开说明，归根结底这是社会原因，只有在好人的世界里才能看到好东西。,湖北
刚推荐张春[阿卡纳]的豆瓣动态：#电影好东西#里面，小叶给小孩放声音素材，小孩戴着耳机一边听一边猜：泥石流、龙卷风、海豚跃出水面……其实都是妈妈做家务的声音：掰开菜心、修水管、橘子滚下楼梯、抖衣服……小叶开心地边笑边给小孩播放。哇，我的泪瞬间流了满脸。我想，小叶举着收音的麦克跟在铁梅身边，她怀着怎样的深情在看铁梅呢？她温柔地看着她温柔地操持家务，而孩子听到这些温柔的声音，闭上眼睛，心里温柔地升起江河湖海，宇宙万物。当她知道答案的时候将会多么雀跃！妈妈好了不起！而好朋友小叶是个巫师！王茉莉这一生看到那些平凡的景象，都会想起这个魔法般的下午，想起这些瑰丽又真实的爱。《小王子》里的狐狸说：每当我看到金色的麦浪，就想起你金黄的头发，我就开始期待。而小孩看到松涛阵阵会想起妈妈淘米洗菜，看到妈妈擦地封快递，也有可能想到更远的风景。世界不是黑箱，它被坚实的爱和灵巧的心连接着。铁梅也会因为被小叶这样看见而感受到自己的双手一点点琐碎建造的生活是这样不凡。不凡到值得被精心采录下来，镶嵌到耳朵里，就像珠宝被镶嵌到金子中，就像花被叶子捧在手心。小叶那么好，每个人都应该爱她，不爱就是脑子有问题！（写着写着又哭了）而我们看过这个片段的观众，也会在庸常的生活里，偶尔想起“其实这很像一阵风”吧。也会因为这样的想象被如此这般描述，而存进自己的脑海，成为自己的一种体验，浪漫、温柔、爱意…这些词条得到了新的拓展。这就是创造者的能力，而我们普通人就享用这些创造。小孩说得对，做观众真的很好呀！来自@豆瓣AppO网页链接,浙江
#电影好东西#电影真的好好看：允许自己搞砸一些事情不必什么都做好,山东
好看好看推荐推荐#电影好东西#,北京
#电影好东西#年底最爱电影！,陕西
#好东西##电影好东西#看完电影好想生个自己的小孩啊。这个也不算讲男女对立的电影吧，现实生活中男女之间挺相互尊重的。无论如何这个电影拍的不错，幽默、流畅、有力量感！宋佳很飒，钟楚曦很美！最喜欢那句台词：“正是因为我们足够乐观和自信，才能直面悲剧。”让我想起来去年某人给我说的一句话：正因为你有能力跨越，这个考验才会降临。给自己鼓鼓劲，好好修复自己的小心灵。,河南
好东西真是好东西#电影好东西#,福建
#电影好东西#特别特别好看！,江苏
好看#电影好东西#,浙江
有被《好东西》治愈到#生活手记##日常碎碎念##电影好东西#,湖北
#电影好东西##宋佳人想得太多反而难成事#偷狗辣偷狗辣🐕@宋佳,广东
“正是因为我们足够乐观和自信，所以才可以直面悲剧”真正的乐观并不是无视那些不好的东西存在，而是直面过世间百态后仍然相信美好的存在。“好”并不是一种定义，而是一种无拘无束下生长出的令人渴望并追逐的美好。真的会被电影在幽默中传递的温暖和女性力量打动着。#电影好东西#,江西
#电影好东西#我也终于有空吃上好东西了！果然是好东西啊真好吃😋看完心里暖暖的都可以顶着夜风走路回家🥺,北京
#电影好东西#怎么才算好呢裁判是谁呢,重庆
#电影好东西#今天晚上看电影之前我过得非常不好，看完电影后开心了,福建
#电影好东西#电影的最后茉莉不敢上台躲在柜子里，有一个镜头是从柜子里向外拍的，就好像我也躲在柜子里，铁梅妈妈在鼓励我一样。我不必事事都好，搞砸了又怎样呢？《好东西》真的是年度最佳！好看！,河北
#电影好东西#🎦好看好看推荐！,辽宁
#电影好东西#,广东
#电影好东西#,陕西
好东西真是好东西#电影好东西#,湖南
当我看到《看不见的女性》这本书，被电影主创团队作为礼物抽奖时，难以名状的感动🥹，很难不安利#电影好东西#安利几本很适合入门女性主义的书，作为这个星球上被讨论的最多的性别，我们当然得了解自己的处境借用电影台词「我正直勇敢有阅读量，有什么可怜的」，都去看吧，去被拥抱🫂两小时,海南
好东西我的评分：#电影好东西#有意思看的很舒服,浙江
#电影好东西#我喜欢王茉莉和小叶玩辨声音时配的画面的这种电影手法。我喜欢地铁女士把王铁梅的头拉靠回来的画面。我喜欢饭桌上讨论的自然氛围，吃完饭出来跑去拉肚子很搞笑。赵又廷在电影中就是充当搞笑的，但是难以想象如果现实中真的遇见这种人😖宋佳真的好有魅力！真正看过王铁梅所有报道的人是王茉莉题外话：王茉莉和梅婷好像啊，特别是眼睛👀（我没求证过，但是知道梅婷女儿有演过电影。赌一把！我觉得王茉莉就是梅婷的孩子）,广东
通往新世界的门票，get#电影好东西#,湖北
#电影好东西#是好东西，推荐,浙江
好久没看到这么细腻的电影了，很好看。内心没那么大的戾气的时候很多地方能哈哈大笑。最近比较丧，白天还说没什么好期待的，晚上看了觉得还是期待下吧果然现代社会大家的烦恼都差不多啊ps：男女主都还挺有性张力的#电影好东西#,浙江
#电影好东西#超绝电影治愈我,辽宁
今天去看#电影好东西#啦好好看好好看后面和czy哭的稀里哗啦电影里面的选曲超好听！！,北京
一个人看电影是几级孤独啊#电影好东西#,山东
好东西确实是好东西#电影好东西#,山东
#电影好东西#小叶不是恋爱脑，我超喜欢她。推荐你们都去看《好东西》，虽然有一些被称之为金句的台词我不太喜欢，比如礼貌不会破坏氛围，不礼貌才会，有种为了这句台词强行安排了那段桥段的感觉。还有一些片段我也觉得过于刻意了，比如一群人围在一起讨论月经。但是，我很喜欢电影里塑造的两位女性角色，以及小朋友的角色。人之所以可爱，是因为不极端，宋佳可爱的地方是和小朋友说架子鼓不爱学不学拉到，爱干点啥干点啥，在被网暴之后能坦然说出有流量了，又在半夜看着恶评睡不着，哭着说自己不是一个好妈妈，强势的人拥有软肋，才尽显可爱。小叶看似是恋爱脑，但其实根本不是，能下意识说出自己已婚有个九岁小朋友，看似是要面子实际上就是很聪明，周五我不约了，这是什么恋爱脑？？恋爱脑只会默默伤心，说无论如何我会等你的。或者当场大发脾气，说你把我当傻子吗？胡医生也正是在她这通操作之后觉得她更酷更有魅力，当然胡医生是怎么想的一点不重要。如果她真的自杀我会很反感这个角色，但她确实只是因为睡不着觉，吃了安眠药。我也不赞同网友评价她“讨好型人格”，她只是在用自己的方式治愈自己和别人，在胡医生跟她表白的时候，我在思索导演想传输只要你认真投入海王总会上岸呢，还是即便你认真投入海王最多也就是更认真骗骗你，小叶拒绝的的时候，我明白了，导演想表达，不重要，重要的是勇敢去爱，勇敢去爱，你会不在乎结果。我太喜欢小叶了吧。她超级聪明，非常清醒。,河北
"好东西（不会抽烟的此刻想抽烟的观后感这部电影在点映时豆瓣开分很高，而且我也一向支持女性主义的影视作品，所以约可缘一起观影了。但是没有想到的是，整部影片的前五分之四吧，充斥着强烈的不适感，男性雄竞，女权表演艺术家，典型渣男的爱无能，让我完全不知道这部电影想要表达什么。王铁梅整个人物的行事做派，荒诞，充满标签。小叶的恋爱脑，粗枝大叶的敏感和强烈的同理心，都非常割裂。直至天台上，小叶对铁梅说她不需要更好了，铁梅也终于承认自己不是超人的那个镜头，我才看懂，这根本就不是女权，甚至是在剥离女权压在女性心理上的光环和枷锁。不是每个女性都要强大到什么事情都可以自己来，也不是每个女性都必要把男性当做工具，性别其实是可以淡化的。我对""小孩""这个称呼也一直很不习惯，也是到了片尾才理解，小孩是不带任何性别标签，不是男孩不是女孩，只是一个人在不成熟的时候的阶段，在没有准备好面对外面的风霜雨雪的时候。在柜子里的自己没有准备好的时候，可以不必要出去的，我们知道社会有很多不得已就好了。这里，又想起陈昊宇的那句""我们总会努力的""。看完电影是一种很奇怪的感觉，并不酣畅淋漓，憋闷，但也似乎看懂了，也似乎没看懂。#电影好东西#",广东
#电影好东西#一部在我已经抱有很高期待的情况下仍然远远超出我预期的作品今年看到过最好的电影值得二刷,北京
#电影好东西#好看中间有一度笑得我肚子疼,河北
#电影好东西#完成度很高，两个小时的内容节奏拿捏的恰到好处，本场最佳输出非小孩儿莫属！有被钟楚曦惊艳到，宋佳的前调查记者转型求生存和目前职业的塑造也很棒，不悬浮。邵导的梗抛的相当娴熟了，但又会让我有点怀念爱情神话里的“稚嫩”了,江苏
#电影好东西#今天感恩节诶，感恩有好东西这样的作品，带热了市场，也热烈了影迷的心！,北京
莎送的#电影好东西#票，很久没看过这么温暖的电影了，又哭又笑的两个小时，真的好看！看完电影收到真点的车轮泡芙开心又升级了！！！果然让你开心的就是好东西，爱和被爱是多么美好的事情啊，希望我们都不要被“规则”束缚，永远自由热烈,广东
前两天和阿龙去看了《好东西》真的是好东西非常好看我今年看过最好看的电影完全没有任何说教和煽情但有的点就是很让人感动这个电影里很好地展现了女性身上那种温暖善良和力量看得我又哭又笑非常推荐#电影好东西#,内蒙古
#电影好东西#包场看了好东西，一场电影看得我又哭又笑，幸好是包场，笑得很大声哭也不用藏着掖着。好看！强推！,浙江
小孩儿才是看过铁梅所有报道的人是了？（山西人的质疑语气）#电影好东西#,江苏
简单，是#电影好东西#,江西
看邵艺辉的电影，好像在浏览她的大脑，各种精灵古怪，倒不是惯性轻盈的问题，而是：为什么一定必须得是这个样子呢的执拗，✅，也是另外一种算法的执拗。从前总觉得审美决定电影上限，可现在觉得认知打破品相框架，以后的电影，希望是新的这样的游戏，那才足够好玩儿吧。#电影好东西#,山东
#电影好东西#好看也好笑！,湖南
#电影好东西#👍《好东西》👍很久没有看完一部电影心情这么好了，是我今年看过最舒适的电影,四川
#电影好东西#,江西
#电影好东西#去做个小孩儿～,山东
二刷电影好东西超话是谁要看到@邵艺辉我不说极限下班！一想到一会儿就可以见到邵导突然紧张，怎么办hhhhhh明明台上的是她#电影好东西#嘤嘤嘤第二次见导演了，这次主持人还是沙丹老师,北京
明明什么也没做就总是想犒劳犒劳自己-最近日常哈哈哈哈哈好东西真的好好看😻#电影好东西#,北京
好东西我的评分：#电影好东西#看哭n次，满屏幕的大实话哈哈哈哈，醒脑！！孩子是治愈我们生活的良药,山东
由于今年连续看了两部极其稀烂的电影，本来是不想浪费休息的时间去看的。但是朋友一说这是男生疯狂打低分的电影，立马就去看了。果然，很好看，瞬间今年被烂片打击的心立刻被治愈了#电影##电影好东西##治愈#,江苏
好东西真是好东西！很幸运在这个时间看了一部好作品或许我们能在生活中感受到种种，却总是表达不出来，有时就算心里已经在振臂高呼，却说不出来，不敢说。但在这个电影里总是能用生动的、特别的方式表现出来，有时也带着冒犯的艺术。这真是个好东西！#电影好东西#,四川
#电影好东西#宋佳简直帅的不行,内蒙古
邵导你怎么睡得着？三十多岁正是闯的年纪，下一部电影拍好了吗？下下部电影剧本写好了吗？下下下部电影构思好了吗？#电影好东西#,湖北
“不要轻易调侃男人，非要调侃，就只调侃其中成功的那部分”。某些男的太容易暴露自己是个loser了#电影好东西#,广东
我们只在乎在乎我们的人就好啦~肯练字的东西就是好东西~一起写起来#电影好东西##好东西##手写#,四川
怎么什么都要搞好呢？搞砸会砸到哪里去呢？裁判是谁呢？#电影好东西#,甘肃
啊啊啊！妈妈，铁梅负责的公号给我发消息啦！😭😭并且看到了我们的《一路到夏天》！有种孩子终于被更多人看到的感觉。（爆哭谁懂呀🥹，真的推荐给大家都来看！“我喜欢写战胜困难的女性。她们的胜利可能看似微不足道，但她们克服了重重困难。没有谁的生活卑微到不值一提。”——《一路到夏天》作者：菲奥娜·基德曼半个多世纪以来，菲奥娜·基德曼一本接一本地书写墨守成规的社会里一个又一个敢于流离、抵制主流规训的女性。现在，她八十三岁了，依然是个外柔内酷的女人。她的酷，在于她对世界的多样性充满好奇，在于她对写作充满激情。这本来自八十岁的她的短篇小说集让我们感受到她作为女性，对爱人、亲人和朋友的爱，也展现了写作本身的魅力：写作者应该做持久、包容、细致的观察者，信任文学对真实和虚构的表现力，让文学成为展现真实人性的最佳舞台。“亲爱的，你还有一生的时间去做想做的事。”太多形容人一生的词，你是我叙述不可缺少的部分。推开新西兰文学世界的广阔大门，聆听氤氲在夏日上空的绵长往事，一起《一路到夏天》！13个女性故事，4个爱情阶段，串联成一个个或许与你我深感共鸣，就在身边的故事，娓娓道来关于爱与生活。#电影好东西##铁梅书单#,上海
如果能让你开心，那就是好东西！#电影好东西#,内蒙古
听了「展开讲讲」与邵导的对谈，即使她反复说自己小时候是太原最快乐的小孩，但当她说到那些空气污染、和纽约的平行感时，那些「我为什么会在这里」的疑惑，底色实际是如此的悲凉。无论人物关系、对话台词、事件叙述多么轻巧，她的魔都宇宙里总是那么一群失意又独立的人。这一次，女性站在了男性前面，男性真正成为可爱的绿叶，虽然小孩不再幻想，但邵导作为女性创作者来说，仍在幻想中体会苦难。她睡不着，我也很难睡，生活还是平凡，冬季依旧寒冷，春天总会再来。#电影好东西#,上海
特别好看的，传达的很喜欢，很认同#电影好东西#,江苏
看完《好东西》出来感觉很快乐很满足甚至都忍不住蹦蹦跳跳，然后脚扯住了有点疼，外面真的好冷啊真冬天了这是，下班车流不息下学的孩子家长一堆又一堆。宋佳太美了太好看了太帅了小叶（钟楚曦）在舞台上真是美得发光，音乐也都好好听；母女相处上，小孩真是个很棒的孩子，唯一一次泪目是小孩上台那里，以及最后最后的“回旋镖”。人生除了爱情我们还有很多别的重要事情，我永远爱女子力量，不同的女子力量。#电影好东西#,浙江
repo#电影好东西#零零碎碎地写了写我感触比较深的几点，总之很喜欢很喜欢这部电影，也很喜欢参演的几位演员，以及导演@邵艺辉，是和爱情神话一样令人惊喜的作品！关于女/权和女性议题：看完这个电影，彻底明白了关于女权为什么要在荧幕上被讨论。在这部电影中刻意使用了女权相关或者女权议题相关的词汇，都是出现在电影中幽默诙谐的场景中。我曾经会觉得这样做有些生硬，尤其是看芭比的时候，但是我看完这部电影，我突然意识到，只有把这些话被拿到电影上，才可以被更多人听到，这些词才不会永远被定义为生僻词出现在语境里面。关于“小孩儿”：看到一半的时候不理解为什么把女主的女儿称之为小孩儿，直到看到她登上舞台的那个镜头：两个女主站在那个小小的身影背后，逆着光、迎着光，将小孩儿送上了舞台。“小孩儿”不仅仅是女主的孩子，是铁梅，也是小叶，她们把小孩儿当成自己重新养了一遍。小孩儿可以是我们所有人。关于最喜欢的镜头：1、小叶接小孩放学，小孩在学校受了委屈不想回家。虽然小孩没说什么，但小叶敏锐地察觉出来，然后主动带她去了乐队排练室。下一刻镜头一转，小叶在台上唱歌，小孩目不转睛地在台下看。小叶就像童年里缺失的“姐姐”，魔法般降临，魔法般地能听到心声，魔法般地带走小孩的一切烦恼。2、那一段蒙太奇式的音乐与铁梅的切换。女儿稚嫩的猜测着自然界的万物，而那些很庞大、很遥远的东西，又在下一秒变成生活里最微小的细节。妈妈像自然一样强大，撑起了女儿的世界。关于上海：这部电影一看就在上海。街头的路人、小巷、植物，还有乐队，一切都是新鲜的、活人的、自由的。很上海。很喜欢。关于教育：起初大人们想开发小孩对音乐的热爱，他们对她兴趣爱好的启蒙没有基于女孩应该怎么喜欢什么、女孩应该迎合什么，而是让她自己去打鼓、去听音乐，去感知音乐世界。当然这个过程中有争吵，争吵体现了新与旧教育观念的冲突，但最后的结果是美好的、理想的。关于女人们：这部电影里的主角是妈妈，是女儿，是姐姐，是沪漂的单身女性，大家互相支持着彼此，让我在电影院中无数次落泪。在现实里作为女性无数个被忽视的、失落的与不被理解的瞬间，在这部电影里被温柔地抚摸，被温柔地填补了那些缺失的、但又不可或缺的爱。特别美好和令人感动。关于男人们：特别喜欢前夫的角色，电影里发出爆笑的几次全部是因为他的剧情。能以这样轻松有趣的视角把男人融入女性议题非常舒适和谐。,中国澳门
看完好东西，身心舒畅，感觉有使不完的牛劲#电影好东西#,湖南
我也觉得男人很好玩，有时也很有用，但如果是要一起生活的话，还是女人和女人更快乐。#电影好东西#,广东
今年看过内地最棒的女性电影。看完心绪万千，却不知从何说起。主题立意太过庞大，提笔放下，再提笔。走出影院就遇到一整套架子鼓，记得电影里面小女孩茉莉大喊：我想学打鼓但我不打拳！不打拳！(也是导演想对所有观众讲的：电影并不女权。只是憧憬电影放完能不能引起大众新的思考，能否在现实世界建立起新的规则？·小叶、铁梅和茉莉：最让人羡慕的新型“女女共育”模式。·小孩子猜声音素材那段，是最温柔、浪漫美好的段落。·“我正直勇敢有阅读量，我有什么好可怜的！”·礼貌不会打断兴致，不礼貌才会。”·铁梅：我也让他尝尝被跟踪是什么滋味！梅婷女儿快快演得很棒！表演自然不做作，台词口齿清晰！钟跟影后小宋佳对戏竟也不差我刮目相看。作为男性能够参演这样一部女性电影，章宇和赵又廷我respect🫡全片爽点太多，只可意会不可言传以及片中宋佳多次上身的barbour外套我也有lucky！！#movie##电影##电影好东西#,上海
#电影好东西#真的好好看啊！！！我已经很久没在电影院笑出声和流眼泪了，这部电影神奇般地都做到了！！！！,广东
#电影好东西#赵Mark和章宇这一顿输出太搞笑了,江苏
要一直做个小孩儿哦#电影好东西#,四川
#电影好东西#好东西,山东
感恩节小聚绿洲OASIS🌴更新餐具与出餐形式🍽️更丰富更有性价比👅#微博火锅节##火锅必备好物##电影好东西#,河南
爱需要尊重#电影好东西##女性##爱情#L国货美出圈的微博视频,北京
#电影好东西#Herstory💌,江西
想看这个电影#电影好东西#,四川
#电影好东西#做人留一线，日后好相见！Lcp少女的日常的微博视频,天津
#电影好东西#好东西！！！真正的好东西！！,陕西
早上单位开廉政会，提到一点，人➡️医生➡️外科医生➡️整形外科医生。我们首先是人，再成为医生，因此能理解、能同情、能将心比心。其次我们是外科医生，治疗疾病、处置病人，一切遵循外科原则。最后我们才是整形外科医生，既能雪中送炭，亦能锦上添花。下班去看了#电影好东西#，人➡️女人➡️女儿➡️母亲。我们首先是人，然后是女人。希望大众能跨越性别的鸿沟，理解女性、尊重女性。再成为女儿，最后成为母亲。好母亲的标准到底是什么？哪有母亲不爱自己的孩子？上野千鹤子的《看不见的女性》持续在影片中刷成亮点。又想到最近在读的《素食者》，韩女的作品真的让人又窒息又压抑，女性意识的觉醒是一场多么艰辛的旅程。好久没去电影院了，一个笑中带泪的电影引出了我的话唠。,北京
#电影好东西#双平台对《好东西》的票房落点预测都超过6亿了！期待继续上调！这是对那些唯票房论的人最好的回应。#佳片奇遇季##脆评影市#,江苏
女性导演的灵魂在电影里得到了充分释放很好看#电影好东西#,陕西
#电影好东西#好巧不巧，两个女主的经历我都有点体会。软件上的胡医生也不只存在于上海。,四川
全世界的人都给我去看好东西达成今年三刷成就✌️#电影好东西#是超可爱的小东西！,北京
好东西我的评分：#电影好东西#好电影，刚刚看完,重庆
有网友说，葛夕就是小叶#再见爱人##电影好东西##钟楚曦#,广东
婧谊_上海1201活动来啦这次我们聊点新鲜的，本期活动主题策划团队用了很多心力终于落地。话语不只是是表达，更是社会规则权力场域的利器。正如电影《好东西》所讲，不能因为害怕就不上台，我们可以搭建不同的舞台，我们可以创造新的游戏规则。本次活动邀请各行各业的女性参加，不限女律师身份，欢迎大家找我报名。#电影好东西#,上海
爱你，我亲爱的自己#电影好东西##记录生活#,湖北
#电影好东西#章宇分享很喜欢小马这个角色，现在很缺少像小马一样温柔的、不用展示男性力量的男性角色，并没有感觉被冒犯。L剧不少说的微博视频,天津
#来自杭妹的艺条日推#🎬豆瓣9.1高分！国产电影《好东西》，导演邵艺辉继《爱情神话》后的女性主义新作。被称“中国的《芭比》”，却提供更珍贵本土叙事，让人二刷仍期待三刷。《好东西》究竟有何魅力？一起走进这个世界一探究竟。#电影好东西#（🎵电影好东西）L杭州校园的微博视频,
#电影好东西#,浙江
不只是笑中有泪是泪中有笑#电影好东西#,广东
#电影好东西#我想2刷,福建
好看#电影好东西#,湖南
这位打鼓的“小孩”也来找你玩了。#电影好东西#,北京
《好东西》-看《好东西》的那个夜晚，是十点后，商场的店铺都打烊了，周围全是居民楼，住户以拖家带口的家庭人士居多，深刻程度高于爆米花片的电影，在这个时间段都是没有观众的，我如预期中一个人包场了一个大型放映厅。深夜电影最怕无聊，或节奏慢，那样会有大量的空闲注意力放在周围的黑暗中，觉得恐惧。但《好东西》真是好东西，节奏很合适，信息点比较密集，源源不断地有新的信息吸引着我，令人不忍分神滑手机，甚至中途很多处都让我笑出声。一个人的时候，一般不会笑出声的。但在影院看《好东西》时，会情不自禁的。很多时候，电影的叙事，能让人很轻松地归纳出一个主线梗概，所有的对白也好，情节也好，都只是为了去完成一个故事的起承转合，最后我们评价其是一个有意思或无趣的故事。但《好东西》这部电影，不能简单地归纳主线梗概，那样会丧失95%的风味。这部电影就像我们的日常生活。并没有什么大起大合，只是在不断地发生一些看似不温不火的琐事。这些琐事像树的藤蔓缠绕着我们，找不到挣脱的办法。只好不停地总结、反思，被自己的总结、反思驱使着做出很多很多行动，但那些行动都像是鬼打墙似的，还是在重复自己的过去，并没有实现什么真正的突破。但最后，有没有真正的突破呢？答案是没有。阶段性突破，看似顿悟了，一段时间后又回回道原来的那种循环。毕竟个人的思辨、个人的意识、个人的行动，能量如烛火，太微弱了。一部有趣的影片，会让人喜欢上一些原本经常刷到但无感的人。我开始有点喜欢宋佳了。她看上去就很聪明。演的铁梅这个角色，很有力量，她有解决万物的魄力，勇得很，工作做得好，对孩子的教育也做得好，像一只很有分量的秤砣，有她在，虽然有隐隐的威压，但可以相信什么都会稳的。我也有点喜欢钟楚曦，先前对她的印象是，一位模糊的大美女。但是她在《好东西》里的这个角色很可爱，缺爱不自知，虽然每天都在给自己洗脑，追寻莫名其妙的恋爱，为了恋爱根本不计较什么自尊。乍看会觉得这种人漂亮无脑，但再多想想就会发现，这种人其实也很厉害，她100%忠诚于自己的感觉，不虚伪，不端着，是个非常好的朋友。钟楚曦演得很可爱。最喜欢的是快快。本身梅婷我就很喜欢了，《父母爱情》、《新结婚时代》、《香樟树》、《海洋馆的约会》、《让爱重来》她的戏我几乎是从小学看到现在，当年她带快快参加的综艺《妈妈是超人》也追了，没想到快快居然这么早就展现出了过人表演天分，是星二代中难能可贵的祖师爷赏饭。这部电影的对白超级多，话特别密，但不是车轱辘话那种，思考含量很高，就像是好朋友之间的或愉快或激烈的讨论，是可以带着脑子去听的那种。整体看下来，整个人的感觉很愉快。12点走出电影院时，没有那种疲惫的感觉，心情是雀跃的。在如今这种环境下，电影院不断地重映经典炒冷饭，还能有一部如此真诚不做作的电影，很难得。感谢主创们的勇气。#电影好东西##佳片奇遇季##大v荐电影##好东西邀请你来创作周边#,广东
正因为我们足够乐观和自信，才能直面悲观#电影好东西#正直勇敢有阅读量，我才不可怜,安徽
#电影好东西#编剧是戏剧大会或者脱口秀的编辑嘛第一次很自在的一个人看电影的感觉太棒啦。就是被diss了,福建
#电影好东西#这个电影不只是故事真实，它是真实关注女性的生活和情感。有思考，有主张，有态度。电影的表达也很艺术，演员也都很会表演。女演员男演员老演员小演员都很恰当，二刷支持！,辽宁
周三等到一个好电影，#电影推荐#好东西，真不错一个电影。每个人和每个角色都很舒服啊。从小保安各种小配角到三男三女所有人都演的好有感觉。台词也好。很轻松很放松又很密集的台词节奏把整个电影一气呵成的看完了。可以二刷。电影传达的东西也是好东西。看完还想说，导演应该对毛衣情有独钟，很多。#电影好东西#钟楚曦今年两个好电影，一个从21世纪成功逃离，一个好东西。都很赞。,广东
《好东西》上映不到一周，已实现票房口碑双丰收，片中饰演王铁梅的@宋佳，也实打实地又收获了一票粉丝。路演现场，有观众甚至情不自禁地喊话：“宋佳老师！你可以做我妈妈吗？”宋佳曾11次登上《InStyle优家画报》的封面，我们也见证了“小花”一路以来的成长。银幕中的王铁梅开朗又能干，现实中与宋佳相处，也会发现她是大方直爽的“快乐小狗”性格，充满温暖强大的女性魅力。30%的酷，30%的明亮，30%的飒爽，再加上10%的高配得感，组成了宋佳的100%轻盈——或许，这正是为什么她能源源不断地给出“好东西”。电影好东西超话#电影好东西#O《好东西》里的宋佳，就是“天选”王铁梅,
#电影好东西#最近总能刷到《好东西》的各种影评，无一例外都在挑动两性对立。就跟当初《坠落的审判》处境一样。以前没人在乎丹尼尔，现在也没人关心王茉莉。能在这种环境下成长的孩子敏感却坚强难道不是更值得深思的话题吗？如果你觉得王茉莉成长环境不差，那我只能说王铁梅也没啥可标榜的。一群大人最后能被个孩子教育，还不够证明有多疯吗？,辽宁
和安爸下午的约会第三趴，包场看了最近博主间好评连连的《好东西》。#电影好东西#这个电影看的我又哭又笑的，我笑点低，可以说一路笑到底，看我笑也成了安爸一个看点电影整体的主题立意很正，跟她的镜头一样正。为啥说和镜头一样正呢？因为电影的画面总是非常对称当两个人均匀分布在镜头两端的时候，不必多说，意味着要开始聊天了，立意要升华了。单亲妈妈，家暴的爸爸，从小失去妈妈的孩子，从来不鼓励孩子的妈妈，吃软饭的爸爸，家校教育，目前育儿单元里可能出现的矛盾点可以说都提到了。💫电影有两个点让我印象非常深刻，也是落泪的点：一个是在天台上，铁梅和曾经抑郁的小叶说，你需要有人和你说对不起。那一刻我的眼泪真的绷不住，是的，很多抑郁的人就是因为太善良，太为他人考虑，总是在和别人说对不起，反思自己，把他人的感受放在第一位，自己的情绪放在最后，其实ta也需要关心，也需要一句“对不起”。还有一个是小孩上台打鼓🥁的时候，看到她上台坐在架子鼓旁，再看铁梅，好像看到了舞台上的安姐和台下的我。而让我有泪点的地方在于学校和舞台场景的切换。这里我是这么理解的，学校仅仅是生命中小小的一个单元，只要我们敢想敢做，总会有我们的舞台。就好像安安在学校可能争取不到什么机会，但是昨天晚上她的古筝老师和我商量要给她单独录一个MV，因为老师觉得她表现力非常好。当我们在某个角落失意的时候，没关系，那只是我们生命的一个角落而已，我们都会找到属于自己的舞台，小小的我们在自己的舞台里闪闪发光。生活是一个阶段一个阶段的，只要我们相信，一定会好的。,浙江
#电影好东西#真tm好看（电影人物语气,湖北
#电影好东西#,山西
好看#电影好东西#女伴在旁边拍打着我雄壮的肱二头肌笑的花枝乱颤,山西
#恩熹电影##电影好东西##好东西#好胸肌,中国香港
二刷好东西#电影好东西#,河南
#电影好东西#同一天连着看了两场电影，两位导演都来自山西。两部电影都是关于女人的故事，电影里的男人都是靠不住的，最后女人们都没有选择和男人一起生活，而是奔向了未知的远方。不同的是在贾樟柯的电影《风流一代》中女人是失语的，赵涛饰演的巧巧从头到尾都没有说过一句话，不管是在大时代面前，还是小事件面前，不管是在历史中，还是在生活中，她都是失语的。失语既是电影有意为之，也是历史上女人的一种真实处境。而在邵艺辉的电影《好东西》中女人一直在说话，从头到尾说个不停。从这个意义上来说，世界变了，时代变了，女人变了。可能男人还在停滞不前，女人已经大踏步往前走了。女人已经走出了失语的处境，能够开口说话，更重要的是有人在听她说话，而且听懂了她在说什么，看见了她在做什么。被听到，被看见，是对一个女人最基本的尊重。逼疯一个女人，也是从她不被看见，不被听到开始的。《好东西》完全是一部女性视角的电影，它所处理的都是当下女性最关注的社会议题。这也是这部电影广受好评，在女性观众中引起现象级讨论的原因。O电影《好东西》：一部行走的金句制造机,天津
所有人都给我去看《好东西》，好吗好的#电影好东西#,广东
人生本就一地鸡毛总有需要被治愈的时候哪怕一句话一个拥抱#电影好东西#,海南
好东西我的评分：#电影好东西#🌟总体评价：很真实的表达了一些观点喜欢最后也没交代关于王铁梅恶意评论的后续，真的生活中有很多你以为很难过，觉得过不去的坎儿，大多数最后都不了了之，没有happyending，也没有过不去，就生活继续，周而复始…“毛姆曾经说过，我们用尽了全力，也许只是度过了平凡的一生。”就平凡的一生啊，就怎样都是平凡的一生～Livehouse那段有被钟楚曦帅到～,河南
#电影好东西#已阅。电影本身没有那么神乎其神，但观影感受很神奇。在工作日的下午，走进电影院，看一部服务女性的电影，而且整个厅全是女性，笑点和槽点都出奇的一致，这将近两个小时的体验不要太棒。,江西
刚看完《好东西》，我坐在影院的沙发里，好温暖，好舒服，好开心。就算天气很冷，但是还是觉得来值了。一直很喜欢宋佳老师，第一次认识她好像是在《一年级》的一个综艺里，当时她给幼儿园的孩子们扎头发，感觉这个姐姐好温暖。一开始就是想在大荧幕上看看宋佳老师，电影看完之后感觉其他演员也好棒！钟楚曦从楼梯上摔下来那一小节感觉太疼了，非常敬业。有很多情节忍不住要拍手叫绝，真的是一部《好东西》#电影##电影好东西#,上海
请在以下图片中找到全马，半马，马易，主编，以及蒋易🙃#不讨好的勇气##电影好东西#,广东
#电影好东西#到底好不好看,山东
我正直勇敢有阅读量，我有什么可怜的！#电影好东西#,广东
当时看到这一幕的时候悄悄跟朋友嘀咕了一句“应该是疫情后的囤积癖”还有那段铁梅领着女孩从街边唱歌的人群中穿过，唱的是《明天会更好》，立刻击中我的泪点，想起疫情开放那一年看到的视频，到现在我每每觉得生活坠落到低谷时仍会拿出来再听一遍。#电影好东西#,河北
#电影好东西#胡医生说完那句“爱我便是”，影院里想起了一声清脆的yue，我觉得很合时宜。。。,湖南
刷了好多贴发现大家都很喜欢铁梅跟小叶的彼此影响以及绝妙的声音蒙太奇导演提起这部分也是一脸自豪😎但很少人提到让我直接眼泪喷射出来的桥段是小孩真挚地对小叶说「我喜欢你的眼睛你怎么看我都行」（上周日看的正确性不保证）小孩就是小叶最好的朋友#电影好东西#好东西,广东
好东西电影同款西太后烟灰缸来喽！喜欢的可以滴滴我哦～#电影好东西##viviennewestwood##西太后#,江苏
《好东西》好看，超出预期的好看！小叶和王铁梅互相觉得，你怎么好，那个男的配不上你呀。然后在调侃间轻轻发出的小疑问：那我们该配什么？铁梅说配把机关枪。#电影好东西#,海南
#电影好东西#今天上午去看的，去看之前没看预告片没看任何物料，是被电影的名字吸引的，看完电影真心的想说超级好看很棒的电影，看过那么多关于女性的电影，这部真的是我心中最佳，特别是里面的台词我也好喜欢，希望更多的人去看这部电影，我会二刷的,河南
我宣布，这是2024年最不容错过的一部女性电影。#好东西##电影好东西#L燃爆视界的微博视频,北京
#电影好东西#印象最深刻的一句台词：“气氛不会被礼貌破坏，只会被不礼貌破坏。”,浙江
好东西我的评分：#电影好东西#目前而言可能还是乌托邦吧，但是至少让那些没被看到的被看见了，希望有一天，不管是女性主角还是男性主角，秉承着一样的性格特点面对同样的困境，一路看下来让人不会有任何的反直觉不适感，那时就是真正的平权了吧，那可真是个好东西。,北京
#在美图秀秀的N种追星姿势##电影好东西#@美图秀秀,广西
回忆过去是油腻的开始#电影好东西#,陕西
#好东西##电影好东西#💌导演专访铁梅小叶小孩才是三口之家😂｜LLOVESONG丨宋佳的微博视频,广东
#电影好东西#好看好看真好看！！！好久没看到这么好老的电影了！！！,山东
好东西我的评分：#电影好东西#前期感叹编剧才华横溢金句频出，梗也很新，对于高度上网的人来说不会觉得梗很烂俗。中间有一段特别喜欢，小孩在录音室里听各种声音，妈妈在家里做家务的各种声音契合。一系列家务做好光看我都觉得累，以我目前未婚无小孩有点闲钱的情况下，我每次打扫卫生需要天时地利人合，不能来大姨妈不能心情不好不能太累需要心情好最好晚上能奖励自己的事情我才能一口气收拾好一猫一狗两人共同居住的家，如果时机不成熟我只好掏个180请个保洁代劳说实话我的金钱观里算不必要花费。打扫卫生是女人的常态，做饭更不必说了对于我来说做饭不是什么有趣的事，常常油烟味满头做好后收拾残局，两件事加在一起是一个妈妈的日常更别说上班带孩子了，如果是我每天怎么活都要哄自己八百遍。电影有很好的立意，讨论了时下最热门最对立的话题，女权，卫生巾，月经，女性对性的理解与需求，社会对女孩的刻板印象以及原生家庭。我个人觉得观点太多有种说教的感觉，电影后半段后劲不足，观点都很浅很俗，宋佳很帅不得不夸，她骂人那段我被骂爽了（骚瑞）不过在男女对立很激烈的网络时代，电影借片中的角色输出观点很难得，坏的结果就是网上那群人越吵越厉害，好的影响是给不关注的人灌输一些新的观点也还不错。最后我想说电影现在基本模式都是起因，经过，结果主体升华，我很讨厌像在看模范作文500篇。,江苏
《好东西》胡医生饰演者任彬评论区😂😂😂#好东西##电影好东西##佳片奇遇季#,北京
#电影好东西#王铁梅，全世界最牛逼的妈妈小叶，全世界最可爱的女孩王茉莉，全世界最棒的小孩好东西，真的是好东西,黑龙江
昨天网上买书，看到波伏娃的书里有一本叫《要焚毁萨德吗？》，我还在思索，她怎么知道的萨德计划。搜了一下，是个人，sm一词的s就是来源于这个法国作家，我有点儿好奇了，怎么着考完了我要一读究竟。然后昨天线上逛街看到了一个新疆ver.好东西，真的太有感触了，笑的人嘴疼。还是呼吁去看《好东西》，好东西真的太好了。#电影好东西##奇怪的知识又增加了#,新疆
#电影好东西#最喜欢的片段是这里还有后面那个,广东
怎么这么好#电影好东西#,广东
颜怡颜悦x邵艺辉：成为喜剧大师的开门弟子（？）《正常故事》分享会part2#正常故事##电影好东西#L颜怡颜悦的微博视频,上海
发布了头条文章：《了解邵艺辉，更懂《好东西》》#电影好东西#O了解邵艺辉，更懂《好东西》,云南
#电影好东西#台词设计得太有意思了像生活，但又不是生活有思考有探讨欲言该又止的浅尝该辄止的都没止，爽,陕西
#电影好东西#果然是好东西,吉林
昨天看了#电影好东西#，觉得宋佳说的真tm对！别太把男人当回事，不然就会受伤。,江西
《好东西》观后感（无剧透版）这部电影给我的感觉像一本书，没有像常规电影一样给你讲一个强冲击感的故事，它是以一种很轻盈的方式说一种很重的东西。电影打动我的是导演本人，看了几个她的采访，温柔平和的一个91年的女孩子。她本人说：“因为我声音小，性格软弱，也没有什么气场，同时我很害怕跟人冲突，所以我觉得实在不适合做导演。虽然没有人打压我，但我自己就会打压自己，我不假思索的觉得自己应该做编剧，因为我没有看到更多女导演的模版。”就是因为这段发言，让我觉得这部电影是值得看的。因为它的存在告诉我们：并不是只有性格强大的人才能完成某件事，并不需要把自己搞的十全十美才有资格去做。这样的导演拍出了电影比电影本身的立意，更让我喜欢。另外我的好朋友告诉我，导演很喜欢金斯伯格，电影结尾有宋佳cos金斯伯格的画面，我很喜欢。不是因为我喜欢金斯伯格，是因为导演喜欢，并且导演把自己喜欢的，放在了自己拍的电影里，我替导演感觉很爽。《好东西》电影本身分歧很多，我是欣赏那一派的。作为玄学工作者，进入我生活的任何信息，都是能量的载体，没有十全十美的人事物，电影也是，它是好是烂取决于你选择拿什么能量进入你自己。很多电影是以解决故事里的问题来结尾，让人有很强烈的完美爽感。但真实的生活没有那么多完美，解决所有问题是很难的。好东西电影的内容：所有的事情都在进行、进展、而不是解决，这才是真实的生活。最后以导演6年前发的微博结尾：“什么时候会觉得很生别人气同时又在憎恨自己”#电影好东西#,吉林
第一次如此强烈的在某乎感受到认知的参差多好的电影啊#电影好东西#,江苏
难得的不用加班约会day#电影好东西#好看的电影！中间精彩的环节影院里大笑到鼓掌又在不经意间戳动人心悄悄流下几滴泪,广东
#电影好东西#好好看！宋佳太酷了，心动！爱情的心动！钟楚曦每套穿搭都在我的点上强烈安利！,辽宁
王茉莉最终没有喜欢打鼓。在电影高潮部分，茉莉帅气地在表演完一套鼓后，画面切换，她捧着作业本站在讲台上时，我静静地等她开口，等她说出“我最喜欢的事是打鼓”，这好像是理所当然的情节发展，然而她没有，她说：“我最喜欢的事是写作”，那一瞬间我觉得自己就是个大俗人。许多故事里，主角都是找到了自己毕生热爱的事业然后为之付出一切，我以为在万众瞩目的主角叙事光环里，茉莉会成长为一个优秀的女鼓手，再不济，至少应该替代张家新在学校乐队鼓手位置，让观众解解气。可是她很爽快地承认打鼓不是自己最喜欢的，也坦然地说到写作也只是现在最喜欢的事，她很轻松地把自己投入大量时间和精力的爱好视作一种体验而已，并不执着。有多少人可以这样地诚实面对自己的真心呢？反观我自己，现在的我依旧处于自我意识过剩的时期，把“我要和别人不一样”视做人生重要的课题，如果让我站在那个讲台上，我肯定会违心地夸夸其词这个爱好，因为酷，因为小众，因为特别。我甚至会把自己的那份虚假的喜欢描述的天花乱坠，我已经可以想象到我是怎样一副嘴脸。小时候，我总是在作文里杜撰起伏的情节和故事，在某些地方强行插入抄来的不合时宜的好词好句，在文章开头故作高深地写下一句看似很有哲理，实际不明所以的题记。我学生时代的作文大多是这样产生的，现在看来有些虚伪做作，但在当时很受所有语文老师的喜爱，他们给我打高分，在课堂上把我的作文当范文朗读，我也因此受到了某种鼓舞和激励，愈发变本加厉。现在回头看，我的那些作文里，鲜有真情实感，在写作这么神圣的一件事里，我很少对自己诚实，发展到后来，我在写给自己看的日记里，也会刻意去美化自己的心得体会，强行忽略某些阴暗的想法。我理解了为什么老师给茉莉的作文打了高分，其实这篇作文很朴实，没有什么惊艳的词汇或者句子，但它就是很真诚，真诚的东西总是最能打动人的，这种力量可以越过笔尖，穿透纸张，抵达心灵。观影途中，我流下了好几次眼泪，我看到了许多悲伤的隐喻，是我们共同要面对的处境和依旧没有消失的困惑，但是这部影片仍然给了我一些勇气和温暖，我想，成长本身并不会真的让我失去什么，我还是有得选的，至少从此刻开始，我可以选择对自己更诚实，更勇敢一点。故事的结尾，是她们拉着行李箱，生机勃勃地去往自由的新世界，那并不是什么平行宇宙，而是和你，和我，和我们在同一个时空里。@邵艺辉@电影好东西#电影好东西#,浙江
好东西真是好东西我想只有这样正直勇敢有阅读量的的女性导演，才能找到如此细腻的细节镜头，才能使用如此平淡又真实的叙事手法。这样说不够直观，讲几次让我掉眼泪的时机。1.普普通通做家务的声音，在小孩的耳机里被想象成雷雨龙卷风河马海豚这样充满童趣与自然的景象。一下get为何有人从此出想到：是谁来自山川湖海，却囿于厨房与爱。2.小孩忽闪着无辜的大眼睛对小叶说：你的眼睛很大很漂亮，我很喜欢，你可以一直看着我。这句话一出来我眼泪，就跟装满水的气球被针扎破一样。对敏感缺爱甚至有些讨好型人格的小叶而言，她为明显畸形的感情和不值得的男人浪费感情精力时间，不过就是为了这样一句随口而出的夸奖与赞美。3.小叶为了安慰争吵的母女，疯狂将问题往自己身上揽，被小孩骂了还要说怪自己没有做好榜样。那时与她对话的其实已经是童年的自己，童年的母亲。4.小孩上台演出结束后在作文中写，自己并没有因为上台打鼓而感到真正的快乐和成就感，意识到可能自己还是更适合做一个台下鼓掌的观众。我心疼小叶，崇拜铁梅，但是超级喜欢三观“独特”的小孩。她让我觉着不是一定积极乐观干劲十足成绩斐然，才是精彩的人生。而在我心里埋藏了很久的这个观念终于有人在大屏幕上讲了出来。于有些人而言，正是因为足够乐观与自信，才敢于面对悲剧。于我而言，正是因为足够的悲观与消极，生命中的快乐才弥足珍贵。#电影好东西#,陕西
邵导谈及王铁梅与王茉莉的母女情深，真是幸运能拥有妈妈无条件的爱！#邵艺辉##电影好东西##好东西#L娱生不打烊的微博视频,北京
宋佳超话“领笑员”王铁梅来啦🐛看王铁梅@宋佳在片场的“开心果”时刻，享受“梅”烦恼的快乐人生～😆#电影好东西#L宋佳工作室的微博视频,北京
月经有什么见不得人的，世界上有一半的人都流血呢！磕头的声音不对，反击的声音才对我都跟父权决裂了，怎么会是loser？你的眼睛很美很亮，我喜欢你看我。你们干嘛呢，女权表演艺术家？气氛不会被礼貌破坏，只会被不礼貌破坏。——你会有勇气有动力去追求真正的自由。——我可以吗？——有我陪你呀！我正直勇敢有阅读量，我可怜什么为什么就不能搞砸？又能糟到哪去呢？那我们不要玩他们的游戏了。总要有人和你说声对不起。如果你没有准备好，你可以晚一点再面对，好吗？做个小孩儿！！！那些眼泪和拥抱，让我们长出新的血肉。我喜欢做观众。叫小孩的小孩翻译叫momo献给每个小孩和每个momo正是因为我们足够乐观和自信，才可以直面悲剧。#电影好东西#二刷《好东西》了！很爱！今年最爱的电影！ps：我什么时候能出国看我最喜欢的歌手泰勒斯威夫特的演唱会啊！,云南
#电影好东西#哄着自己开心就完了怎么开心怎么整！,天津
电影好东西超话刚整理了几本王铁梅和小叶的同人文!吃饭啦！吃饭啦！太太们真的蛮会写！《不见幻想》《莫问谎言》《熟悉的她》太太们的原文莲接我放楼下哈#电影好东西##钟楚曦##宋佳#,山西
蒋易平时在众和集团欺负下属，周末去女子东西帮扶同事。张弛白天上班帮兄弟，晚上带着美甲去无条件投降乐队继续帮兄弟。孔连顺开着脱口秀俱乐部，还兼职女子南北每天阴阳怪气。你们咋这么厉害#不讨好的勇气##电影好东西#,北京
祝我们都正直勇敢有阅读量#电影好东西#,山东
#电影好东西#真的特别特别特别好看！！很真实的感受到了女性受到的很多束缚，做一个内核强大的女人实在不容易,北京
#电影好东西#好东西真的是好东西[锦鲤附体]，整部电影像潺潺流水，看得人很舒服。最喜欢的台词是“我会等你们长大，建立一个新的游戏”。小叶在王铁梅和王茉莉吵架时候说“都怪我”的时候，好心疼，且能够代入。看完有个很纯朴的想法：我要为这部剧电影多花点钱，顺便二刷三刷回味一下好东西！！,福建
作为一个妈妈，看《好东西》的时候难免更容易注意到一些“育儿”的细节，比如当张家新莫名其妙举报茉莉的时候，我非常紧张。我特别想知道老师（导演）这时候要怎么处理。还好，老师问：谁教你的举报？然后在黑板上写下：举报。“今天我们来谈举报”。比起知识，我更在意孩子在学校与同学与老师的关系，更在意老师如何处理孩子之间的矛盾，更在意老师的言行举止对孩子的影响……如果基本的做人之道都缺乏，那么认知如何形成？#电影好东西#,福建
好东西真的是个好东西#电影好东西#,广东
#电影好东西#就在刚刚发生的地狱级笑话也许他也在努力看到女性困境但还是让我强烈不适就如同在女性受到侵害时他会告诉你为什么不回击要是我早就xxxx言外之意就是你做的不够好而他可以做的更好,上海
#电影好东西#你看了吗？三个女性彼此温暖、共同生活的故事赢得票房、口碑双丰收！看完电影意犹未尽？来两江新区！本周六，仁安N+「女性主题市集」开市，来女性友好商场嗨逛女性主题品牌、社群，一起参加“姐妹们的聚会”，还有旧物交换大会等活动等你来玩~点击分享你身边的女性故事参加活动吧！O网页链接,
我正直，勇敢，有阅读量#电影好东西#,河南
小新新之助超话#电影好东西#万达典藏海报真的好好看，摸着也很有质感。@万达电影,四川
今天下班去看电影《好东西》期待#电影好东西#,天津
#好东西邀请你来创作周边##电影好东西#不要放弃幻想人生很长，不要那么快定下来方向多试试，多走走试过上台打鼓才知道自己原来更喜欢当观众试过出国走走才知道原来山西和法国没什么区别🦦@电影好东西,北京
#电影好东西#怎么怎么就能拍出这么好的东西呢！！真好！！咋那么好！！！！！,山东
好东西我的评分：#电影好东西#和爱情神话一样舒服的电影。可以轻松愉悦度过两个小时。学校的影院上座率不多不少，女性居多（男性也有），大家笑点和哭点都较为一致。我并不觉得电影想要正经讨论性别议题，后者只是逗趣的道具，中心思想还是女性（或者任何人）要更爱自己并接纳自己。比爱情神话内涵更复杂，也许正因如此，没后者飘逸灵动。一分扣在台词的说教性。,吉林
#电影好东西##好东西#中间小哭，结尾没忍住中哭了好看，真的好看,湖北
#电影好东西#,湖北
前天补了导演首作《爱情神话》，结合着最新上映的这部，《好东西》的导演果然是有点东西🤤。我宣布这是我今年最喜欢的一部电影！！🥰愉悦、舒适。这是前所未有的观影体验。想说，这个世界有女人真好～#电影好东西#,河南
都去看好东西谢谢🙏昨天到现在都还在后劲里现代生活剧离开了花活拍这样真的很不错预告都没看直接去的全是新鲜里面人都有点太会聊天了全场大笑🈶必须夸夸小孩演的太棒了小孩的英文配的是momo一秒想到🍠从小孩猜声音那里本f人就开始哭属实太快了and上周去外滩看展的地方正好是小叶男友住处难怪保安大叔处有电影宣传单子有点走进电影的感觉#电影好东西#,上海
#电影好东西##电影胜券在握#呜呜呜好看到我心窝窝还有两部电影的音乐都好听！L扒你一层皮-的微博视频,
来看咯来看咯现在看电影都是包场的感觉#电影好东西#,安徽
这个好看！！都给我去看！！女导演就是牛！！！#电影好东西#,山东
#电影好东西#你怎么做，女孩就是什么样。女性题材，影院十来个都是女观众，同频观影，极度舒适。好喜欢小叶给茉莉听录音那段，声音配着画面一个立体的女性一个真实的王铁梅存在着。也第一次get到钟姐，好美好像缺爱大狗勾。还有一个点特别戳我，就是王铁梅每次摸小孩和小叶头🥺🤲🏻喜欢的点太多了，总而言之好剧本是天，好东西真是个好东西，希望有更多这样的作品出现。你们三个把日子过好比什么都重要,江西
#电影好东西#真的有点东西，都去看！圣诞🎄氛围已经很浓了呀～,江苏
女子东西（HerStory）我的2024年度最佳电影。我们都可以勇敢的做小孩！#电影好东西#,江苏
#电影好东西#真是好东西！真好非常好特好！（忽略电影院这死亡灯光,广东
追忆过去是油腻的开始#电影好东西#,湖南
#好东西##电影好东西#是我看不懂吗真无法共情阿咋都是好评？看着评分很高无脑去看了挺无聊的浪费我本年度最后两张电影券！！我哭死！七零八碎没有主线更像是一部输出金句的长小品或戏台谁现实会这样说话啊又尬又刻意一点没笑出来为了突出女性主义强行定义酷和潇洒一些价值观也是很错位9.1分评分吓死人了,山东
好东西打卡！真的好好看！值得二刷#生活手记##电影好东西#,河南
好东西我的评分：#电影好东西#因为是避开所有剧透和宣发去看的，观影体验很棒两个女主+小女孩都演得很到位。这片最惊喜的是台词，非常多金句+一些直白的女性主义话题，我是真没想到居然能在大银幕上听到这么多！轻喜剧元素也是没想到的，从头到尾影厅里笑容都没断过😆今年3月看坠落的审判，9月看出走的决心，11月看好东西，们女性议题电影市场也是好起来了👏🏻,重庆
#电影好东西#好看！爱看！多拍点！“你看过几本上野千鹤子呀”“我都与父权决裂了，还能是loser吗”“你怎么打女孩就怎么打”我太喜欢这部电影了！茉莉猜声音那段浪漫的让人流泪😭不搞性别对立，只是把叙事的主体性还给女性就足以支撑起一部女性爱看的电影了。电影hit了今年的最大感想：女性主义者不应该有模版，只要遵从于自己本位的主体性即可。,北京
因为喜欢写字，总是会随身带着笔和本子，很多时候也用不上，而真的想写点什么的时候，却总是没有带。也算是吃上好的了，看到了今年最好的片子。没什么太多的跌宕起伏，甚至没感觉到什么所谓“高潮”，一切就那么发生了，在戏剧冲突的创作上也没有太多的夸张成分，一切都很合理。也不是什么相互“救赎”，以前我总喜欢用这个词形容一些东西，但后来我发现这个词太悲观被动了，而应该是一些更乐观积极的词，比如，“爱”。爱让我们更强大了，无论是爱自己还是爱他人。女性议题现在就像环保主义一样，好像变了味道，或者说，是我们刚刚接触到这种变了味道的定义，现在什么都要讲定义，又不是什么论文研究辩论赛，能让人实实在在地生活得更快乐就是好的，无论女性还是男性，这个过程可能会经历痛苦，但它本身并不是痛苦，更不是无病呻吟。女性平权不是“女性=男性”，不是矫枉过正，更不是男女对立，不是“厌男”。它应该是“我是女性，我接受性别差异，但我可以有不被性别束缚的权利”，“我是男性，我接受性别差异，且我有尊重女性选择的自觉”。女性视角叙事，但它绝不仅仅是一部女性议题的作品，它更是个个人议题的作品，无关性别。每个人都有选择怎么活着的权利，不被规训不被评判不被定义地活着的权利，只要不伤害他人。但尊重是相互的，人终究是只能与同类相爱的。但，选择，看似天赋人权的东西，其实又怎不是一种奢侈。先活着，活着再看，用力地活。“我正直勇敢有阅读量，有什么好可怜的？我宣布，王铁梅是这个世界上最好的妈妈。但我更希望你能做王铁梅，而不是谁的妈妈。愿我们都能有选择，选择做个小孩儿。#电影好东西##观影#,北京
《好东西》真的很好看，很奇怪这么文艺的电影我居然能看下去还不觉得无聊。希望大家都去看！它值得更高票房#电影好东西#,浙江
#电影好东西#晚一点上台也没关系呀小孩。,浙江
#电影好东西#什么是好？什么是坏？,北京
我正直勇敢有阅读量，我有什么好可怜的！#电影好东西#,安徽
观影#电影好东西#,江西
【“仙品”配乐击中观众！#电影好东西完整歌单#送达】以三个女性为主角的#电影好东西#在年末电影市场突出重围，有黑马之势。据猫眼专业版，截至11月28日，《好东西》累计票房2.28亿，暂列2024年贺岁档票房冠军。在豆瓣，《好东西》被打出9.1分的高分，成为目前2024年最高分国产片。导演邵艺辉在电影中选择的插曲也击中很多观众的审美，让观众们纷纷称赞邵导的音乐品味为“仙品”。还没有走进影院的朋友们，不妨先来看看《好东西》中那些呼之欲出的音乐元素，一起听听这些好听又独特的电影配乐。L看看新闻KNEWS的微博视频,
《好东西》是我今年看过最好的东西！做一个正直勇敢有阅读量好好爱自己的人！#电影好东西#,云南
有些人被称为“妈”是因为她的孕育和分娩，再无其它#电影好东西#L稚兔梦境的微博视频,福建
能看到这样的好东西，真是太好了，太好了，太好了。#电影好东西#,湖北
#电影好东西#这个世界上哪件事不比男的重要（王铁梅能不能给我当妈,陕西
#电影好东西#正巧昨天听到了单位里一些无中生有的屁话大家还是多干点活少说屁话吧,北京
#断片生活##电影好东西#好东西太好看了，要刷三遍！！,贵州
#电影好东西#第一次靠拼手速抢上的电影票好东西，真是好东西整的泪点颇高的我又哭又笑不完全记录了一下除了影片结束的几次全场鼓掌＂我都跟父权决裂了，我还能是loser＂＂比拼男子气概是什么东西有毒的东西＂＂我不打拳！！！＂＂你们是干嘛，女权表演艺术家？＂＂以后不要撕就好了，要给年轻人机会＂＂你是我课间休息的十分钟＂,北京
这真的是我这辈子看过最好的电影！（目前哦因为这辈子还很长）有一个镜头，两代女性目送小女孩走上舞台，然后男人把鼓锤交到小孩手里每一个镜头每一个表达都真的难以言说的好世界上不能没有女导演！#好东西##电影好东西#,山东
#电影好东西#真得好好看我觉得是我看过最好看的国产电影,四川
好东西也太好看了…太太太好看了#电影好东西#,北京
#电影好东西#去做个小孩儿。,山东
#电影好东西#真的很好看!纯路人!对女性主义稍微有点关注的女生去看会有更多的思考，没有关注过女性主义的去看也能获得很多快乐。很多片段比喜剧片还搞笑,浙江
#好东西#和妈妈一起看#电影好东西#,浙江
#电影好东西#任彬向大家道歉L卖菊花的小恶魔的微博视频,北京
#电影好东西#没法判断某一刻的价值，只觉得这一刻很幸福。独处的快乐～,湖南
注意看👀——小好正带着今日份口碑蹦蹦跳跳地向你跑来！是一场可以找到无限能量的精神疗愈，是一个可以陪你摔倒大笑的有趣灵魂，也是一杯可以和亲朋好友互诉衷肠的冬日煮酒。自由去爱，用力去感受，能让你感到快乐的就是“好东西”！#电影好东西# 正在热映中，整点新东西，说点新话题！,河北
#生活手记##热映电影#《好东西》#电影好东西#何去何从能让你快乐的就是好选择,天津
#电影好东西#我们女性就是要看这种好东西啊宋佳我的好妈妈,河北
开题告一段落嘻嘻开始改新稿子超难改不嘻嘻终于轮到我吃梅果了啦好吃爱吃下次还吃看了好东西#电影好东西#确实好东西以防大家没看过我可爱达菲儿子的大头照秋天的校园尤其雨后是很美的你知道的今天又来图书馆si人味儿都没那么重啦,江苏
看了邵艺辉的《好东西》和有关她的采访，可太爱她了!感谢她给女性带来的一些鼓舞~#电影好东西#,河北
#电影好东西#都市爱情轻喜剧女性视角和男性视角是不同的社会文明的进程中需要女性导演的声音不管如何都要支持小叶的脆弱让人心疼在小叶问妈妈爱不爱她的时候真是痛哭楚曦这个角色真的好再丰满一点点真的能拿奖惊讶的是小孩的内心也塑造的这么细腻我们女性是最棒的加油,四川
#电影好东西#绝！！！,广东
#电影好东西人间清醒王茉莉#哈哈哈哈！新时代的女孩从小就如此清醒，以后长大还怕被pua？电影好东西超话,陕西
突然想起前天陪我妈看好东西时，左边跟我隔一空位的一男的从电影一开场就抖腿（大概有三分之一的时间都在抖，且反复拿出手机刷），这个影厅人很少，他的裤子跟座椅摩擦发出令人恼怒的声音，而且离噪音最近的是前面坐着的两个女生，她们一定也很不满，后来我忍不了了就对着他说“你好能不能不要抖腿了”。他没听清我又复述了一遍，这回他听清了，一脸心虚回了句哦哦，后来没有再抖过了，映后我也就担心了几秒他会不会跟踪报复。#电影好东西#,江西
去看了#电影好东西#，在小孩上台表演那一段哭得稀里哗啦。我希望每个女性都活出自己，为肆意生活喝彩，为相对自由拼搏,浙江
豆瓣9.1分，2024年国产剧情片第一🎉#电影好东西口碑持续发酵💫轻盈温暖陪你放肆快乐，情感共振抚平一切伤疤来#万达影城感受治愈尽情欢笑❤️,山西
✅孙师傅朋友圈里一眼存来的图✅国博卖断货但还是拥有了的阿佛洛狄忒冰箱贴肯德基的生巧甜筒也卖断货！✅还有谁没看好东西！！！！马上给我去看！！！！从年会不能停之后最喜欢的一部电影了！没有爹味儿，不打算教育人，没有什么特殊的立意，纯纯看完就会收获快乐的一部电影。家人们谁懂啊，在晋江看个网文都得有立意的时代，看一个纯快乐好看的电影多不容易啊！#电影好东西#,北京
#电影好东西#台词金句——前夫哥：“我为你去结扎了。”王铁梅：“气氛不会被礼貌破坏，气氛只会被不礼貌破坏。”王茉莉：“我还是更喜欢当个观众。”王茉莉：“我正直勇敢有阅读量，有什么可怜的？”#佳片奇遇季#,北京
#好东西#我的评分：#电影好东西#十八线城市的电影院很需要它，幸好它来了，还被坐满,山西
#电影好东西#看过的所有电影里最好看的,辽宁
我喜欢#电影好东西#,河南
跟大哥一起看电影《好东西》去了～他一开始以为是文艺片，觉得没意思，不想看，结果全影院里，数他的笑声最大。确实好看！张弛有度，轻松幽默，节奏好，氛围好，立意好，大哥说他觉得这是一部都市轻松喜剧，但我觉得不止于此，好多片段和台词，后劲都还挺大的，能让人一直琢磨。建议大家都去看看！#电影好东西#,北京
好东西我的评分：#电影好东西#拿意识形态来批判作品是最无聊最没趣的批评，纵观文艺创作史有哪一部作品是不带有意识形态色彩的？在自己的意识形态领域呈现优秀的作品那就是值得称赞的。邵艺辉导演鲜明有趣的叙事风格，从《爱情神话》开始看起，感觉电影不一定要“沉重”“深刻”才能传递些什么，也可以像情景喜剧一般轻松愉快地表达，希望大荧幕上还能有更多如此新颖有趣的电影。,甘肃
强推《好东西》，很有深度，揭露反讽了有关女性、婚姻、教育、成长的社会问题。从小叶的角度：不幸的童年需要一个契机去被积极的态度正面解决，否则童年的小孩会一直成为成长道路上难以绕过的隐痛；自小缺爱，渴望被爱，她要的东西非常简单，然而却被一次次伤害，最终幡然醒悟，然而现实世界有多少人都卡在了释怀的最后一步；从小孩角度：同样是受原生家庭影响，一个在母爱、过多赞美与破碎的家庭下逐渐成长的小孩，过分懂事自带忧郁气质让人心疼，从不情不愿地做观众到勇敢地站在聚光灯下，完成了一次蜕变，同时也恍然发现了自己热爱的东西，是的，我们或许不用做的那么完美，只需踏出第一步，自己爱好的东西也可以慢慢去寻找；从铁梅角度，如同她的名字，“铁”代表了她在外拼事业独当一面，在内照顾孩子，不仅是生活上还有心理上的鼓励，那段小孩听音识曲却是妈妈每天重复的生活动作冲击感非常强烈，“梅”又体现出她其实也有脆弱敏感的一面，也需要被照顾情绪，理解和体谅。铁梅未说出口的离开新闻编辑的真实原因其实在后段已经给出了答案，她的独立女性的价值观与当前普世思想冲突甚多，这从发在网上的帖子收到了很多谩骂和不理解可以看出，尤其其中还有很多是女性，其实也在反讽和提醒一些枷锁的打破除了要解决男权思想，同时还需要女性群体的意识觉醒，独立女性的价值观被世人接受还任重道远……#电影好东西#,广东
#同城热门##新片推荐##电影好东西#L欢乐娱乐馆的微博视频,北京
好东西太好看了啊太太太好看了#电影好东西#,陕西
本周感叹：《好东西》真是好东西！#电影好东西#,云南
知書club超话新书介绍丨本书分为生育、劳动、教育、婚姻、两性、交际、文娱、妆容八个篇章，从各个角度以具体生动的史实、简明的语言概要陈述了中国古代自先秦至清代妇女生活的方方面面，力图真实地反映出古代妇女生活中的亮色与暗色两个方面以及不同历史时期妇女地位的发展变化。既讲述了妇女群体对于中国古代经济、文化等所做出的巨大历史贡献，也阐明了她们在男尊女卑社会中所遭受的性别压迫与磨难；既注意到了不同社会阶层、地域、民族等妇女群体生活状态的差异，也分析了随着时代的变迁、礼教的兴衰及逐渐强化的总体趋势，各个时代妇女生活与思想观念的演变与地位的升沉起伏。本书分为劳作、生育、教育、婚姻、两性、交游、文娱、妆容八篇。广为搜集多种历史资料，既揭示古代妇女在男尊女卑社会环境、思想观念下的命运遭际与磨难，又展现她们多姿多彩的生活风貌与精神世界，既写出她们的苦难与悲哀，也写出她们的光彩与贡献。#跨年有哪些仪式感##历史##电影好东西#,广东
#电影好东西#好看值得那么高的分,四川
“如果能让你开心，那就是好东西！”被太阳和好东西温暖☁️喵喵herstory是好东西！！！配乐开启了单曲循环🔄#电影好东西#,广东
#电影好东西#电影好棒啊不被世界定义，而由我们的行为去定义世界。,广东
愉快的单身生活#电影好东西#,湖北
母系社会什么时候能建立#电影好东西#,河南
躺了四五天出来走走看看电影#电影好东西#,江苏
今天因为工作的事提前下班，于是算是在上班时间去看了《好东西》。电影上映前正好收到一条会让我心神不宁的跟工作相关的信息，电影的开始部分我一直在想那个跟工作相关的问题，心里七上八下。随着电影的推进，在小叶给小孩听音频的那一段，听上去像是各种完全不同场景的声音，其实都来自铁梅作为妈妈付出的日常琐碎小事的声音。那一刻我想，世界真的很大，我还有很多可能，努力去追求就肯定会有收获，自己的内心慢慢就平静了。我不会再去纠结那些会扰乱我心神的东西，我的计划我也要一步步推进，我要玩自己的游戏。最后小孩和乐队在livehouse演出，台下的观众被他们感染，随着音乐展现笑脸、摆动身体，充满了活力；学校的孩子在进行乐团表演，台下的大人低头面无表情的看手机，对比的画面很鲜明的告诉我：快乐真的很重要。虽然观影过程中流了好多次眼泪，但这真的是一部给了我很多力量的电影。#电影好东西#,四川
女性题材，更是社会题材。#电影好东西#从一会儿笑一会儿哭，到一直哭。散场后很多人没有立即离开，还沉浸在后劲儿里。可以说是一部深刻的创伤治愈系题材影片，国产影片的骄傲。,吉林
#电影好东西#感觉已经好几年没看过这么好看的电影了天呐,四川
#電影好東西#好想加入这个家,北京
#电影好东西#改变他们的游戏规则，从王茉莉开始。,上海
#电影好东西#好东西太好看了咱太原女导演就是牛逼今年看过最好看的电影！,山西
好东西超话#电影好东西#最近的状态：白天看好东西切片邵导各种采访与访谈播客；晚上不睡觉点赞每个说好东西是好东西的人，反驳每一个离谱差评好东西的人我就站在这守护邵艺辉！守护好东西！！,陕西
去看#电影好东西#好久没出门，现在电影院都是刷码进来了吗开始开始,浙江
《好东西》的后劲真的很大昨天看完今天跟朋友讨论的所有话题都能在电影里callback图片只是短时间不完全统计短短一小时出现三次今天一天应该不少于六次#电影好东西##电影好东西爆梗制造机#,北京
#电影好东西#别去给它上价值，也别去讨论多好笑，都会玷污它本身的纯粹，就把它当一部电影，能陪着你人生的电影。,江苏
看到这里的时候瞬间泪目这也是我最喜欢的一句话#电影好东西#,广东
#电影好东西#喜欢！爱看！就是看之前我看了太多名场面剧透了啊啊啊啊，导致我看到的时候有了很多已经被引导的先入为主的感受，以后要轻装看电影！（我说了好多次了，但我忍不住hh）最喜欢的场面还是铁梅的家务声被小孩儿听成暴雨、泥石流、沙尘暴等等等，好棒的视角！还有最后的live场面超级感动！是呀，人生那么长，喜欢什么没必要这么早就确认下来，经常变也很正常！,北京
"吉他弹唱谱〈滥俗的歌〉汉堡黄🌙""你的梦落在我手心月亮映罩着光也照着你""〈滥俗的歌〉是由汉堡黄作词作曲并演唱的一首歌，收录于专辑《十万小时》。在电影《好东西》中，作为乐队主唱的小叶(钟楚曦饰)演唱这首歌，慵懒歌声一听就爱上～#电影好东西##吉他#",广东
咱铁梅从内而外都充满态度#电影好东西##鹅来唠新片#L光影观后感的微博视频,北京
在线求助！妈妈生气了该如何安抚？#电影好东西##新片推荐#L影界探秘者的微博视频,北京
好东西绝对是我看过最烂的一部电影，没有之一#好东西##电影好东西#,山西
#二刷南昌##电影好东西#差点被海报耽误的好电影听录音辨声音那里看得我都要感动了隐喻非常多轻松快乐之余还带来很多思考“你的眼睛很美很亮”呜呜呜真是天使啊南昌一支麦脱口秀超话三火讲得太好了困到不行还被内容笑得流眼泪,江西
任彬超话｜#任彬好东西#被小胡的爱我便是油到的一天#电影好东西#L任彬粉丝团的微博视频,四川
找回自我的主体性，被公平的对待，是当代女性的深层需求和勇敢表达。时代已经不一样了，十年前的小妞电影还是男性视角下的女孩儿该怎么样，十年后，女导演们上桌啦，除了情情爱爱和男人，我们有更多的世界想要探寻和追求，有更现实多元的困境和突破，这样的转变真是太好了！希望中国电影有更多的贾玲，邵艺辉和尹丽川，白雪们，能出来拍电影！#电影好东西#,北京
#电影好东西#宋佳真的很铁T老公感…我对钟楚曦的印象是个高身壮，但是感觉她在宋佳面前也只是一只柔弱需要被保护的小妹妹😂影片的亲情线：女儿才是最愿意了解妈妈内心的人，女孩子的心思真的很细腻可爱。两个男士都说自己愿意了解王铁梅，但是结婚多年，前夫从来没看过铁梅写的全部文章，离婚后努力献殷勤只是去恶补了上野千鹤子。鼓手小马和前夫哥较劲，说自己都看过。但是在铁梅被网友网暴时却毫不知情，说那个时候自己正在拉黑铁梅，没看到网暴的内容。女儿才7岁，但是她看过王铁梅写的所有文章，包括在她出生前妈妈曾经写过什么内容。友情线：王铁梅（宋佳）和小叶（钟楚曦）的相识源于女性互助。铁梅赶走了夜路尾随小叶的男人，后面小叶有空就帮铁梅带孩子。小叶缺失母爱，铁梅恰好有着强大的母性感。铁梅真的很T老公，非常有安全感。男人不会的家务/做饭/烧饭/修理家电/搬重物/背小叶去医院…铁梅她一个人都能搞定。小叶也都看在眼里。（采集声音那里是小叶视角）当然了，很感人的一点是，铁梅事事都想靠自己一个人做的很好，小叶会心疼又忙又累的铁梅，她说，“哪有人什么都做得很好呢。”爱情线：全剧三个男性角色，没有一个男人明白“爱”。我觉得男性大多都缺爱，也不懂爱。看不到怎么尊重女性。王铁梅的前夫哥是软饭男，一直不工作靠铁梅养。女儿长这么大自己只做了一次面。早早知道铁梅要搬家的日子，但是等重物搬完了才姗姗来迟。他回头找铁梅，也是因为软饭男的肺腑之言：离婚后交新女友，发现不是所有女性都和铁梅一样不在意男的没有钱。鼓手小马追求铁梅，可能是被铁梅身上的“男子气概”吸引…他对女性的了解靠看片，所以有些不礼貌。他缺失母爱，谈了三任女友都是单亲妈妈。铁梅这边的男性都是想找个妈。小叶的爱情线是她在倒贴渣男。可能这个男的符合现在社会“精英优质单身男”的画像：看似男的有钱（住高级公寓，有体面的工作，还能在上海收房租），但是他很抠（房租故意抬价，不肯对关系负责，yp都在白嫖女性）…又精又抠，属于本人最讨厌男性画像之一。,上海
好东西我的评分：#电影好东西#infp都给我去看温暖又治愈,安徽
钟楚曦：别再说了，再说早饭就要吐出来了……#电影好东西#L爱追剧的慧慧的微博视频,江苏
钟楚曦：别再说了，再说早饭就要吐出来了……#电影好东西#电影好东西爱我便是L看远方的美好的微博视频,湖北
#电影榜#《男性的科幻片》#电影好东西#真没想到，这部电影如此幽默！L热映神探的微博视频,北京
宋佳一出现我直接吻了上去#电影好东西#,上海
#电影好东西#好看的！特别那段“你的眼睛很美很亮，我喜欢你看我，你怎么看我都没事。”的表演更是直击心灵瞬间飙泪。抛开男权女权，一部正常人可以看得很开心的电影，不同年龄处境的女人的互相理解与爱。,广东
#电影好东西#太好看了！为🇨🇳能有这样的电影而骄傲！！为所有女性都是主角而鼓掌！为导演的巧妙安排让男性角色在看似搞笑的场面说出一些有意义的话而鼓掌！没想到被上舞台打架子鼓的小女孩感动哭了（小时候想打架子鼓，但是因为其氛围形象不够“淑女”而被拒绝）好东西！！真好！！！,吉林
看到小叶跟小孩说她妈从来没有夸过她我就哭了，我妈也几乎从来没有夸过我，包括身边的人也没有，小时我笑，她他们就会说我怎么笑得这么难看，以至于我越来越不敢笑，我不笑就说我好像所有人欠我一样苦大仇深的干嘛，我做什么都是错的，是个失败的人，爸爸的失败也要归到我的头上，又不是我自己选择出生的，如果可以选，我会选择从来没来过，到现在也是这么想的但至少现在可以选自己喜欢做的事情，不管是不是所谓的“成功”，都行，因为人总是要死的#电影好东西#,广东
#电影好东西#映后导演交流活动现场导演表示更愿意自己的作品呈现是直接的，聪明人之间的交谈可以跳过一些不必要的误会和对话。豆瓣9.1分，2024年国产剧情片第一！电影《好东西》正在热映中！整点新东西，说点新话题！L电影好东西的微博视频,河北
#电影好东西#最近在听蝴蝶，感觉歌词也很适合“后来你发现世界它是场考验被看见需要入场券你我生来时就注定天真而伟大”感谢温老师的好词，翟老师的曲子也很棒一直都关注圈里面的作词老师，无论是冥凰，果汁凉菜，色太，初繁言还是更小的一些词作者，真的很会写，md我写文怎么就没这么会写，笑鼠,湖南
#电影好东西#极限出一张含沙丹、邵导映后的好东西😭😭,北京
#电影好东西#平淡，处处有细节,安徽
好东西我的评分：#电影好东西#只能说一般…豆瓣9.1确实有点惊到了…台词演技拍摄风格都挺好的，就是整体主打一个莫名其妙，到底在这不疼不痒的讲了什么故事？？,山东
#电影好东西#如果讲述女人生活的电影就是女权，难道女性最大的权力是围绕男性生存吗。,上海
#电影好东西#好啊太好了,美国
电影《好东西》里的张家新是个挺难让人喜欢的角色，生活里的安栋@安栋Anton是啥样呢？问问他。而且用上海话问问他。小孩哥表示万一将来《好东西》需要配音成上海话版本，也是可以轻松驾驭的#小演员##电影##电影好东西##上海话##问答#L会说上海话的玛雅Maya等人的共创视频,上海
#电影好东西#当初看《沙丘2》时，就是因为画面太暗才放弃了。后来还是逼着自己看完《沙丘1》。电影时间很长，分了好几天才看完。客观地说，影片还真不错。看来是导演下了苦心，公元一万年以后，异星人为了香料而杀伐征战。甚至把自己的一个某个星球的“家族”给团灭了。原因怕这个家族太强大了，最后被这个家族给反了。很多情节都让人耳目一新，但因为画面太暗，真的要静下心来看。后来我看了《沙丘2》。一部原来看不懂的，看不下去的电影，就这么被我认认真真看完了。电影并没有结束，还有《沙丘3》，要到2026年才能上映。不知道会不会有《沙丘5》和《沙丘6》了。为此我还特地去看了这部小说，但看了一点，就放弃了。还是看电影吧，这样更省时间。,江苏
任彬超话｜#任彬好东西#🫘｜相信我，小胡是很真诚的人，别问为什么，爱我便是！#电影好东西#L任彬粉丝团的微博视频,四川
原谅我的阅读量不够，无法准确的表达出我对好东西的喜爱没有悲惨叙事，却给人“走出来”的莫大勇气今年最佳！#电影好东西#,山东
#电影好东西#「ucantdoeverythingforeveryone.」👍🏻👍🏻👍🏻,广西
听说很多“好”朋友们都想要我们滴月事包~呐呐呐~小好这不就带着它来啦，竖起小耳朵请听好：观影11月30日14:00场次，带#电影好东西#话题发布观后感，凭票根和发布截图在指定影城前台领卫生巾包包1个！#电影好东西#正在热映，包好看的，包你开心～,河北
好东西我的评分：#电影好东西#好看好看，都去看！,四川
谁懂真的很好看刚开始电影的时候小孩儿喜欢霉霉我就发现这个电影不一般了！！真的好喜欢小孩儿的视角她好像看这个世界都是纯粹的觉得这个世界的规则可能与很多人不一样但是这个世界的规则本来就是这样的而大人好像被规则们束缚得不知道怎么开口说一些原本就正确的规则然后后面又好笑又好哭里面钟楚曦唱歌真的惊艳到我了我感觉从小就喜欢那种女孩子很自由很漂亮在舞台上很自信的样子里面钟楚曦在舞台上的感觉就是这样但是在私下她又是一个好敏感的恋爱脑碰到事情就特别卑微的道歉她身上有一个我能共情的一个点就是是不是所有妈妈都爱孩子当然对于我的经历来说这个观念我是在否定的后面宋佳给她说总要有一个人给她道歉那里我哭成傻子了真的是印证了李雪琴那句话我心里面曾经枯萎过的地方因为朋友又发出了一个小小的芽当然我很羡慕电影里面她们的友情但是我身边的朋友同样在用他们自己的方法治愈着我心里面那块已经枯萎过的地方#好东西##电影好东西#,四川
#电影好东西#好看，甚至想去看第二遍！,青海
#好东西##电影好东西#我正直勇敢有阅读量，我有什么好可怜的！女儿听声音的那场戏说明了，女性的声音，也是世界的声音。我们通常没有用这种方式去留意过、听见过、定义过这些属于女性的声音。茉莉才是看完了王铁梅所有的报道。去创造新的游戏规则！你看过几本上野干鹤子啊？摘自db影评让我比较意想不到的是小朋友也不需要被定义我以为茉莉想有特长想上台表演但她最终选择当观众因为她喜欢当观众所以没有为什么只需要喜欢就足够了,天津
很久没看电影了。昨天去看了个好东西。安顿好南南北北之后，仓促出发，还跑错地方，错过了开头的5分钟。抹黑进入电影院，看到的就是小叶在被跟踪，铁梅英气帮助，她让跟踪人体验被跟踪的感觉，让我开始笑了，这女人真“虎”。后面的剧情，整体给我的感觉是，直！铁梅直，给吃剩饭，那么多人，真的就一盆剩饭，一盆“营养菜”。小叶直，她破碎又明媚，在没有想要的爱的环境下成长下来的女孩，长大很“轻松”的直接讲出自己内心最深处的痛，又像一个小太阳，照耀着小孩，照耀着小马，照耀着铁梅，哦，还有那个男人。小孩直，“你妈不爱你吗”，“你也流血吗”，“我们为什么都要变好呢”，“你的眼泪也很好吃，你的眼睛很美很美，我喜欢你看我，你怎么看我都没事”。小孩是被爱包围着长大的，她是个小孩，但是内心的能量真的巨大，共情能力超强（要不说人家作文写的好呢）！小马直，直勾勾的被铁梅吸引了，直勾勾的（自以为藏的很好）表达喜欢，直勾勾的撕了铁梅的衣服（这一段，我真的笑岔了），我以为的剧情是铁梅突然醒悟（按照剧情人设，不可能的），我不可以这样，万万没想到，是喊“你干嘛撕我衣服”，啊哈哈哈。小马有一段话，特别让我深刻，他前一秒感觉还要爆发，拉黑他！！！后一秒“因为我拒绝绑架，所以我相对自由”“无条件投降”乐队的朋友直，他拉稀，直当当的看出了队友的心。前夫哥直，“我结扎了”，“”我还喜欢你啊”。赵又廷这个角色真的是演活了。整个剧情都是直来直往，没有你以为的婉转回答，喜欢就表达喜欢，不喜欢就表达不喜欢，如果能让你开心，那就是好东西。因为是女性大爽文，给我的感觉又有些用力过猛了！小孩真的内心比我想象的成熟太多了啊！这个小孩不得了！她也会害怕，但是能够明确清晰的表达出自己的害怕，并且得到疏通。最后躲在柜子里那段，用自己上台跟好妈妈做比对，我真的差点哭了。小孩是幸福的小孩，真的是全上海最幸福的小孩。有三观正常爱她的爸爸妈妈，不抑制她的多样性的爸爸妈妈。有好朋友小叶，不一样的小叶刚刚好弥补了她内心的那一丝缺失，小叶给了她不一样的人生体验，不一样的爱，让生命更完整了。整个剧对女性精神独立，表达的高度很高，男性真的都是拿来做装饰和突出的！但是铁梅发表的文章下面的评论，仿佛又一下子掀开了遮羞布，让我们看到血淋淋的现实！每一个个体都是独特的！都应该被尊重的！希望你我都可以拥抱生活中的好东西！#开开心心过大好时光##好东西##电影好东西#,广东
#电影好东西#强烈推荐！真的很好看！看完想爱整个世界了#今年最好看的电影#,山西
#电影好东西#求问：说大话被真的撞见了到底怎么办啊！？！Lcp少女的日常的微博视频,天津
文案超话《好东西》经典好文案合集#电影好东西##海螺文案分享打卡#1️⃣“气氛不会被礼貌破坏，气氛只会被不礼貌破坏。”2️⃣“恋爱是两个人共同的决定，一个人叫倒贴。”3️⃣“因为我拒绝绑架，所以相对自由。”,浙江
今年看《好东西》和《热浪滚烫》的时间和地点也很妙。看《热辣滚烫》那会儿在湖南的一个小城市，从电影外因为春节而熙熙攘攘的购物街踏入贾玲电影里那个做服务员两千多一个月的小世界，感觉她的愤怒和反抗都像是一记闷拳，一拳一拳砸向看不见的玻璃天花板。看《好东西》的时候在上海，《好东西》就是为上海量体裁衣的电影，那种温情脉脉地回首过去却又决意要轻盈向上走的气质也很符合这个城市的气质，尤其是我对这座城市实在太熟，小叶和茉莉吃过的冰淇凌我也喜欢吃，她们看的双年展我也看过，甚至她们吵架的那一幕我都能清晰地知道是在美术馆的哪个方位哪个角落。《热辣滚烫》和《好东西》都是好电影，她们形成了一种奇妙的互文关系。无论在哪里，无论以哪种方式，我们女性都是一定会向上走的。#电影好东西#,上海
#电影好东西爆梗制造机##电影好东西爆梗制造机#电影《好东西》将于11月22日上映，影片热梗频出，引发了无数网友讨论。你是否发现了影片中的惊喜彩蛋和犀利金句？@电影好东西联合@微博电影@微博校园@微博幽默发起“造梗大赛”。更有小好和导演@邵艺辉以及四所高校@大连理工大学@江南大学@宁波大学@西北政法大学化身“微博鉴梗官”，等你参与！戳下图解锁详情👇，除了有机会获得周边福利外，还有可能收到小好或导演的翻牌回复哦！#电影好东西#,四川
和好朋友看好东西#电影好东西#,江苏
再说一次！好东西就是一部超绝大姐电影！看了毛尖老师和邵艺辉导演的对谈，她俩聊了很多女性本位下对于性、爱情、成长的感悟，还谈到了整顿床戏（笑晕）。毛尖老师也是超犀利，直接对杨子、贾樟柯贴脸开大，小破站上毛尖老师发了访谈完整版，一个小时左右，大姐们都去看！！支持女性创作者发声，我们以后，就看这个了！！！#电影好东西##好东西票房破2亿#,中国香港
好东西我的评分：#电影好东西#,陕西
由邵艺辉编剧、导演、剪辑指导，宋佳、钟楚曦、曾慕梅、章宇领衔主演，赵又廷、周野芒特别出演的爱情院线电影《好东西》，正在全国影院热映。影片豆瓣评分目前高达9.1，并以86.8分的观众满意度，目前登顶今年中国电影观众满意度首位。11月22日上映，上映5天票房破2亿，领跑2024贺岁档。近日，邵艺辉分享了《好东西》创作的台前幕后，及成长经历对她和创作的影响。#电影好东西#O《好东西》热映，编剧导演邵艺辉分享她心目中的“好东西”,
令人幸福的电影#电影好东西#,内蒙古
做女人真好。#电影好东西#,陕西
好东西超话比起妈妈只是御姐系的女人，我更想看到她的法令纹她的疲态她的包容她的歇斯底里她掩饰肚子的疤痕她对孩子的占有欲忙碌了一天但还会记得夸孩子记得不要遏制孩子的天性只是一个称呼就让她永远强大说自己是孩子的榜样。妈妈……我笔下如果写妈妈我也想这么写……好东西你真的很会刻画……妈妈……但是不想神化妈妈你可以做你想做的事情你不要眼里只有他人你是重要的你自己。#电影好东西##repo#@电影好东西,辽宁
能让你开心的东西就是好东西@酒酱紫恩#电影好东西#,浙江
#电影好东西#王铁梅好样儿的像你看齐加油,河北
正直勇敢有阅读量！共勉啦！#电影好东西#我们的爽片,上海
好棒的电影！！！！#电影好东西#,山东
#电影好东西#小狗和帅妈妈,浙江
好看好看！！！台词经典，演员到位，节奏欢快爱看这种啥也不教，叙事记录，人人都美好的电影🎬导演多拍#电影好东西#,贵州
#电影好东西#“你的眼睛很美很亮，我喜欢你看我，你怎么看我都没事儿。”“你的眼泪也很好吃。”,广东
因为看﻿#山花烂漫时#被#宋佳#的演技惊艳到，所以看到她的新电影宣传时，就一直想去电影院看看。索性在这周一下班之后，和饭搭子一起去看了电影🎦。#电影好东西#给我的第一感觉是十分直球。我不管你是不是认可我的价值观，我也不去绞尽脑汁的想，要怎么让你接受我的观念，我就近乎“填鸭式”的告诉你什么是女性，在一个女性生命的不同阶段可能会面对什么问题，我认为什么是好的什么是坏的。⭐你可能是王茉莉，一个小学学生，在学校里遭到男同学的诽谤和嘲笑也不敢和家人说，会因为自己的生活经历和个人能力而自卑，即使自己并没有那么糟糕。⭐你可能是小叶，一个二十多岁的年轻女孩，因为家暴的爸、懦弱又极端的妈而十分缺爱，目前既没有稳定的工作，也没有认真相处的伴侣，活得看似洒脱但并不那么快乐。⭐你也可能是王铁梅，和一个不够担当却又被父权驯化的老公结婚又离婚，权衡再三放弃了自己热爱的工作，目前辛苦的带着自己已经有了独立意识的孩子。这不仅是三个女人的生活，更是一个群体面临的困境。这虽然是电影艺术创作，但却是实实在在真实的生活。当然，这个电影里的几个男性也并非是传统意义上的男性。⭐前夫哥，更像是家庭中的“女人”，孩子出生后没有出去工作，又没有很强的工作能力，当孩子不需要照顾之后，开始“作”，后来提出离婚，最后做了滴滴司机（或还兼职做了拳击教练）。为了能和前妻有更多的话题，去了解女性主义相关的作品。他那句“你看过几本上野千鹤子”实在是太典了！仿佛是性转版的女权主义者。⭐小马，母亲去世早，与父亲断绝关系，被戏说有恋母情结。和铁梅在一起，像是被“渣男”玩弄的可怜女人，一种课间十分钟的消遣。他们不是其他影视作品里塑造的样板化的精英男人，但在社会中不占少数。所以，男人不一定是男人，也可能是女人。性别的对立，原本是社会分工造成的。虽然生理性别分为男女，但真正的“男”“女”却是后天培养出来的。虽然这部电影在有些处理上并不完美，但在中国电影里算是很大胆的女性主义电影，对比热辣滚烫来说，更加明确和直接，也算是个里程碑了。最后总结，女性要相信自己，广阔天地，大有可为！,河南
好看！！#电影好东西#,河南
《好东西》确实是好东西很多笑也有泪还有一些反讽但是这一切都是很细腻的笔触没有那些刻意的刻画不需要深刻的悲惨或美好不需要深刻的痛苦或幸福很平常也不无聊的叙事调调有很多直击心灵的话语很多感人肺腑的内容就是轻飘飘地普通地舒服地传达了但又很有力温柔是一种力量是润物细无声看这部电影的感受就是让我不知觉体会到了这种力量#电影好东西#,广东
我宣布，在我心里，赵又廷已经取代沈腾，成为中国最搞笑的男人了我现在光是想到他的脸就会笑到无法呼吸了，救大命了我真的看之前并不知道这是一部这么搞笑的电影，全程泪流满面，笑得喉咙都斯了，前1秒还在疯狂大笑，然后下1秒又开始哭，然后笑得眼泪还在眼睛里面哭的时候眼泪又流下来了，然后跟着马上又笑得眼泪又出来了，我朋友都说我癫了～～但是确实太踩中我的笑点了，特别是我觉得前夫哥的这个人物设定真的是过于搞笑了，他真的是承担了类似于夏洛特烦恼，里面袁华的角色，就是他的存在本身就是梗，在我的笑点上放肆轰炸。我很佩服，也很喜欢导演的叙事节奏，他在讨论一个很严肃的议题，但是整个过程都让人很快乐，看得也很轻松。而且我感觉超级好的一点，这部电影其实还蛮说教的，但是所有说教的内容和台词都让孩子来说出来就会有一种受教的感觉不会让人觉得很油腻，很沉重很负担，反而不是会让我们突然一惊令的思考的感觉，而是有一种呼一口气的轻松的感觉。其实之前看了爱情神话，对这部电影没有太大的期待，但是真的看完了以后觉得超出期待太多了，真的太值得去看了，我已经决定二刷三刷了，真的是一部很快乐的电影！#电影好东西#@邵艺辉导演我喜欢上了！您太会了～让我们放松拳头了～让我们笑～让我们快乐,湖南
#电影好东西#看完阳光明媚！！！真棒,四川
#电影好东西#编剧输出的欲望很强，这样的电影能拍出来也挺好，因为看完肯定就会想说一说。邻座两个妈妈各带着一个9岁左右的儿子，出来说，挺好，真情实感。我很惊讶，为什么我看的时候感觉好像说话肆意的欧美生活剧？好笑，但不开心。把男人当工具怎么开心得起来。男人既不是好东西，也不是鬼东西，不是毒草，不是两害取其轻的选择，是人，是爸爸，是伴侣，是儿子，是朋友，是同学，是同事，也可以是喜欢的男明星、男艺人、男歌手、男演员。不想把不开心或失败归咎于自己，而去归咎于男人、归咎于环境，这不也是一种懦弱吗？独立自强，可能是电影创作者最后想给女观众的祝福？此外，小女孩说话实在太刻薄太伤人了，这也不能找原生家庭当借口啊。庆幸的是，所有男演员女演员都演得很好，在一起创作倒是挺好的。,北京
#电影好东西#太好看了吧啊啊啊啊啊,北京
#电影好东西#好看鼠了，我愿称之为我的本年度最好看电影,陕西
好东西我的评分：#电影好东西#很好看的电影，做不被定义的女孩子，好好爱自己,山东
#电影好东西#,浙江
好东西！#电影好东西#,上海
#陈婧霏首唱好东西推广曲#陈婧霏在今天的#NOWNESS天才计划#荣誉之夜首唱了近期为#电影好东西#所写的宣传推广曲《她不再幻想》，还cue到正在台下的章宇：“非常喜欢您的表演。记得里面有句台词，章宇老师饰演的小马跟宋佳老师说，我们应该是上课的关系，也是课间十分钟的关系。那我们现在是在NOWNESS一起颁奖的关系哦。”L玩儿电影的微博视频,
好东西#电影好东西#好看！！,上海
#陈婧霏首唱好东西推广曲#陈婧霏在今天的#NOWNESS天才计划#荣誉之夜首唱了近期为#电影好东西#所写的宣传推广曲《她不再幻想》，还cue到正在台下的章宇：“非常喜欢您的表演。记得里面有句台词，章宇老师饰演的小马跟宋佳老师说，我们应该是上课的关系，也是课间十分钟的关系。那我们现在是在NOWNESS一起颁奖的关系哦。”L玩儿电影的微博视频,
#电影好东西#太精彩了，舍不得错过任何一个画面。猜声音那段很绝～镜头语言超赞，台词也超棒，故事立意也好好，看得通体舒畅！！！今日份阳光很好，喝了奶茶，做了热身，看了电影。btw，ThanksgivingDay,广东
你是如何做到的，这么自由？我都跟父权决裂了，我还是loser?地铁上陌生女人把王铁梅从男人肩膀上拉过来靠在自己身上你的眼睛很美很亮，你怎么看我都没事你把你的日子告诉我他俩咋了？比拼男子气概，那是什么东西，有毒的东西爸爸，我是你亲生的吗？那不是你应该做的吗如果我戒酒了，我就不自由了，不，你会得到真正的自由配乐太棒了！每次旋律一响起来内心就充满感动#电影好东西#,北京
#电影好东西#《好东西》——最近好电影推荐！看完才知道是和《爱情神话》一个导演，比爱情神话好看多了哈哈哈哈，好东西观感太好啦，电影中很多观点都是以演员们轻松幽默的表演形式自然的呈现在大家面前的。近几年宣传女性独立相关的话题不少，但很多都适得其反，因为一不小心就会挑起男女对立，不过好东西这部电影足够细腻，很多细节都能让人共情，有笑有泪。最后借电影里的台词：“正是因为我们足够乐观和自信，才能直面悲剧”,河南
北海的电影票虽然贵了点，但是一人包场真的很爽啊哈哈哈哈，真的很不错很好看！#电影好东西#,广西
#电影好东西#吹大了。除了宋佳能看，其他都矫情死。,浙江
#电影好东西#好看！！！,湖南
#电影好东西#好好好好好好看！！！,河南
#电影好东西#看完好东西之后我发现我很难再看男本位的东西了。昨天晚上吃饭和王哥一起看一个97年的美国电影🎦开头就是男主撒尿的镜头，然后就是黑帮监狱妓女这几个元素，我真的是一眼都不感兴趣,江苏
女性声音应该被听见#电影好东西##电影出走的决心#,北京
#电影好东西##宋佳#女性可以成为任何她们想成为的角色！L来一杯珍珠奶茶啵的微博视频,天津
看了电影，看了推荐，原来我有这本书，读读吧，很多事情如果作者不说我好像也没有特别在意过，关于如厕，关于弹钢琴，关于药品和实验，原来都是根据男人的需求，分娩喂奶，我在为谁来受这种苦难#电影好东西##我们读书吧##看不见的女性#,吉林
成年人的爱情就是这样简单直接#电影好东西#没想到电影好东西这么好笑L每日好片推荐的微博视频,北京
最近热映的#电影好东西#里有一句话被疯传——我善良正直有阅读量。确实，这句短小精悍的金句，可以说涵盖了女性做自己最基本也最重要的三点：三观正、能量正、有知识！无论在哪个时代，在怎样的环境中，一个女孩如果能完整接受到这三方面的施教，她的自我成长之路一定不会太坎坷。她会知道为什么，也会懂得怎么做，去为“成为自己”架桥铺路。可是，并非每个女孩都能拥有这样的机会。在摩洛哥裔法国作家蕾拉·斯利玛尼的这本《战争，战争，战争》里，你会看到在战争阴霾中组建的混血家庭，在历史、政治、民族、信仰、父权的混织中三代女性的生存状态。女性与女性之间尝试的同化与锻造某种意义上来说，也是困难的。这个世界没有完全真正的感同身受，当生存环境和认知不在一个水平面，有意无意的救赎，也会成为对他人的冒犯与伤害。对于女性而言，有形的战争和无形的战争在世界的不同角落仍然绵绵无绝期。“善良正直有阅读量”很简单，却也很不简单！#记录我的阅读时刻##微博书评团#,浙江
《评分9.1，电影《好东西》台词金句赏析》“我为你去结扎了。”“气氛不会被礼貌破坏，气氛只会被不礼貌破坏。”“我不打拳”#电影好东西##佳片奇遇季#O评分9.1，电影《好东西》台词金句赏析,北京
我也诚实正直有阅读量。今年的电影拍的深度有些是越来越高了，女性觉醒意识也越来越强了。让人开心的，就是好东西。❤#电影好东西#,浙江
昨晚看了《好东西》，同场观众全是女生。直到全场亮灯，字幕结束，都不见人起身。我嘟囔了一句：怎么都不走？这才陆续散场。这是一部讲女性自主意识觉醒的电影，虽然有点刻意，不过也算做得不错的了。其中最大的亮点是听音猜想，自然之音与生活之音交叉互融，凭借这个创意，完全可以令整部影片成为经典。影片的短板，是导演表达欲太强了，生活叙事跟不上观点输出。据说主创很年轻，91年的，锐意有，功力仍需修炼。女性自主意识觉醒，在于挣脱男权社会对女性的要求和期望，在于唤醒内心深处真正的自己，还有一个关键点：男人，不重要。历经世事，能达到这种心态，那这世事也算没有白白历经。如果非要把男人看得过重，那女人的腰板儿怎么也挺不直的。这是女性成熟的一个关口吧。有人一辈子也迈不过。#电影好东西#,河南
昨晚去看了#电影好东西#，忍不住一直在回味台词里的“女权表演艺术家”这个词，太妙了,广东
《好东西》北美上座率好高啊。今天是感恩节，北美传统大热档期，华语片能拿到排片就已经很不易了。而在美网友称，《好东西》首日在湾区旧金山售罄两场，西雅图amc从三场加至七场。闪耀世界的《好东西》，冲啊。#电影好东西#宋佳超话#佳片奇遇季##钟楚曦#,广东
好看啊#电影好东西#好想要钟楚曦的穿搭,江苏
很适合我这种单亲妈妈去看挺励志的#电影好东西#宋佳气质真的太好了，钟楚曦超漂亮两人都很真实诶,四川
一系列现实议题如工作、挣钱、小孩教育等不断涌现，考验着她们。王铁梅在公众号分享单亲妈妈经历后遭遇网暴，开始自我怀疑但也逐渐接纳自己的脆弱；小叶在爱情中受挫后，也逐渐成长，学会更加理性地看待感情.#电影好东西#‖宋佳‖钟楚曦‖章宇‖赵又廷‖,江苏
失眠到天亮。不知道是因为昨天下午的奶茶劲太大，还是看完《好东西》见到绍导劲儿太大。（失眠太无聊了，把映后交流想问没来得及问的问题，以及想和可爱女孩们交流的话题想了好几遍🤦）#电影好东西#,北京
经过种种波折，王茉莉演出成功并确认自己对写作的喜爱，而王铁梅和小叶也在彼此的支持下，更加勇敢地面对生活，实现了自我成长和突破，继续在上海这座城市中寻找属于她们的“好东西”.#电影好东西#‖宋佳‖钟楚曦‖章宇‖赵又廷‖,江苏
#电影好东西#《好东西》导演自述，没上过班，我很自由，没有人束缚我！TMD，很多人昧着良心在鼓吹！一个从来不用上班劳动的上海富家女，拍出来的所谓反映社会人群困境的电影，注定只是一场脱离实际的最终幻想……L外贸商老贾的微博视频,上海
她们从一开始就是“醒着”的。她们从不无力，即便依然要面对自身的牢笼。跳出千篇一律的爱情电影套路范式，我们永远有新的自定义关系可能！#在美图秀秀的N种追星姿势##电影好东西#@美图秀秀,广东
确实，我之前就跟她一模一样，甚至更严重无限内耗焦虑抑郁，差点彻底疯了，后面我发现其实我太缺爱了，原生家庭的原因，从小太独立太独立了，没有得到过满满的关爱和情感归宿，所以很容易被渣男骗，小时候缺什么长大就越想要得到什么……现在的我真心觉得，自己的所有事都比男人重要，真心觉得，他不值得消耗我任何情绪……#佳片奇遇季##电影好东西#L漫追追学长的微博视频,甘肃
#电影好东西#映后导演交流活动现场导演@邵艺辉分享乐队的歌曲选择🎵豆瓣9.1分，2024年国产剧情片第一！电影《好东西》正在热映中！整点新东西，说点新话题！L电影好东西的微博视频,河北
人来人往，要好好爱护自己，因为你是自己最长久的精神支柱。#电影##电影好东西##文案#L光影岁月的微博视频,北京
《好东西》值得分享#好东西##电影好东西#L国产电影凌凌漆的微博视频,北京
#在美图秀秀的N种追星姿势##电影好东西#一场视觉与心灵的盛宴，剧情如潺潺流水，自然而流畅地展开，从细微之处触动我们的心弦。搬新家了，和@美图秀秀共鸣好东西好心情！,广东
"#在美图秀秀的N种追星姿势##电影好东西#🦋不只是简单的爱情故事,更是一次对“自爱”和“觉醒”的深刻探讨。也是一面镜子,映照出我们内心深处最真实的自己。好东西中的情感纠葛和生活琐事,如同我们日常的缩影,产生共鸣同乐！🦋美好的友谊，美好的风景，最爱的@美图秀秀，好东西………一路相随。",广东
没错，电影好东西里提及的靴腿正是这支乐队！#靴腿乐队##电影好东西#L影界探秘者的微博视频,北京
#电影好东西##邵艺辉#原来拍电影还有新方式，就是挑起对立，突出矛盾，但是不给出解决方式和结果，最后通过流量把钱赚了。666,福建
不是所有女性都会被“欲擒故纵”这一招所左右#电影好东西#《好东西》是女性叙事的典范L电影看首映的微博视频,北京
爱情美好，但生活中不能仅有爱情。爱情神话平行篇好东西定档#电影好东西#L燃爆视界的微博视频,北京
#电影好东西#好看！,北京
是什么画面让大家表情管理彻底失控？别问，且看便是！#电影好东西#L爱追剧的慧慧的微博视频,江苏
#电影好东西#那些感受到自己被爱着的瞬间你还记得吗？豆瓣9.1分，2024年国产剧情片第一！电影《好东西》正在热映中！整点新东西，说点新话题！L电影好东西的微博视频,河北
好好好#电影好东西#,山西
这是我家开面馆的时候，最受欢迎的一道菜做法简单，#电影好东西#L美食翁的微博视频,上海
#电影好东西#突然想起来去看好东西那天因为我在前台买爆米花耽误了几分钟进去的时候电影已经到前夫结扎那儿了影厅就仨人一个男的在前面某排我和一个女的在后面某排隔了几个座位本来观影过程很顺利直到那个男的开始抽烟…挺讽刺的吧我旁边女的挺勇敢说影厅不让抽烟要抽出去抽男的就出去了等电影结束亮灯我发现旁边那女的脚踢在前面座位的后背…并且她坐的其实是我的位置7排6号正对着大屏幕的位置一个没素质俩没素质当然我也不是什么勇敢的好东西总之整个过程都充斥着90%的荒诞和10%的怯懦,河南
#在美图秀秀的N种追星姿势##电影好东西#看完后每个人都收拾好了心情会继续向未来进发。喜欢(✪▽✪)好东西这一种平静的感觉，就是我们都可以继续好好地生活。。@美图秀秀,广东
#电影好东西#好看！,北京
#电影好东西#是好看的,湖南
#电影好东西#凌晨两点半诶，竟然有482个人在看。好开心，新的规则慢慢在书写了,福建
#章宇#平时低调谦逊的他，竟然偷偷健身，腹肌惊艳众人！#电影好东西##邵艺辉#品道电影L娱乐最hot的微博视频,北京
宋佳和铁梅契合度满分#电影好东西#导演邵艺辉表示，宋佳身上具有一种非常快乐、自由与洒脱的气息，角色的贴合度极高！#品道电影#L偏要逗你玩的微博视频,北京
视野拓宽！#赵又廷#主动请缨出演#电影好东西#中的前夫角色，还幽默地自比为《芭比》中的Ken！#邵艺辉#L闻者未闻的微博视频,北京
王铁梅/宋佳*#电影好东西#,河南
好东西我的评分：#电影好东西#每当我很紧张觉得如果这个地方演员说出的话不对的话整个电影立意就崩塌的时候她们总能说出更棒更轻松的台词特别好的电影！,上海
#电影好东西#多么美好的女孩子们，这是属于女生之间的互助默契！#微博跨域计划#L戍衢小将的微博视频,浙江
好东西，两个字，好看。真的很像一部巨大的脱口秀。没有什么他和她，她和他的结局，这才真啊。也不必事事完满。#电影好东西#,浙江
很小的时候看《好奇害死猫》被里面的梁晓霞完全吸引住看的时候又害怕又紧张（理由很肤浅角色需要穿的很清凉🚬啥的那时候怕被大人发现看这个）宋佳的气质太独特了感觉她身上会散发浓浓的木质调气味前调是清冷的甚至有些冷洌后调是绿邂逅里掺杂了丝丝烟草的味道（很喜欢绿邂逅的味道比粉的淡雅有种绿草地的青草香夹着淡淡花香的感觉）透着生人勿近感但又想让人亲近野性与知性的共同体甚至我觉得高知高智女性的长相就应该是这样（刻板印象➕1）完全没有任何代餐演技也自然真实不突兀唱歌好听又很有故事感简直没有短板故事感这个词儿能拿捏我一辈子《好东西》的所有所有都很棒没有打着莫名其妙的旗号想往普罗大众的脑袋里非要塞进去点什么也没有说自己为着什么什么去发声实则拍成一坨挑起对立而且观影过程中心里一直感叹小演员的状态太对了总之很久没有看到感觉不到时间流逝的好电影了值得开心#电影好东西#,江苏
好东西是一部能让人从开头感触到结尾的电影还是第一次抽完了一整包纸巾这部剧很多隐藏的细节和彩蛋邵艺辉导演真的太厉害了同样是女性这部电影直接把我的感性拉满了女性狠狠共情女性看得心暖暖的被鼓励到了电影里的女性也是千千万万个我也是日常里女性的缩影在被看见被听见被记录也是女性真实的处境#电影好东西##女性成长##女性力量#,广东
#电影好东西#好东西不愧是个好东西宋佳演的单亲妈妈让我想起了我的妈妈在我印象里小时候我觉得她很神奇她有时候很严格却从来不会限制我看连载的动漫她是个语文老师但好像从来没逼我读那些名著她常常把我带到书店里面我很喜欢闻书的味道新书旧书我都爱闻我总是在书店抱出来一堆我感兴趣的小说她很高兴我也很高兴我想学特长尤其是钢琴她嘲笑我的短手指然后带我去学了美术每次老师让表演特长我都很烦自己为什么学的是画画这种慢工出细活的东西根本不能快速的展示出我的才能后来长大了我才感觉到美术这个特长带来的影响好像在很角落的地方但是它伴随着我的成长无时无刻不在塑造着我小时候我还觉得妈妈是个很坚强的女人好像我从来没有看他哭过但是她离婚以后有很长一段时间我也很少看他笑过那个时候我绞尽脑汁想逗他开心发现她有点不领情我很生气跟她大吵了一架然后她哭了然后我也哭了长大以后越来越觉得她其实就是个小女生直率坦诚也很脆弱小时候身边的同学都很羡慕我和妈妈之间的相处方式感觉不像母女更像是好朋友我常常为之感到自豪后来我才知道这其实跟我没什么很大的关系只是因为她是个好妈妈当然我也在钟楚曦演的女人身上看到曾经我自己的影子我缺乏父爱所以我渴望得到男性的爱所以我觉得自己要他点点头稍微肯定一下我我才能肯定我自己我很庆幸我摔了一跟头我也很庆幸我的朋友们就算再怎么觉得我窝囊也没有离开我对啊这世界上哪一件事不比男人重要这世界上还有什么比我自己更重要看完从电影院走出来无比庆幸自己是名女性拥有独属于自己的美和魅力今晚的风都在取悦我自己,天津
这是一部，鼓励女性跳脱审视，自己创造规则，自己来告诉自己：什么是好东西的电影。《好东西》，一场酣畅、克制、节奏明快的女性电影，没搞性别对立，没有凝视苦难，没煽情，没打拳。可你又清楚的感受到：没有一句废话。每句话都有它的意义。台词被雕琢和打磨的自然又有分量。碰到的点很多，中年离异，单亲妈妈，事业挫败，从严肃编辑走向带货直播，亲密关系、性平等、家暴、情感漠视、关系共生、性别对立、主外主内、审视与羞耻、梦想和现实、撒谎和坦荡、尝试与选择、勇敢与退缩……每个人都有自己的课题，这是三个女人，互相治愈共同成长的故事。作为观众，我们有笑有泪，在这123分钟的时长里，被深深浅浅的触动，共情、思考了一下。宋佳真的适合演这类角色，又真又飒，随着年龄的增长，愈发的有魅力。正直勇敢有流量，格局事业素质都很优秀的六边形带娃女性，可以做好自己想做的事情，用力撑起每一面，也可以不用做的最好、很好，也可以搞砸，那又能怎么样呢，谁是裁判呢？钟楚曦每次在面对争吵和指责时后退和耸肩的第一反应，真真就是个在家暴和父母冲突中长大的孩子，害怕冲突，无所适从，道歉求和，只希望你爱我，只有你肯定我，我才有价值。小孩当然也有自己要面对的问题，可她也更像一面镜子，对每个人的质问都一针见血，对人的关怀也直接赤诚。当然还有女性的群像，不鼓励举报不要求品行无暇的语文老师，地铁上会主动借出肩膀的行人，愿意为弱势群体发声哪怕只传播两天的女记者，班里会给小孩帮腔的女同学～多么难得，但却也真实存在，可能我们每个人，都曾遇到过这样的时刻。无论你是谁，无论你是哪个角色，都请给自己一个拥抱，美好的女孩子，你值得。最后的最后，小孩说：正是因为我们足够乐观和自信，才可以直面悲剧。小孩才是那个，把铁梅所有的报道都看完的人呐#好东西##电影好东西##婚姻与爱情的本质是什么#,河南
#电影好东西#这部电影为我的生活注入了希望和热情，她让我期待一个以觉醒为起点的社会将多么美好和有趣。,福建
发布了头条文章：《好东西》#电影好东西#O好东西,广东
#电影好东西#看完萧索的冬夜都明媚可爱了起来,四川
#电影好东西#目前为止，最喜欢的国产电影没有槽点可言,陕西
#电影好东西#太好看了真实又搞笑和现实不同的是里面的男性角色哪怕渣或者废底色还是不坏的笑得最大声的时候观众席也只是蛐蛐一句：“果然是男的…”啊看完好想去上海想去livehouse看乐队演出想去寻找一些能让我开心的好东西,湖南
笑死学到新词女权表演艺术家#电影好东西#,四川
澳洲《好东西》首映先冲了，刚看完，几乎满座。看完后很喜欢它的叙事，就是生活本身。每次前夫哥一出来都引发一阵爆笑，看男的堆叠一些feminism的词汇只是为了继续“吃软饭”真的荒谬感扑面而来。男的，搞笑。关于各种家务活的声音那一段真的看得很触动，被忽视的家务劳动其实跟很多或浪漫或宏大的事“听”起来没什么两样。台词就是讲着讲着冷不丁扎你一下。电影里两位女主的穿搭我也很爱。王茉莉让从来没想过生小孩的我短暂地想到以后如果有个女儿是不是也不错，女儿是这个世界上最能读懂妈妈的存在。唯一缺点就是排片太少太晚了，如果只有我一个人去看我真的会因为不敢这么晚回家放弃，不过在海外也能理解。我对导演还有点特殊感情。邵艺辉是我关注了很久很久的博主，当年她叫「红拂夜奔不复还」。几年前看到她开始卖电子🚬，被骂成北电之耻，那几篇文章转遍整个朋友圈。后来她消失了一段时间，我以为她退网了，然后她突然带着《爱情神话》回来，变成导演了。我记得去看『爱情神话』那天我刚去医院拿完抗抑郁的药，电影里有太多关注她多年才会知道的细节，当时看完电影我就哭了。就是觉得真好啊，我关注的人这几年有在好好生活好好成长。除了我大家好像都成长为了不起的人了，真好啊真好啊！我也能跟上就好了！我对她确实有着特殊情感，她的成功在当年是给我带来希望的事情之一，感觉像看着一直关注的人突然冲破困境杀出来了。谁说《好东西》不好的？这《好东西》太好了！#电影好东西#,澳大利亚
#电影好东西#两个字舒服一个字爽，近年观感最好的电影—好懂，好笑，好温柔，好有力量。是真正的“女子东西”。印象深刻的有手指掠过铁梅刨腹刀疤的镜头；地铁上女乘客拉过因打瞌睡歪在男乘客肩膀上的铁梅的头，靠在自己肩膀上（这个镜头我觉得很天才）；铁梅做家务声音的拟声；一些或直白或隐晦的lgbt设计；还有就是赵又廷那个角色太搞笑了，或者说所有男性角色的设计都很搞笑，把原本男本位视角下女性角色的工具性一调转，原来可以这么爽，电影看完也没记住（或者根本没写）男性角色的完整姓名背景，是真正的女本位。但我觉得这一部分已经很温和了，并没有贬低一方抬高另一方的做法，剧情冲突还是集中在三位女主角的成长上—他们只是配角并非工具。最精彩的是饭桌吃面那场戏，节奏非常好，把两性问题“摆到台面上说”，从男性嘴里蹦出一些女性主义学术用词喜剧效果绝佳。以及电影最温柔且有力量的表达：女性主义不是将女性从一个极端推向另外一个极端，女性可以是任何模样，关于美丑/爱恨/强弱的游戏规则谁爱玩玩吧，现在的玩法由她们自己决定。非要挑刺的话就是一些台词的过渡略显生硬，但没关系，正因为生硬才需要被反复提及，以后女性作品多了就习惯了。ps霉粉点了,江苏
#电影好东西#视角OK，剧情我个人不喜欢，眼科医生以为女一女二是伴侣这里倒还挺有意思。想必医生以后吹嘘的资本又多了一条：“以前有个漂亮女铜硬是为我由弯变直为我抛弃多年伴侣，后来跟我分手还吃半瓶安眠药紫砂，幸好命大抢救及时最后只是伤了腿，唉我以后可得注意不能再到处欠情债了”,新疆
看完《好东西》之后好像没有那么焦虑了让我最有感触的还是那句“怎么才算好呢裁判是谁呢搞砸了又能砸到哪里去呢”，对呀，就算搞砸了又怎么样呢，自己觉得好才是真正的好。大三，可能是很多人焦虑的时候，我也不例外，毕业了的路该怎么走呢，考研、考公，还是找工作。课程的减少，也好像让我已经进入倦怠期很久了，心里总是在想，考研，浪费了很多时间但最后考不上自己喜欢的学校怎么办；考公，我适合吗，从来没了解过；找工作，能干什么呢，当老师吗。一个又一个的自我怀疑和自我否定接踵而来，我的脑子很乱，特别乱。电影中间一些地方很幽默，让我笑的很放肆，但是笑着笑着就不自觉的哭了，心里涌上一种说不上来的感觉。我们总感觉自己被规划着，你应该做什么、怎么做，好像在被这个社会赶着向前走，缺少了对自己真实想法的理解。虽然有时候总会自我安慰告诉自己考不上又有什么大不了的，不行就先找份工作，但是内心并不想这样，还是焦虑的要命，不知道该怎么办。我很喜欢茉莉的“野生”，正直、勇敢、洒脱，并且也羡慕她的内核稳定、独立思考、尊重自我感受....“在很大的舞台上表演之后，我才发现，我并没有那么喜欢，对我来说只是完成了而已。”她并不是一个传统意义上的小孩，她知道自己想要什么，轻描淡写但充满底气。看完电影觉得一切都释怀了，考不考得上又有什么关系呢，不能因为害怕没有满意的结果就不敢迈出这一步，结果如何又怎么样呢，人生是旷野，有很多选择，也不会因为没考上就完蛋了，这只是一段经历，自己的感受才最重要。电影的末尾，小孩说：“正因为我们足够勇敢和自信，才能够面对所有悲剧。”让你感到平静幸福的，就是好东西。#电影好东西##人生感悟#,河南
“总要有人跟你说对不起”。一句台词让我爆哭十分钟，后劲太大。#电影好东西#,浙江
📖把铁梅的书单整理出来了#电影好东西##书单#豆列：O书单｜鐵梅的書單vx读书：O好东西｜王铁梅的书单,陕西
#电影好东西#好看！这种电影多来几个,甘肃
#电影好东西#铁梅和同事讨论“隐形家务”专题文章时说传统课题不能一味痛苦叙事。紧接着，小叶和茉莉一起听各种音效的剧情，就完美地展现了如何不痛苦地叙述女性承受的隐形家务。那一段我哭了妈妈承担了那么多光听到却不能猜到的家务，就像女性一遍遍复述而男性却不能感受和正视一样。换了一种方式，不那么痛苦，不那么压抑，不那么撕心裂肺，我依然看到妈妈的辛苦，但我也看到了妈妈的可爱。一个辛苦的母亲也许让人因为心理压力而远离，而一个辛苦又可爱的母亲却让人想拥抱上去。这部电影的基调就是如此，她的魅力也是如此。,福建
我要再去看一遍好东西#电影好东西#,四川
能让人开心的东西就是#电影好东西#声音是小孩世界里面的光怪陆离画面是忙忙碌碌操劳忙碌的母亲这是独属于电影能有的浪漫“我正直勇敢有阅读量”“我可怜什么”,北京
在线等待！妈妈生气时该如何安抚？#影视整活大赛##影视乱剪##电影好东西#《好东西》女性叙事典范L胶片岁月回味者的微博视频,北京
让我开心的东西，就是好东西。#电影好东西##电影好东西爆梗制造机#,甘肃
有越来越多像邵导一样优秀的女导演出现，就显得“上桌”这件事愈发重要。记得有一次在鱘浦村拍视频的时候，我拎着三脚架和相机在一个簪花店门口摆放机位，有一个大叔从后面路过说了一句，女摄影师，蛮稀有的欸。一直很健忘，但这句话我记了很久。虽然当时只是个临时客串摄像的小牛马，不是什么专业人士，但是从宏观角度来说，只要在male-dominatedindustry有更多的女性“上桌吃饭”，就可以减少很多职业中的性别刻板印象，把“稀有”变成“寻常”。在可以预见的未来，相信我们能够不用在影视作品中忍受随处可见的男性凝视。#电影好东西#,福建
#电影好东西#怎么才能算好呢裁判是谁呢为什么就不能搞砸又能砸到哪里去呢,浙江
今晚看了#电影好东西#，作为刚结婚三个多月的人，回想与单身时候的对比，发现似乎除了适应妻子、儿媳、嫂子身份的各种责任与人情世故、消失不见的懒觉、俩人小家需要添置物品花的心思以及地上的头发、镜子上水渍、桌子上的灰尘等隐形家务外，竟总结不出一点好处，当然这还是没有孩子的前提。,山西
很幸运遇见《好东西》这部电影，让我用一种全新的视角去看待女性主义，去解构女性的困境。困惑中女也好，恋爱脑也好，不婚主义也好，离婚带娃也好…生活有各种形态、各种压力，有时，我们不得不去扮演一些或许不够胜任的角色。但，那又怎样呢？谁说我们必须要做得足够好？/《好东西》推𝟏𝟎𝟎𝟎𝟎次！Sister们冲！(其实brother们也推荐！！)/@电影好东西@邵艺辉#电影好东西##电影推荐##电影好东西爆梗制造机##经典电影推荐#L米朵_MsDuo的微博视频,北京
“正是因为我们足够乐观和自信我们才能直面悲剧”#电影好东西#,山西
好看的我大晚上走出电影院有种阳光明媚的感觉#电影好东西#,湖北
#电影好东西#感觉好久没来电影院看电影了，就是没有以前那么积极了可能也是电影可看可不看的就想着以后视频网站上看看得了，大概跟我想法的人很多所以现在电影院确实挺冷清电影是好看的（除了因为我自己刷短视频过度的原因觉得大家说话好慢我好想倍速啊宋佳和钟楚曦我都挺喜欢的，看的过程几度觉得为什么不能你们两个人过呢？！只是电影里好多桥段我觉得有点刻意，但再想想刻意有总比没有好哇,江苏
妈的#电影好东西#真他妈是个好东西,四川
刷了#电影好东西#真不错，双女主一个追求独立自由的理智派一个缺爱的感性派，极与极的碰撞，与其说是两个代表，我觉得更像一个人的AB面。很多经典台词都是借由小孩的口说出，她代表的是新秩序的创造者，是不被束缚的，没有被同化的新人类，通过小孩的视角，我们会有一种恍然大悟，只缘身在此山中的当局者自省，整部影片叙事很舒服，轻松的氛围中也可以传达出主创的巧思：女性所追求的独立自由不是形式化的女权；只要能让你开心那就是好东西……,江西
#电影好东西#好好好，这就买来看上野千鹤子了！,
能吃能睡就是好东西，我是好东西又活了一天已经很棒了🫰🏻#电影好东西#,天津
新浪财经CEO邓庆旭：电影《好东西》“山西就是法国”#山西之夜##浙里遇见山西之夜##电影好东西#L山西网络广播电视台的微博视频,
#电影好东西#请你们所有人…都去看…都去看啊啊啊啊啊啊真的太好看了怎么又这么好看的东西我真的太舒服了太喜欢了刚看完出来我不知道怎么具体形容我的感受但是非常非常好,广东
#电影好东西#笑鼠,湖北
#电影好东西#我宣布这是今年我看过的电影里面最好看的！#好东西#,陕西
如果能让你开心，那就是好东西#电影好东西#,四川
#电影好东西#好看!爱看!多拍!p1满场不约而同的渣男p2宋佳太帅了吧!!!女孩子满分!,上海
好东西～#电影好东西#,上海
#电影好东西#支持好电影🤗🤗🤗#生活记录#,浙江
刚跟朋友们聊最近热映的女性题材电影《好东西》，朋友表示还没看要带妈妈去看，那一瞬间我其实都没想过带母亲去看这种题材电影，第一反应就是“你确定吗？她们能接受这样的尺度吗？”但回复完，我突然转念一想，竟然也希望我妈去看看这部电影，甚至我挺好奇她会有怎样的反应。作为五六十年代出生，几乎经历过中国的整个时代改革以及各种思潮纷飞的人，身上有大量时代的记忆和痕迹，然而如今的时代，女性主题文学影视作品不断涌现。如果她看到荧幕上题材的大胆，关系的大胆，以及女性在父权社会中所表现出的“忤逆”和“离经叛道”，这种截然不同于那个年代“服从”的姿态，不知道她会作何感想？当然《出走的决心》反而更好的体现了这一主题。想了想，担忧反而是不必要的，的确是应该请她看看这两部电影…#电影推荐##电影好东西#,广东
#电影好东西#好看！都去看！！有了娃以后9个月没看电影，看的是这个片真的超值的！！！,河北
刚刚看《她不再幻想》的mv又看哭了💭不知道除了自己欣赏之外该怎么支持这部电影那我抽三个没看过#电影好东西#的朋友去电影院看电影吧！（不要骗我哦领了红包请一定记得去看O流星牛角的红包,北京
冒着寒风去看的《好东西》是我观影体验最特别的一场电影🎬全场观众一起欢笑耳边响起的大多是女生的声音甚至在电影结束的时候大家不禁一起为这部电影的ending鼓起了掌真的心里说不出的暖意#电影好东西#,北京
#电影好东西#我们要让优秀的女性创作者赚到钱，这样市场会去拍更多女性主义和进步性思想的作品。我们要通过《好东西》吃上更多好东西。,福建
#电影好东西#是我的年度最佳电影。我在电影院真实地笑到流眼泪，看到深处也哭了一下，这种观影舒适感让我周身舒畅。记录这样美好的电影，总会觉得自己言语匮乏。我好喜欢每一句经过深刻思考后变得轻盈而又充满力量台词，它们像小溪一样自然而然地流淌，引导着剧情流动，给我带来德芙般丝滑。电影最丝滑的片段当属小孩儿猜声音和妈妈做家务声音的互文，是邵导独特的浪漫与观察。而每一次饭桌谈话出乎意料地走向，充斥着邵导的荒诞和幽默。总之，这部电影轻松加愉悦，配一点点苦痛。不管怎么样，再先锋的论调也永远超不过生活，再操蛋的生活也总有会发生一些美好的事情。哎哟，我好爱这部电影，好爱这位导演！,广西
Herstory！成为自己，成为任何你想成为的人！#电影好东西##弗里达卡罗##钟楚曦#L娱乐小侦探的微博视频,北京
好东西太好看了不夸张地说是我今年进电影院看过最好看的一部电影有好多感动到哭的片段同时又很搞笑温暖有力量很久没看到这么好看的国产电影了感恩#电影好东西#,湖南
#电影好东西#,江苏
好东西特别好看强烈推荐#好东西##电影好东西#,广东
#电影好东西#电影里有一幕让我瞬间流泪，小叶在铁梅和茉莉吵架的时候立刻蹲下说，是我没做好榜样，你不要怪妈妈。童年真的需要很久很久去治愈这部电影没有挑起男女对立，里面的男性角色都挺幽默的，像吵架的小朋友只是告诉女性你可以不完美，可以不被绑架，可以道德标准不那么高，可以为了自己着想，没有振臂高呼女权。看完真的很舒适，像晒了两个小时太阳。,陕西
#电影好东西#这部电影怎么会这么这么好看啊好爽啊看着！导演真的太牛了每句隐喻每个人物设定和人物关系绝了！女性的自我意识觉醒女性的态度社会现实问题男性真实视角而引出来的搞笑片段太讽刺了太好看了必须二刷！,广东
看电影《好东西》时发现观众清一色女性。我右边坐了两个二十出头的女孩，剧情过半时一个女孩翻出纸巾，分享给她朋友，两人拭泪。突然她伸手也递给我一张，估计以为我也被剧情打动流泪了。我倒是被她可爱的行径打动了，侧脸看过去，目之所及是两张生动年轻的脸。影院幕布反射的光线在她们姣好的面容上忽明忽灭，两双噙着眼泪的眸子包含着亮晶晶的善意直直地看向我。看向我干涸的双眼和灵魂，我恨不得原地挤出两滴鳄鱼的眼泪来。这是一部女性觉醒的电影，幽默辛辣又充满善意。自我觉醒是原罪，就像今天黑暗中看向我的天使般灼热清纯的双眼。#电影好东西##电影剧情#,天津
女人给我强#电影好东西#,浙江
#电影好东西#近几年看过最好看的电影！已经想二刷了啊啊啊啊,浙江
：《好东西》是一种在母亲子宫里的感觉。当出现一个我熟悉的场景我以为就要出现我熟悉的讨厌的台词和处理时，就会有一个刚刚好的台词和一个笑点，把一切都消解。“没有别的女的啦，如果有我就让她们去隔壁楼找他。”“可是她有什么错啦，她只是爱上了一个男人。”“是我的错，我是这爱情的障碍。”“你能不能别吃了。”“姐你不能增加女性容貌焦虑……”“你这个肉松的是我的。”“你怎么穿成这样？”“我…”“链接发我。”作为《好东西》的观众，我们真的被导演保护得好好。你永远不用担心有任何冒犯你的地方，不用担心吃进去的饭夹着生米，不用担心刚看完一个不错的画面转头喂你一嘴包裹着凝视和恶意的不明物体。就像我看到的一个描述——我们安全得就像在母亲子宫里。一切都是这么柔软，轻盈，在独属于自己的世界里大口呼吸，自由自在。#电影好东西#,浙江
#电影好东西##宋佳心动时刻#💌探班🌴🌴🌴,广东
#生活手记##电影好东西#我拒绝绑架，相对自由,甘肃
#电影好东西#有人说让我照照镜子看看自己嗯？我咋了我觉得自己挺好的就愿意做个小孩自己喜欢的就都是好东西最近太累了吧,陕西
“你的眼睛特别漂亮我喜欢你看着我你可以一直看着我”#电影好东西#,陕西
#电影好东西#友好交流，求轻喷。看了好东西，前面的梗很密，挺好玩的。挺好看的。有一点点不舒服的地方，电影感觉刻画的男性角色有点单薄了，我觉得我们女孩子就是很好啊，不用通过说男性的不好来说我们好。尤其是跟前阵子宋佳演的山花烂漫相比较，这个剧就很好，当然可能主题不一样，只能说后者更对我的胃口。有一个打动我的地方，是小孩儿的线，经过发展爱好这件事，小孩儿依然觉得不喜欢架子鼓，还是喜欢写作，让我觉得我可以做一些看起来没有意义的事情，不用非得每一件事都必须为了什么。还有铁梅鼓励小孩儿上台演出说的话，没有一味地鼓励，还是挺戳我的。当然好看的也不止这一个地方，女孩子间的治愈也很暖心。,河北
2024最好的电影#电影好东西#,浙江
好东西，难道没人爱里面的语文老师咩！又让我想起了菊花老师👩‍🏫，处处都是语文老师，人生会不会不一样🙃妈的回来就打上了个臭的快车！#电影好东西##好东西快车太臭#,北京
为了支持电影《好东西》和好书《看不见的女性》，关注我并转发这条微博，将送出5本《看不见的女性》。#电影好东西##宇弦书单#O抽奖详情,德国
#电影好东西#爱的前提是尊重！！Lcp少女的日常的微博视频,天津
#电影好东西#,江苏
都给我去看好东西#电影好东西#,海南
本年度最好看电影我爱宋佳#电影好东西#,陕西
看了好东西，抛开辱女脏话和把月经说成例假外，有个很不爽的点是乐队里的黄发姐姐一直没有特写镜头，就是在乐队表演时，每个人都有特写镜头，就她没有两场都是，还有就是小叶伪紫砂腿摔了的时候，乐队的朋友都去看望她，黄发姐姐也没出场，为啥啊#电影好东西#,江苏
"我宣布好东西是我今年看的最好看的一部电影,没有之一#电影好东西#",江苏
深夜的屏幕，映照着无尽的遐想。何不来场电影，体验#电影好东西#带来的心灵震撼？🎬🍿瞬间穿越，沉浸于光影世界。,湖北
小孩鼓起勇气上台打鼓后，我和铁梅都在台下红着眼眶。镜头一转来到课堂，小孩在作文里写道：“在我完成了一次大型表演之后，我发现自己并没有那么喜欢打鼓，我还是喜欢当观众。”我以为的那些既定的走向并没有发生，好像也是在告诉我，我们不必要去追求一个结果，我们可以搞砸，可以拒绝，可以变心，甚至可以半途而废，我们可以当一个别人眼里并不“好”的人，选择一个“不好”的结局，不，只要不停下幻想，故事就不会结局。#电影好东西#,湖南
#电影好东西#所以什么是好东西，那些能让你开心快乐的就是好东西温暖又治愈的一部电影！,北京
#电影好东西#这歌一出来我眼泪直接炸了🥹K滥俗的歌,上海
#电影好东西#“正是因为我们足够乐观和自信，我们才能直面悲剧”。,浙江
上映第7天战报新鲜出炉！#电影好东西#累计总票房超2.45亿，已有超582万观众收获快乐，连续7日票房&观影人次第一，预测总票房连涨5日，连续4日全国各省票房登顶，位居一周内地票房榜榜首，本周末预售领跑！感谢“好”朋友们的支持与陪伴，愿我们都能建立自己的规则，追求真正的自由！影院热映中！,北京
#电影好东西#电影散场，坐在我前排的老阿姨吐槽～这是什么电影，简直败坏社会风气我只能说代沟代沟😤,上海
"#电影推荐##电影好东西#还是要推荐一下这部电影，个人觉得这部电影其实很有启示，也是现在社会对更多女性意识觉醒的探索，“我拒绝绑架所以相对自由”很多时候女性因为各种各样的事情被打上各种各样的标签，但是“正是因为我们足够乐观和自信我们才能直面悲剧”所以dowantyouwanttodo,做你想成为的人，而不是别人想让你成为的人。",四川
#电影好东西#,吉林
#电影好东西#特别特别好看🥹,黑龙江
工作日晚上出门，快乐加倍!仿佛已经周五晚上。明天又有动力上班了。早就想看这部电影了，今天可算薅到人陪我一起看电影。佳姐还是一如既往地有魅力。#电影好东西#,上海
讲实话，虽然我真的很喜欢宋佳，但是，在我看来，《好东西》这部电影，全程每个演员都演的用力过猛…好像是为了所谓的立意，刻意的去对话、去大吼台词，顺便加上一堆“知乎热语”去表现为之，好像就能显的主题能更深刻。整个剧情，80%的时间我都有种替演员尴尬的感觉。客观点评，也有很多人说好看，可能人与人之间感动的点差别很大，我真的吃不来这套#电影好东西#,广东
#影视整活大赛##影视乱剪#钟楚曦：别再说了，再说早饭都要吐出来了……#电影好东西#电影好东西爱我便是L音小见大的微博视频,北京
#电影好东西#（见过邵导版,北京
#电影好东西#确实好，年度国语片最佳。轻松、诙谐、自然，导演看得出是真贴近生活细节出彩，台词更是精妙，几乎是一语双关，笑中有深意，人物鲜活。最喜欢几场群戏，通过聊天对话反应生活和立意，火锅店那场、前夫和小马家里吃饭那场、还有最后小孩和妈妈演出前那场……等等。“其实我们都不是东西”“好的标准是什么”“她们都不懂，但是她们也骂”“可就是因为足够乐观和自信，才敢于面对悲剧”我们总在意标签，也喜欢给别人贴标签。承认自己懦弱没有错，追求快乐也没有错。希望我们都不再苛求自己做满分答卷，真实的活着，就很好了。,广西
#电影好东西#好看！看完电影整个人都是轻松的，心里美滋滋、清爽爽。听着凤凰传奇开着车，小日子不要太开心,天津
#电影好东西#⭐️⭐️⭐️⭐️/⭐️⭐️⭐️⭐️⭐️電影裡面各種暗喻諷刺挺帶感的基本上算是做到恰到好處之前鋪天蓋地說是打拳的片子實際上並不是這麼一回事裡面打拳打得最凶竟然是趙又廷打起拳來太好笑了雖然好多人說他演得好我覺得更多是導演、編劇給的台詞特別好好幾處同性戀的橋段都做得非常好笑本質算是部不錯的喜劇片近期一堆連觀影慾望都沒有的片子這算是一部佳作,中国香港
#电影好东西#爱上宋佳是一件理所当然的事,甘肃
#好东西#很好的输出但始终还是超于现实的演绎很羡慕小叶能遇到铁梅#电影好东西#结局如果是她们在一起了会更升华吧,浙江
#影视整活大赛##影视乱剪#别问，爱我便是#电影好东西#L光影岁月的微博视频,北京
#电影好东西#真的是好东西！酣畅淋漓的两小时,北京
截至目前会二刷的女性向主题电影《好东西》#电影##电影好东西#女性本就强大且美好不绝对占边男权女权不仅是生理和精神的推崇平等而且是生性本就自由，天地本就广阔我们应该崇拜流浪、变化和幻想不愿将爱钉在单一的地球某处我们都不完美，但我们永远明媚我们也不卑微，我们也永远常青且葳蕤【我将一直前行膝盖对大地说道：带着你给我的淤青】,广东
生活碎片超话✨能让你开心的东西就是好东西✨为什么什么都要搞好呢搞砸了又咋了能砸到哪里去呢#电影好东西#,浙江
顶着寒风去看的电影《好东西》真的是好东西建议直接宣布年度最佳近些年最好看的女性题材电影没有之一！！山西和平遥电影节的梗本ip狠狠共情哈哈哈和老大哥直呼照镜子看得想起立鼓掌忍不住再说八百遍邵艺辉牛批！！！#电影好东西#,山西
#电影好东西#一开始我觉得茉莉一个8岁的小女孩说出来的话太超越了。但后来我觉得，在铁梅这样富有思想和主体性的妈妈的灌溉下，真的可以滋养出“未被规训的脑子”！而结尾茉莉对铁梅说“这是我出生时你写的新闻报道”，铁梅很震惊也很感动。茉莉的成长也反过来为被社会半规训的铁梅进行松绑女性的主体觉醒和自我成长能够灌溉新一代女性，而新一代女性也将反馈旧一代。这可能是结构性压迫的“解”。,福建
没啥好说的《好东西》确实是绝顶好的东西btw宋佳和钟楚曦真是两张伟大的脸美绝了#电影好东西#,黑龙江
Herstory被温暖包围#电影好东西#太好看了！,江西
好看#电影好东西#L若脱兔a的微博视频,湖南
太好看了意犹未尽就是这个女凝爽#电影好东西#,江苏
#电影好东西#非常不错的电影，里头有许多社会现象值得让人反省。无论是小叶的原生家庭还是茉莉的爹味父亲无疑都看到了自己的缩影。当赵又廷饰演的爸爸对茉莉诉说自己为了她多么含辛茹苦多么奉献牺牲，小孩反问他“我是捡来的吗？”，当小孩听到否定的答案后她又问到“那你说的这些难道不是你应该做的吗？”。很多人常常会自我感动，并把这种感觉加到了自己道德绑架他人的筹码上，要你愧疚要你感谢自己的“牺牲”，如果说看到孩子的成长与快乐他也感到了快乐，那这种“付出”必不会变成一种牺牲，因为他也从中获得了情绪价值，是值得的。电影里最喜欢的角色还属小叶，看着阳光明媚又破碎，深知苦痛的模样但即使如此也尝试为人撑伞。总觉得自己和她很像，唯一不同的地方是没有等到一个“对不起”，也没有像她那么积极勇敢制订新的游戏规则。愿所有人都值得被爱。,广东
看完《好东西》，回家。孩子冲过来大喊：“啊是我的妈妈回来啦！”我们明明只分离了一部电影的时间，孩子积攒的想念却厚厚的，暖暖的。我给了她一个很大很大的拥抱，足以让我俩都知道，浓浓的爱在我们之间流动，我不想跟她分离，不管因为什么原因。本来是处在状态不好的阶段，困于自身羸弱，疲于跟孩子相处，叹于父母衰老病痛缠身，觉得无助。可看完《好东西》却又觉得自己什么都行了。好像被注入了神奇的能量，让我足够相信自己，能抵御一切，能足够强大。喜欢《好东西》的原因有太多。电影里的小孩、铁梅、小叶、还有老师，都是可爱的女性角色，她们追求独立、自由、真实，她们彼此看见、彼此相拥。虽然她们说了好几次“不要生小孩”，但小孩带来的思考足以让我们期待，我们等着她们长大的世界，能建立新的游戏规则，把那些不敢讲的摊开在桌上来说，讨厌的东西大声地说，喜欢的东西大胆地做！#电影好东西#,湖南
#电影好东西#我去看之前，连预告都没看，一整个盲冲的！看下来觉得时髦又现实，好像把很多大家一直讨论激烈的问题轻轻拿起又轻轻放下。没有刻板的严肃说教也没有刻意贩卖悲情。就像台词说的那样“正是因为我们足够乐观和自信，才能直面悲观和恐惧”。导演的审美真的好酷，片中每一段音乐都出现的恰到好处。连章宇我都突然get到了他的帅点！剧情从童年，青年，中年三个不同年龄阶段的女性角度开始发散，展现出的是相同又个性十足的性格魅力。真的好好看，每一帧都可以细细品！看的时候一直热泪盈眶，就像那句话说的“为什么眼里常含泪水，因为我爱的深沉”。,云南
#电影好东西#好像看懂了，又好像没看懂……Solitudeisaperson'scarnival……,辽宁
我们不是可以一起看电影的关系，但可以是一起快乐的关系#电影好东西##生活手记#,上海
#电影好东西#真是个好东西好看！！！！,山东
#电影好东西#巨好看,陕西
希望我们未来会有新的规则可以走向不被束缚相对自由的生活#电影好东西#感谢邵导带来这么好的作品@邵艺辉,贵州
好东西我的评分：#电影好东西#作为习惯深沉叙事的传统派影迷，对于本片这种话剧/脱口秀风格的电影有点水土不服。对话密度大，场景偏向网剧，剧中服装有3件我淘宝见过同款，相当接地气。但不管怎样，影片毋庸置疑是佳作，并且难得地拍出了年轻一代的想法和生活（上海限定😂，地域特征太明显），小品段子部分也足够搞笑。人设多元稳定且真实，这些男男女女拉出去拍一部生活喜剧看的人应该也不少。宋佳的演绎很棒，拿得起放得下，“不完美”的独立女性，焦虑情绪同样能够感染观众。赵又廷可谓内地版高斯林，现实里油腻柔弱男真不太常见。鼓手看着贼眼熟，一开始以为是刺猬乐队的子健（脸盲），私以为这造型绝对有参考过。贾樟柯真是山西人的骄傲啊，可惜提到他的时候影院鸦雀无声，有点伤心。,江苏
快乐一等！这周完美了#电影好东西#,北京
所有女性，都给我去看《好东西》这部电影。不好看你回来骂我！又笑又哭！你是女人不是超人，你不需要做好所有事，不需要扮演好所有身份。是人就有缺陷，不要苛责自己！人一生能坚持自己就已经很棒了！#电影好东西##兰州生活#,甘肃
#电影好东西#拍的太妙了，妙不可言,江苏
好东西我的评分：#电影好东西#这是我看了很多影评去看的电影，把邵导的每一个小巧思都细细的看了一遍，这娓娓道来的情感，水到渠成的细腻的触动心灵的友谊，一边笑着一边哭着，那段铁梅做家务收录的声音被小孩用具象的实物去形容，真的是爆哭的🍊啊，一瞬间泪流满面，接着就会哈哈哈大笑的🍊，在调侃中叙事，在相对轻盈中书写，然后找到女性自己的声音，里面男性也是可爱的，都有话直说，直接说怎么了，一起发声的感觉挺好的，邵导戳中心窝窝儿，看得见的日常看不见的女性被缓缓的注入灵魂，清晰的坐到了你的身边，微笑着看了看你抱了你一下，啊，原来世界上另一半的我们，被认真对待是这样的，原来心灵被按摩是这样的，原来女性是主题叙事也可以是这样的，此刻我可以哭的很大声儿吗？你说，Whynot？——电影《好东西》大卖大卖啊大家啊都接着大量的宣传啊,河南
#电影好东西#一时兴起去看了今天的最后一场，我觉得还是可以看看的，作为女性我完全可以共情，有哭有笑，但是男性好像get不到一点,浙江
出差前匆匆去和大美女钟楚曦合了个影，都没来得及看电影，明天回太原第一件事就是去看《好东西》这部女性视角的电影。梁永安老师在《她们何以不同》中写到：“真正的女性自由，不是一定要在职场上冲锋陷阵，也不是非要回归家庭相夫教子，而是拥有选择的权利，能够按照自己的意愿去生活。你当像鸟，飞往你的山，知不足而奋进，望远山而前行。⛰️#电影好东西#,浙江
#电影好东西#还没看但已经听了导演的播客，期待值拉满了,广东
第一次真的二刷的电影哈特暖暖#电影好东西#,广东
最近会看到有人拿《出走的决心》和《好东西》做比较，但是两者都是好作品，在呈现不同维度的东西，为什么一定要比较呢？《出走的决心》更偏现实，是由苏敏阿姨的真实经历改编的，它让一些处在困境中的女性被看到，并可以思考，我是否也可以“出走”？而《好东西》看似像是在写当下，其实也是在写一种“未来”，虽然它讨论的议题都是现在的热点话题，但是显然当下的社会环境并没有到达电影里呈现的那种程度，但你不能因此批判这种电影只是精神鸦片没有其它意义。它可以让人看到我们或许能走向的方向，也许也会更加激励一部分创作者做出更多更好的女性视角的作品，它的意义不止是让女性“爽”两小时，它会有比大家想象的更加深远、长足的影响。正如女性是如此坚韧，她们的生命力如此蓬勃，女性创作能带来的影响也是不可忽视的，它能带来的会比大家想象中还多，我们只是需要一点时间，让一切变得更好的时间。而一切的前提，是先让女性“上桌”，先有量，先让大家都站到一起，再求质，再说以后。在社会环境发展到一定程度之前，我不愿意过多苛责女性表达，何况是在当下如此稀缺的表达。我不知道这些话我还要再说多久，但是在世界变成我想要的样子以前，直到我死去的那天，或许我都会一直说。#电影好东西#,浙江
钟楚曦超话晚安大家#电影好东西#,广东
#电影好东西#好看宋佳姐太帅了,广东
今天看了#电影好东西#真的好东西哈哈哈哈特别好看！！！然后也特别搞笑啊哈哈哈哈哈而且后面也很感动喜欢喜欢,山东
看完#电影好东西#，第一反应宋佳的穿搭好好看，优雅活泼，有鲜艳的卡通颜色，也有洒脱帅气的统一性，离婚带娃也不影响的那种霸气和看得开，给足孩子情绪价值和安全感，感觉是一部育儿片，从女性角度出发，直面女性问题，被跟踪，开放型关系等等，这些仿佛从一个扛得住事儿的妈妈身上出发，一切变得不那么负面和焦虑，虽然单亲妈妈也被网暴，但是不在既定成型的规则里，又活出了希望。看完#电影出走的决心#，第一反应是恐育片，因为懦弱隐忍，被困在婚姻里，困在孩子的家庭里，丈夫从来不感激不关心落井下石，一句我的命就这样，抑郁后仍不以为然，这大几十年的付出就当是荒废了，终于在看不到头的崩溃中决定自驾游，这时候已经六旬老太了，还好走出来了，不经会问婚姻孩子到底给自己带来什么呢？不过只要心不懒，身不懒，一切都还来得及吧。再看看身边的朋友圈，大家的生活看着都很精彩，有光鲜亮丽的，也自由洒脱的，也有结婚孩子的，有追逐自己梦想的，有努力奔波奋斗的，会想说那自己又属于哪一类呢，可能是最普通平凡但又蠢蠢欲动的。,北京
#电影好东西#女导演yyds大学期间和朋友去看过爱情神话，记得当初还一不小心包场了好东西确实好笑，但也有泪点其中我觉得不止讨论女性在恋爱中的想法，连育儿的观念都很先进没有男人女性也能生活得很好,广东
马上又快到周末了，我要看看我列表有没有人在我的明示暗示下去看好东西如果没有我真的会很伤心那我真的太孤独了#电影好东西#,湖南
#电影好东西##电影推荐#让我在爆笑和爆哭中无缝衔接，绵里藏针。它像一只戳进我胳肢窝的手，可笑又可悲。印象中第一个让我流泪的地方，是小叶让小孩听声音辨事物，妈妈的日常里暗藏着无数探险，原来“不再幻想”让我失去了很多奇妙的感受。最后一个让我流泪的地方，是我突然发现，大家都会在勇敢和软弱、执着和放下中徘徊，他们真实，所以动人。所以我们不必要成为无可挑剔的“女战士”，每个人只要在某个赛道解放了自己，就是在解放全体女性。所以应当允许有无数种标准和价值观，因为没有一种标准是绝对正确的，我们追求的是那种，所有选择都能和谐共存的自由。所以即使“表演女权”真的很蠢，但能让更多人不得不使用这种全新的视角，也会成为实现真正平等的一个很酷的开端。观影时我很想穿进大屏幕去拥抱女孩们，后来我想起，我应该先拥抱身边的你们。,湖南
电影好东西超话@邵艺辉大邵今天太可爱啦啊啊啊终于见到你了，特别特别开心🥹希望你喜欢我的礼物💝#电影好东西点映口碑##电影好东西##邵艺辉#,北京
#电影好东西#“你的眼睛很亮很美我喜欢你看着我你怎么看都没事的”我眼泪糊一脸……,广东
#电影好东西#好看！我宣布今年最爱的电影！,重庆
#电影好东西#看完好几天还是感觉有后劲儿，那种沉浸感和饱满腹感真是让人血肉疯长。,安徽
太好看了！都去看#电影好东西#,江西
一个人一场电影这大概就是独处最舒服的状态送自己一句话“能让你开心的东西就是好东西”#电影好东西##电影好东西在老破小打开新世界#,广东
电影好东西超话#电影好东西#是一桌好饭，而且这次你不在厨房。迄今为止看到的最大胆的院线电影。首先主旨选的就很大胆，男女权一直以来都是非常非常敏感且容易弄巧成拙的话题。不能拍的太犀利，更不能拍的太媚女，不然就是反面教材《绝望主夫》。所以敢围绕这个来拍而且拍的很好，就已经很值得夸奖。影片用了一种不哀伤、不唱衰甚至还有点幽默的手法向全社会表达了女性在家庭中的付出。就好像剧情中女主角写的公众号一样，并不重复苦难，只是简单的让大家看到而已。其次，影片首次大胆谈论关于long-termrelationship（长期关系）、friendswithbenefits（朋友兼p友）等非正式恋爱的亲密关系。而且这些关系的“主导人”有男有女，影片并不恐于去塑造一个“坏女人”，或者说它真正想说的是不存在什么好女人好男人，没必要被这些词所规劝。“让你开心的，就是好东西。”这种剧情对于很多观众，尤其是中老年女性观众其实是很难接受的，绝对算得上中国影史上很难走的一步路（这里其实也呼应了片中王铁梅的文章被很多女性观众骂）。再次，这也是首次拍在公众场合、男性存在的公众场合直接谈论“月经”的情节。影片想表达的东西很多，但多而不乱。原生家庭的混乱的源头究竟在哪，又该怎么终止？从小缺乏母爱就是容易爱上年长者。我的生活已经很乱了，没有心思像学生时代一样开启一段恋爱，那FWB怎么不可以？以及每个小女孩成长过程中或多或少的纠结、虚荣、尝试、难过和摇摆。这真的是一桌很细腻的饭，而且这次，你不在厨房。顺带提一嘴，这是我第二次在院线电影里看到关于拉拉的情节，第一次是《照明商店》。有种大家一起偷偷反抗老钟不接受🪣的微妙感觉。,安徽
最近泪点又低了看啥电影都掉小珍珠#电影好东西#中间好几次在眼眶打转都憋回去了最后小孩姐穿着霉霉演唱会的衣服走上台那一刻整个人直接泪崩,北京
#小巷人家##电影好东西#饭不一定好吃但戏绝对精彩🎬如果能让你开心那就是好东西❤️,山西
《好东西》这部电影拍的真好，是那种不浪费观众一分钟的好电影！我们永远是是鲜活的，自由的完全自主的女人！#电影好东西#,江苏
强烈安利好东西🎬对女性主义有了新的解读看完觉得自己的思想又成长了要自由要独立要敢去爱只要能让你快乐的东西就是好东西#电影好东西#,山西
真的不建议带孩子去看，本来看着搞笑也有孩子的环节，没想到很炸裂就啃起来了，而且也是特别好笑，别花钱了,陕西
没看明白离异带娃的女人有那么多魅力 瞎演 这么多剩女的鸡汤,河北
整个剧情节奏流畅,河南
为什么要在意别人的眼光？我赤诚勇敢的去面对自己，直面黑暗和阴暗面，便是最好的自己,北京
非常非常细腻的女性电影……今年最喜欢的电影了！,山东
剧情立意很好，看完后没有任何焦虑，世界有黑有白，生活有苦有甜，不要太纠结，我们只要好好慢慢的活着去做自己喜欢的事情就可以。,天津
好看，非常不错,新疆
演技很好，推荐,山东
记流水账的电影，看到一半看不下去了走了,四川
非常喜欢的一部电影，很庆幸没有临时更换，和好朋友一起看可开心了～电影里，每个角色都很出彩，好想心里住着个王铁梅，能像她一样勇敢，直爽和快乐。很喜欢小叶，表面酷酷和开朗的女生，很想让她被真心爱着。小孩，小马，前夫都演技在线。很喜欢几个人在饭桌上的一幕，剧情和台词真的流畅，很喜欢妈妈在小孩上台表演前告诉她，在你没准备好的时候可以不去做，等你准备好了我们再来。推荐,广东
垃圾电影，全程为为女人说话，洗脑，给男人发赎罪券，坐等票房值多少，完全不值得看。,上海
很贴近现实的少数理想主义电影,河南
剧情不错，前面剧情进展还可以，后面潦草结尾，宋佳演的不错，值得被夸奖。,江西
"很好看，拍的非常细腻
",河南
"很好看的电影，和朋友一起看的，一开始还担心这种类型的电影会无料，但是看完以后发现观感出乎意料的很好。看网评很多人说是为了打拳而拍的电影，可是里面呈现的很多情节都是现代女性正在真真实实经历的，关于家庭，关于梦想，关于爱，没有夸大也没有反复强调苦难，反而很多时候在感人情节中插入一些轻松的笑点。而且抛开性别，里面很多对女孩儿们说的道理，对男性也同样适用。

“什么样才叫够好了，谁是裁判？”生活很累，有时候真的需要放松一下，不管是谁，是什么年龄，什么性别，不一定要做的多好，生活本来就是建立在旷野上的无数条轨道，人生很长，没必要一眼就望到头。",湖北
想做什么都可以，没有裁判，没有规则，多去试试，错就错了，对就对了,广东
今年比较推荐的片子。电影主题符合当代年轻人口味，人物刻画立体形象，台词细节印象深刻,河南
"如果我的女朋友，她烫着她最喜欢的蛋卷发型，穿着她爱的衣服，为了索取爱躺在我的床上和我嬉戏说笑，为了跟我拥有更多话题和时间将她的热情全都付诸于我。我会更致力于去看她的livehouse，看更多的书学习优美的语言去夸赞她，闲暇为她买适合的衣裙，带她去了解我身边的一切。迫不及待的用确定关系来将她拉入我的生活。而不是——床伴。肉体交流，不能用喜欢和爱来表示。小叶，只是迷失在缺爱的生活里。幸运的是，也幸福的是，她遇到了铁梅，遇到了小孩。
王铁梅，说一没有二，说三迈向四的女人。她的生活是井然有序却不失格调，她尊重，并如此的珍爱她的世界——小孩。
她挣脱了“女性”固定在刻板印象上的淑女，就像她的名字那样，铁梅，她是铁做的女人。她雷厉风行，但不失母亲的柔性，她是大女人的代表，是小叶的偶像，小孩最爱的妈妈。
小孩，即使父母离异，却被父母都用爱教导长大的小孩。她的敏感，她的温柔，她的害怕，她的逃避。都是属于小孩自己的情绪。如果小叶的眼睛是被母亲挨打的原因，那么就是小孩爱小叶的原因。因为小孩，她是那么的，好。
这部电影真的拍的很好。更多的话写不下了，但这是24年拍女性，拍细腻，拍勇敢生活最好的一部电影。",山西
太好看了!!,广东
真的是很好的电影，可惜现在女性的处境道阻且长，希望能唤醒更多的女性吧。我们不需要弱小可怜无能，更不需要雌竞攀附男人,浙江
好看！特别轻盈特别有力量的好东西，是特别特别好的好东西，虽然轻盈但是深刻，情感表达也很细腻，中间的蒙太奇太绝了，还有不同场景的氛围感也很绝，感觉是送给女性的一个礼物，看完心情会很好，而且很多台词从小孩的嘴里很平淡的说出来真的会让人陷入思考，太会表达了，喜欢！,广西
我印象中这是第一次看到以丧葬业为主题的中文电影，观影过程中数次落泪，演员表演也很精彩，值得一看,广东
好看 太搞笑了 想二刷,河南
"好东西VS坏东西，好人VS坏人，我们总是在给自己下一个定义，做出一个评判或者物化，可是我们是否想过或许好坏与对错并不是那么对立，人与物也只是名称的不同。评判真的那么重要吗？作为人，一定要有固定的标签区别男女吗？
当了妈妈，就不能做自己吗？做妈妈的付出中让我们感受到对自己的委屈，不正是包含了不甘心放弃自我，让我们能承担了更多责任，让我们从一个手不能提的小女孩变成了勇挑重担的母亲吗？那些对现实生活的妥协与挣扎，那些日复一日的家务和工作，不正是成为了我们勇往直前的力量吗？
我们教给孩子们的诚实勇敢有阅读量，并没有让孩子们感受到自己的存在，反而是那个正视生活的我们，在每一天的忙碌中给孩子们做出了榜样，让孩子们看到了我们，在心里定格出妈妈的模样。
那些妈妈日常家务劳作的声音和大自然的声音唯一的区别就是多了妈妈的爱。我们是妈妈，也是我们自己。
PS:或许该带娃一起去轻松的音乐酒吧听个歌，找点灵感，毕竟写一首歌也是我的梦想之一啊？！",辽宁
还不错挺好看,浙江
一点都不好看，快看睡着了，浪费时间,贵州
人生第一次评价，别来浪费钱，贵州贵阳，实名,贵州
好看，感觉被治愈了,湖南
三观不正，剧情很尬,江苏
太一般了 很差,北京
人间百态，每个人都有自己的不同人生，命运！,黑龙江
"好看，导演很有思想。
电影轻松诙谐，小幽默。 都市人的生活呈现的很生活化。演员都不错，爱情神话和好东西，都把上海的生活拍的很好。男女关系也很微妙，还从这部电影知道了上野千鹤子。整体来说是8-9分的电影，个人感觉，是2024年一整年看到最好的的国产院线电影了。",湖北
不管怎样，我觉得这是我今年最喜欢的电影。作为观看者我跟着她们一起笑一起紧张差点一起流眼泪哈哈哈，大概上映了一些日子了，影厅里并没有许多人，但是我听见了许多笑声，很有感染力，每一个演员都演绎的恰到好处，铁梅很美，小叶很美，小孩儿也很可爱，嗯，章宇老师和赵又廷老师也很可爱！无论如何，今天都是美好的的一天，去朋友家吃了饭，收到了妈妈说不会催我结婚的消息，看了好看的电影，是个好东西！我很自由！我很快乐！我很好！,北京
不知道演的什么玩意儿,重庆
"🌟 推荐
超级推荐",陕西
大部分都在强调女性权利不对等。我作为男性我还觉得男的不好呢,河南
一点也不好看，尬聊,河南
太垃圾了拍的，没头没脑，不知道拍的什么👻片，,江苏
非常值得大家观看,湖北
很好，适合女生看,北京
《好东西》值得一看！,四川
很棒的电影，搞笑爆梗真实治愈，希望以后这样的电影多一些！,江苏
女性独立，则天地皆宽。,新疆
一般，非常一般,江苏
让人感动又好笑以及深思的好片。 不负期待！除了两位大女主，三位男配，小女主也很出彩。 台词硬核又充满智慧。看完有种享受了一顿饕餮盛宴，还意犹未尽的感觉。 希望大家都可以勇敢一点，活出自己喜欢的样子。相信世界也会慢慢改变和进步，不再双标。^_^,广东
"“Nobody”
“Somebody” 
其实不知道大家注意到没有，中英文台词的翻译也都特别灵！！
以及上野千鹤子做梦没想到她还可以有这样的作用哈哈哈",北京
好看，推荐大家可以看一下,新疆
看后很感触，女性在社会上生存本就不太容易，身为女性的我们，需多爱自己一些，也不用事事都要做好，允许脆弱存在😉,广东
不错挺喜欢的,广东
好看！特别推荐！,云南
刚和媳妇一起看，下电梯时我忘她能不能总结一下，才思敏捷的她一下卡住了，我说，是不是有一种看了什么又好像什么也没看，哈哈哈。演技不错，剧情没啥意思,陕西
"🌟 推荐
超级棒，女本位的电影
😊 演技
演员演技都很好
🌅 画面
很有美感
🎉闪光点
笑点泪点很密集但笑点更多很轻松",浙江
第一次看电影看睡了。。。。避雷 哪来那么好的评分,山东
好看，很感人，很励志。,江西
"我想给予这部电影差评的女性正如电影里的那句台词“你以为在解放人家呢，人家根本不领情”
",海南
不咋地，难看,湖北
女性成长题材的电影 它不一定是最好 但一定是一个最好的开端,天津
高强度冲浪选手get到了所有梗，输出观点但是不生硬不牵强，给予我所有的肯定,宁夏
"一坨答辩，超级烂，估计花钱买票房了
",北京
很好看很有意义,湖北
三观比较炸裂 别领孩子来,甘肃
"电影有关女性的成长

剧中小叶从小缺爱，长大后在寻找伴侣上特别看中男生是否爱他，夸赞自己。不敢流露真实的自己的需求，自己真实的生活状态。害怕受伤，一直伪装不在乎，不需要 ，隐藏自己的需求。

剧中铁梅是个独立坚强的单亲妈妈，追求完美，对自己高要求。有着正确的三观，在剧中和孩子一起成长，她放下对自己的高要求，追求个人幸福。直视社会舆论，为孩子做榜样，孩子远比她想象中勇敢。

",上海
烂片一部   全剧无聊，宣传女权主义,内蒙古
"🌟 推荐无敌爆炸好看 内娱近两年最好看的影片了好看的到五体投地

😊 演技每个人都很精彩情绪转换 演绎的都很好

😭 哭点没有故意煽情，真实到你随着里面人物视角都能哭 不由自主的哭 泪点低的人都很好哭 真的触动内心的哭点

🎉闪光点直白很多教育盲点吧，比如中国人含蓄不敢直面的🌟方面情感方面问题吧 每个点都很直接 梗也玩的适度又好笑 而且感觉能从电影直接出梗 无敌爆炸超级好看！！

😂 笑点",天津
没看懂！看了一半不到就出来了！,甘肃
好看 在假期给心灵做了个SPA,湖南
太烂了 价值观扭曲,上海
剧情不错，演技很好,辽宁
好东西 有点东西～,河北
节奏紧凑，好看,江苏
很好看的电影,上海
非常不错，宋佳演技很棒，其他演员演的也很到位，魔都的生活，魔都的一隅,甘肃
🤓🫰🏻好看 爱看,新疆
最近有些内耗，很治愈，值得N刷,黑龙江
很好看，很治愈,辽宁
值得票价 线下可以在看一遍的好电影,山东
这部电影总的来说是我很少能够看到的类型，很现实，很感动。里面所表达的情感确是很多电影做不到的，社会上很多人都对女性有些刻板印象，希望这个世界能多给女性关注和支持，像电影中铁梅发表文章后有很多人骂，大多还是女性，我觉得这很无奈，很真实，这同时也在呼吁大家不要对他人恶意揣测，这部电影真的很不错，建议大家去看！,安徽
很清新的画风，选取了很现实的生活画面，出了很多金句，很有价值和意义，没有说教但能引人思考，也有很多梗～整场电影下来有笑点有泪点，真的很好看！角色性格被塑造得鲜明生动有血有肉，主角都演得很棒～（尤其是钟楚曦饰演的小叶，真的演得很好！宋佳饰演的铁梅也很有魅力！）,江苏
感觉一般哈 我第一次看睡着了,河北
电影还原了生活的真实的写照,江苏
包袱没掉过，轻松又新颖，好看,广西
挺好看的，很搞笑,四川
喜欢宋佳，还不错,河北
好难 非常值得一看 剧情紧随潮流 搞笑中夹杂着心酸👍👍👍👍,山东
希望内地多出女性题材的影片！很好看！,江苏
别看，看了会后悔的,河北
一般吧，白花钱了,重庆
挺有梗的 好电影 看了浅层就想让人更深入了解了 第一个看一半就急不可耐准备找解说了,黑龙江
"好看
引人深思",福建
"谁懂 两位主演美貌暴击！！
剧情流畅又有梗 让人笑了又哭😭
绝对值得贡献两张票推荐
🌟 推荐",陕西
我愿称之为最喜欢的一部电影,广东
立意特别好 把我看哭了😭,江苏
永远可以做个小孩,山西
挺有意思的，轻松快乐,北京
电影很好看，笑点很多，值得去看,河南
"第一部女性题材很满意的电影院观影体验
不再单纯的是女性被压抑，女性要独立，这种故事。
还结合了每个人的成长童年甚至几代人
有很多有泪点的地方，也有很多明明剧里没有哭，但是却很触动的地方。
我是女儿 我不为她犯的错承担后果
我是妻子 我不是谁的附属品
我 只是 女性 字面意思的一名女性 不差分毫
",北京
很好看，剧情合理连贯，逻辑通顺，演员演技过关，笑点也很多，这几年我觉得我看过的最好看的了,内蒙古
挺搞笑的，也挺有深意。,山西
好看好看 厉害👍🏻 棒棒棒,湖北
想再看一遍 很有力量,四川
好看 每个人都不容易,河南
好看不错可以,四川
看到了真正的女性主义电影,山东
挺不错的，幽默的地方很多，不是抖段子的那种生硬，而是贴合生活，贴合人物角色的那一种幽默和有趣,湖北
可以，味道还可以，就是肉少了点。,广东
"温馨真实
搞笑幽默",湖南
剧情超级好，宋佳的演技很好，爱上宋佳了,河南
真的很好看很适合女生看我超爱,江苏
非常不错，挺好看的,河南
很搞笑 很好看,北京
近几年看过最好看的一部电影,山东
清丽脱俗的电影，太精彩了,江苏
一部轻松日常电影，生活不是在别处，是在当下的每一分每一秒，无论好的坏的都接受，很有趣的电影,安徽
很好看，很容易带入，非常不错，观影体验很不错，剧情很棒，总之就是非常好,湖北
看了两遍 超级好看,甘肃
垃圾电影 传递的什么价值观,陕西
作为女生，看完最大的感受就是被治愈到了。只是简单的共鸣，被看到就已经给予了我很大的力量。,广东
电影很好啊啊,江苏
她是将来的我，我是过去的她。宋佳和钟楚曦好迷人啊！,湖北
当代女性自立自强…敢爱敢恨…挺好的…努力活着 …就很好,广西
钟楚曦演技真的好好电影讲述的单身妈妈的故事真的很感人,内蒙古
非常好看推荐,安徽
特别好看！很幽默,四川
真的特别推荐的一部电影,福建
真的是以女性的角度来播放的,黑龙江
看不懂。但应该，还行吧。,安徽
看完心情会好很多呀,吉林
三观扭曲. 混乱价值观🤪  不知道分怎么上来的,河南
烂片，完全是被营销误导了,江苏
很好看！幸福流泪,北京
尴尬不好看很不好看,吉林
真的很好看啊，今年的top1！！！,云南
其实在看之前的期待值不高，以为真是无脑宣示女权或者打性别红利的电影。但从开始看就意识到他不是个简单无脑的电影，电影不是视频平台上宣传的那么偏激，什么原罪，什么结扎。断章取义了那些片段，很值得一看，电影笑点很多很有语言艺术，幽默，仔细体会有非常有内涵，值得反复观看，黑色幽默的电影，煽情也不是无脑,吉林
不错的选择嗯！,甘肃
挺有意思的😬,江苏
好看 也感动  特别适合和好闺蜜再二刷一遍,宁夏
很好看，太喜欢了，演员非常棒，又好笑又好哭,山东
不愧是好东西👍今年最佳,广东
是在讲女性的觉醒与成长，但感觉没太看懂,陕西
不好看，比较失望。,四川
"好看的，我带我妈一起去看也说好看，出现了很多以往的电影里并不怎么会站在女性角度去考虑而说的台词，很新鲜，很舒服，很难得，必须好评，我见过导演的一些采访，很认同她的一些理念，非常高兴我能看到很以往完全不同的电影视角，真心希望以后这样的电影能越来越多。
我看到有人说电影没有主线不知道讲啥，确实它没有战争片里的主线是打倒敌人，没有悬疑片里的主线是寻找真相，它的主线就是很普通的在讲述生活以及生活中遇到困局，即使一地鸡毛也怀抱希望快乐地活着，普通的故事也有精彩的地方，就好比长篇动漫里也分神经紧张的主线篇章，和让人心情放松的日常篇章，各有各的好。（最后我想说我很喜欢小茉莉，真希望我也能像她一样）",广东
现实主义的微荒诞日记文学感；不是典型的喜剧，也不是典型的故事，更不是典型的现实主义，像在看一个零散日记，不够系统性，能看进去只能说。,浙江
真不错，挺有感叹的,广东
能让我开心的就是好东西！,福建
很棒👍🏻,北京
比较平淡吧 中环电影院太冷了，冷的没有心情看电影了,安徽
没看懂…谁说好看的,内蒙古
看完了不知道电影想讲什么,江西
"🌟 推荐
今年看到的满意的电影，推荐推荐",四川
很好看对我来说！具体没有想象中那么狗血！我对小叶那个角色有很强的共情！可能对天生缺爱的小孩就是这样的，能得到别人一点点人可就会觉得高兴觉得满足，所以真的很容易对别人信任。,江苏
"钟楚曦我喜欢
剧情一坨",上海
各方面都没得挑,北京
神经质和无厘头是有区别的，为了迎合一些非主流想法拍出来的坏东西,陕西
非常好看!!!!,山东
喜欢她们真挚的感情，喜欢电影的叙事，喜欢她真正的价值观，喜欢她展现出来女人真实的心境，狠狠共情了,湖南
"好喜欢这部电影
🌟 推荐",吉林
"宝子们👫，近期看了《好东西》这部电影，我直接笑不活了！真的有被狠狠戳中笑点，毫不夸张地说，这绝对是近半年来最让我开怀大笑的一部电影，搞笑程度直接拉满💯，各种幽默桥段和诙谐对白，简直就是快乐制造机🎉！
 
剧情紧凑不拖沓，全程无尿点，没有强行搞笑的尴尬，每个笑点都融合得恰到好处，能看得出编剧的用心👍。而且演员们的喜剧天赋也都被充分挖掘，表演自然流畅，把角色塑造得十分鲜活，让人忍俊不禁🤣。
 
真心觉得这部电影非常值得一看，如果你最近心情不太美丽，或者就想单纯找个乐子，选它准没错！相信我，看完你一定会和我一样被它的魅力折服，赶紧冲！🏃‍♀️🏃‍♂️",北京
好看！！！！,江苏
这是我2024年看过最好看的电影，满分(＾∀＾)ゞ💯，全程没有尿点，人设都很棒，继续支持邵导演的电影,浙江
挺好，推荐去看,重庆
真的好看姐妹们，姐妹们一定去看！！！！,湖南
真实，情感细腻，台词幽默，立意深刻,山东
"🌟 推荐

超乎预期的好",北京
不知所云😑😑,北京
今年最好看的国产电影！女导演多多创作！,北京
画质清晰，有趣,湖南
非常好看，王茉莉你等会出演，让我给宋佳当女儿五分钟,吉林
装修非常有风格，分成小区域，挺隐秘的，感觉蛮不错,江苏
真的很好看，推荐大家看看,江西
好久没看这么好看的电影了，非常值得！,海南
好看，值得一看,河北
垃圾电影，扭曲的三观，難里理解，超烂，看这个电影都是找罪受,广东
感觉看了一整本意林,陕西
非常爱的内容。感恩创作者们❤️,北京
音乐演技在线,广东
好看，导演拍的很有意思，引发了我很多思考,北京
大家好，我现在在中心医院眼科，因为这场电影，我扎瞎了自己！,山西
个人觉得挺好看的，希望我们都有直面悲剧的勇气,湖北
还没去看，但是爱情神话就超好看，当年看了两遍,山西
太难看了 看着好想走,广东
"没有刻意煽情，没有长铺直述，没有过分对立男女话题，没有超大制作，简单画面让人捧腹大笑之余心疼落泪。
真的，不一定什么都要做到成功。🌹🌹🌹",陕西
有些碎片化吧，有点乱。但是他们的聊天挺有意思的，消遣时看看不错。,河北
思想与时代共进！,河南
很不错 每个人说话都像管制刀具  感触很深,吉林
还可以，但也没传说中那么精彩。,江苏
是一生中我看的最烂的电影,重庆
真的好看，非常好看,河北
没的说，一坨,山东
很好看，特别推荐,湖北
做理智女性！,云南
"剧情还好，就是有点夸张而已，
🥚 彩蛋
挺多，值得去看看",江苏
"🌟好东西真的很好看。🌟 宋佳和钟楚曦都是我很喜欢的女演员。我不是那种喜欢点评人家女孩子的人，哈哈……我跟别人不一样，我是**，我跟别人不一样，我是后妈。🌅我为你结扎，小孩👶🏻是我永远唯一的孩子……🌟追忆过去是油腻的开始，欧洲国宝索菲亚的一生，懂了，主要靠这俩胡编乱造的，养活这个严肃无趣的？ 🌅我看见你鼓掌👏🏻了，全场鼓的最棒的哈。🌟单亲妈妈👩🏻还有更多更严峻的苦难，都不被看见的，谈不上重复🔁。我是个懦弱的人，所以我放弃了。🌅在秋天跑步🏃🏻‍♀️，踩在石头上， 🌟你不能随便打人吧，但你可以随便打鼓。🌅 没有妈妈会不爱自己的孩子，只是方式不对。🌟 看了你的报道，我发现我对现实有误解，🌅你可能不是天才，也不是富二代，可你是写作天才。你是中国最好的小孩👶🏻，🌟电影🎦太好看了。
🌟 推荐",山东
超好看的电影 跟朋友一起去看的 本来没报期待 完全出乎意料的好看,山东
"好东西
世上谁人皆容易，
看似没戏勿言弃。
彼此共情互给予，
温情传递零距离。",广西
很好的电影，建议仔细看看，有点耐心，不要先入为主，带着审视去观看,安徽
没啥散光点也没啥激动人心励志作品豆瓣评分偏高,广东
预告骗啊！都是和郭帆学的吧，片子不错这“拳”打得可以，这挺难得的，毕竟是个比较难的题材了。,广西
"🌟 推荐
非常不错
😊 演技
好
🌅 画面
也不错
🎉闪光点
好
😂 笑点
也不错。宋佳钟楚曦主演很不错。只是看的人少了点，培养一个人的兴趣爱好不容易尤其是作为一个单亲妈妈来说，宋佳在剧中演的非常好，还有这个演她女儿的演员也不错。",重庆
极力推荐，内容不错,山东
我不是单身妈妈，到我还是会给好评，缓缓叙事中发现小小火花绽放，符合我的期待，温暖的故事片。,广东
"希望每个女生都去看这部电影
不仅仅谈爱情婚姻
更是女性在新世纪自我发现自我成长的一部电影
与同事，与朋友，与孩子之间的各种关系
一个女性在找到坚定的自我，接纳自己的全部的时候
才真正的自洽，才能更好的的生活
电影里有很多的细节和蒙太奇手法运用
非常美好的电影
2个小时没有尿点，值得二刷的好电影。",山东
真的很好看！,广东
人生中第一次看电影看一半走了，无聊的要死，感觉就是看身边两个普通人过日子。而且电影对男性也有偏见，对女性也有偏见，对女性的困境思考和描述的都非常肤浅！不知道为什么这么多女性会说拍的好。以后再也不跟风看电影了。,山东
"共情太强的人真的会从头哭到尾。
心疼的同时也在和三位女性一起进步，很骄傲，因为我把自己养得很好。",贵州
非常好，立意，台词，配乐都很到位，让人有再看一遍的冲动,吉林
花钱看💩第二部,吉林
搞笑挺搞笑的，当作爆米花电影还行，深究就没必要了。,四川
垃圾之中的垃圾，导演你真的学过影视语言吗？你真的会讲故事吗？我想问，你可以退钱吗？花钱被别人尿了一脸,山东
永远热爱女性视角下的鲜活生命！,辽宁
情节深动 演员演技非常高 值得大家都去观看,福建
爆笑特别好！,陕西
好剧推荐去看,北京
超好看！特别的好看！,吉林
好看，细腻的感动,新疆
这部电影准确地切入了女性主义所宣扬的，即对masculinity的反抗，强调男性也可以在女性主义下获得解放，而不是简单地对抗男性，而且对于许多男女问题在视角上也都有换位思考。但本片的不足之处是引入角色和概念太生硬了，人物变得很符号化，剧情也是近几年流行的乐队抒情款，仿佛是为了这盘醋包的这盘饺子。三颗星可能都给到概念上了，作为电影来说，我觉得它更像一部宣传片，比起《爱情神话》中那样慢慢悠悠但又劲劲儿的感觉还是差了挺多的。还是期待当前的电影市场能有更多好好讲故事的电影，挽救票房市场还是要靠电影品质自身硬啊。,北京
剧情笑点颇多,江西
一般般，期待太大,四川
特别特别棒巨好看,湖北
挺好的一部电影,河北
特别喜欢，很温馨，很清爽,山东
很好看，只有女儿是毫无目的的爱着妈妈的,福建
太好看了强烈推荐,重庆
说实话一般 剧情有点尴尬 在宣扬女权 不过整的很尴尬 评分还这么高 不知道怎么打出来的 可能没看过啥好电影,四川
"好励志
😊 演技",山东
整个故事特别的好，看完还想看，特别喜欢,吉林
年度好剧，没有一句废话台词，都是梗,湖北
还不错，笑着哭着，挺解压的。生活需要电影，不是小人物的逆袭，而是小人物的生活，甚至没有把他们的爱情升华为主题，变成真爱什么的，男人终于不再是电影中女人的救赎。而是因为孩子奔向更远大的世界。里面的歌真的很好听。“因为足够乐观自信，才能直面悲剧”很好。,宁夏
节奏太慢，也不搞笑。,吉林
看下来觉得很不错，剧情中有一些细腻的部分，整篇也有不少幽默的地方，感觉观影时间很快就过去了,辽宁
这个电影🎬真的不错👍，很逗，,云南
值得看，特别值得父母看,广东
还行，能看进去,辽宁
烂片中的烂片，如果你想睡觉，就看它，从头至尾在宣扬一些编剧莫名其妙的女性安全,山东
非常不错太开心了不错哦,福建
单亲妈妈，缺爱的女生两个主角，带点喜剧,江苏
女本位叙事 好久没看到这么爽的电影了 没有宣扬苦难 女性不再是任何人的附属品  她只是她自己,山西
这是我出生以来看过最好的电影！！！,新疆
特别好看特别欢乐！女性独立单身也很有启发,上海
很好的女性视角解读,河南
很好看啊，无论男女，都值得一看。,海南
一般吧，平平无奇，也没有很励志也没有很催泪，,安徽
非常好看的电影！很高级,黑龙江
好看！宋佳和钟楚曦演的太好了,云南
女性视角电影，让男人去反思，想有有个女朋友，有个老婆，还是要懂女人才好。情节比较诙谐，观看没有任何问题，适合一家人一起看。,福建
超级好看，向铁梅学习！！,四川
非常非常好看的一部电影，很有女性力量，很多片段都有值得思考的地方，很少给电影写评价，但是这部太喜欢了，打算二刷,青海
非常不错好看非常棒,湖北
电影可以不完美，何况是人,江苏
"邵艺辉导演多拍多写 宋佳和钟楚曦是姬圈天菜 故事有趣又感人 特别好看
🌟 推荐",河北
"还挺好看的
",北京
三观不正的看，票房高，说明三观不正的人大有人在，发行时也不知怎么审过的,广东
看过以后，有点不太明白电影里的内涵，可能还需要慢慢推敲！,云南
"不值得看，一脸懵，各种拼凑硬挤出来的台词和剧情。
说是宣扬女权吧，里面的女性又有各种奇形怪状的言行，男性更是被刻画得莫名其妙，太难理解。一句话概括:三观扭曲的电影，看了找罪受……
当然啦，本身里面的一些演员也是之前觉得演技不错的，只可惜这部片的立意和剧情太糟糕，浪费了。",广东
很好看，推荐,安徽
很好看，这部电影不错，讲女性话题，两位女主之间互相救赎，很不错,上海
好看。   ,湖北
特别好！我会推荐所有人去看！,湖北
真的超级好看！！！剧情和台词都很新颖，“女孩儿怎么打鼓？”“你怎么打鼓女孩儿就怎么打鼓”还想再回看一百遍！,山西
"喜欢喜欢喜欢
真的好久没有一部电影看完之后让我觉得很舒服了，就是那种大家的生活都在继续，不一定所有故事都需要结局，看完我会给所有人好脸色",河北
能给人看睡着,江苏
面对旧创伤迎接挑战,宁夏
好看的，缺点最后高潮，但就像人生，没有高潮,山西
5分最多了，不吹不尬。没有期待的那么好看，但也不算难看的电影，能看的！不建议花钱去电影院看，适合在家看！不知道想表达啥：有点乱，一会想表达单亲妈妈独立女性，一会想表达成年人也要像孩子一样自由勇敢，一会表达原生家庭伤痛。新时代女性独立勇敢就是用抽烟，讲脏话和男人上床这样单一行为来体现吗？有些浮于表面，没有深层次立意，电影情节为了细节体现而细节。2小时看的让人坐不住，最多一个半小时就可以了。,北京
演技好！爱看！,北京
好看 推荐！,浙江
很不错的电影，比好运来强太多，推荐大家看看,辽宁
相较于爱情神话的文艺，好东西更加地直给，话题甚至更加成人化，有不少不知该说是温暖还是催泪的点，虽然说教味很重，但还是不错值得一看的,河南
内容丰富，剧情紧凑,广东
剧情将社会上单亲妈妈和男女关系通过幽默的方式讲出来。个人感觉孩子不太适合观看。画质没的说。,新疆
有点看头，不错,湖北
我觉得生活就应该是这样，没有过多的矫情与执着！,天津
很好看 情节不错 现在能拍出这样的电影也是很不错了,广东
值得一看，很棒,上海
真的还不错，特别是那个小孩，有现实的影子。,重庆
不管几岁都无需给自己边框,上海
还不错，没看完,内蒙古
非常好，很好,安徽
看不懂，不知道什么剧情,广东
挺轻松愉快的爆米花电影，台词剧情都很好。说明了单亲妈妈的不容易，也没有贬低男性，挺好。,广东
女人不仅要上主桌，还要做主位,广西
还不错哦，好评。,浙江
挺不错的一个电影，对于妈妈，单亲妈妈有不同的反响！,辽宁
好看的，不好多剧透看了就知道多好看,江苏
"晚上21点35分，自己走进了电影院，终于可以看到心心念念的好东西了，这是唯一一部期待值超高但不失望的电影，也是我非常愿意自己独自看的电影，不会因为男人在旁边而打扰情绪。真好，属于自己的2个小时。整体叙事节奏有快有慢，在餐桌上“雄竞”的很激烈，从前夫口中强调的女权主义很扭曲…在阳台上两人交换心事的时候又缓慢温柔，这时候女人间的了解、安慰、释怀才是真的动容…
突然发现，每个女人都有铁梅铁的一面，那是对自己的刚硬的保护壳，但还是期待有人能看穿；又有小叶恋爱脑的热情和冲动，认清自己的创伤不断想办法填满，不断的希望与失望；亦或是小孩，平静略带大人般的忧伤，却也会因为对舞台胆怯，又做回需要拥抱的小孩……看完才发现，被男人搞坏情绪真的是最不值得的事情，这个世界确实有很多很多比男人重要一百倍的事情，无论结婚单身有娃还是单亲，女人请不要低估自己的力量，向外索取不如向内探索，其实你需要的从来都不是甜言蜜语意乱情迷，你只需要和自己说一句其实你已经很棒了抱抱自己，和自己和解。“当我们强硬的面对这个世界的时候，这个世界会突然对你变得温文尔雅”。共勉。",内蒙古
一百万个电影出一部的烂片,北京
不错 宋佳的演技真好 立意也很好 没有乱七八糟的狗血剧情 挺写实的,河南
挺好，可以看看,北京
非常好看！！我都想去二刷了！！走出放映厅那一刻，感觉整个人神清气爽，内心暖暖的，充满了力量！!喜欢这电影里的所有人，那么鲜活，那么可爱。,上海
既不文艺，也不喜剧,河南
挺好的很棒呢,湖南
太好看了超级喜欢、也很搞笑,湖南
像一篇散文，平淡，幽默，真实，看了像没看，但确实get到了一点生活的勇气。,江苏
真的很不错！！,上海
今年看过的最好看的电影 没有之一，好东西果然有点东西，女性导演带来不一样的视角，特别是钟带着小孩听声音，风、暴雨、火箭发射…实际都是母亲日常家务的声音采样，太有创意了,北京
一般没啥主题,海南
挺好看的，有笑点，有感触。,天津
有点尴尬😓，台词尴尬，剧情尴尬,山东
真诚才是人生最高的美德,江苏
宣扬女权至上,浙江
电影不错，剧情紧凑,湖北
蛮有意思的电影,广东
好看！！！！,贵州
还可以，很喜欢,广东
看完的感受就是轻松，一种轻盈的感觉，让你喜欢的东西就是好东西，我很喜欢这个电影，中间蒙太奇的手法，将声音和妈妈劳作时的动作声音结合，生活没有裁判，你也不需要一直做到那么好，“你怎么打鼓，女孩儿就怎么打鼓”很多情节和语句，都让我记忆深刻，其实这个电影感觉更像是展示了生活的一部分，很多在最后被生活与时间淡化，到最后的我们都是会继续走下去，希望我们每个人都可以继续热烈的拥抱生活！,湖北
今年看过的最好看的电影 没有之一，好东西果然有点东西，女性导演带来不一样的视角，特别是钟带着小孩听声音，风、暴雨、火箭发射…实际都是母亲日常家务的声音采样，太有创意了,北京
一般没啥主题,海南
挺好看的，有笑点，有感触。,天津
有点尴尬😓，台词尴尬，剧情尴尬,山东
真诚才是人生最高的美德,江苏
宣扬女权至上,浙江
电影不错，剧情紧凑,湖北
蛮有意思的电影,广东
好看！！！！,贵州
还可以，很喜欢,广东
看完的感受就是轻松，一种轻盈的感觉，让你喜欢的东西就是好东西，我很喜欢这个电影，中间蒙太奇的手法，将声音和妈妈劳作时的动作声音结合，生活没有裁判，你也不需要一直做到那么好，“你怎么打鼓，女孩儿就怎么打鼓”很多情节和语句，都让我记忆深刻，其实这个电影感觉更像是展示了生活的一部分，很多在最后被生活与时间淡化，到最后的我们都是会继续走下去，希望我们每个人都可以继续热烈的拥抱生活！,湖北
超级棒，电影剧情很能带动情绪，笑的我不行，最后被感动的不行 很多金句，但是我最喜欢的是让你开心的就是好东西,广东
特别好超级好！,山东
作为文艺片专业户实在欣赏不了这部片子，导演想表达很多最后词不达意，东扯西扯，差评！0,四川
里面每个人都需要去看心理医生,新疆
是近三年最好的电影,辽宁
个人觉得不喜欢这种题材的电影,重庆
走夜路被救 伟大的友谊开启 电影好东西 最纯的情谊 好看好看好看,辽宁
花钱打水漂了,浙江
喜欢，就像听了一场脱口秀，温和而舒适。三个女生真好啊真好，虽然我小时候并没有小叶这样的酷姐姐，但素我已经成了家里小孩眼里的酷姐姐了，，好像也行？！,重庆
剧情不好看，不推荐。,河北
花钱看了一场糊的电影  设备有问题,贵州
电影真心不错 满满的正能量 让人开心的同时 并且学到了很多东西 这个电影 打破了很多世俗顽固的思想 ,山东
没有喊口号的，不是为了女权而女权的，自然的，真实的，真的很难得,广东
看了有好多想法，对自己的生活有了更多理解，电影里面的演出也让我好开心，没有看过演出，真的很喜欢这个电影，还想跟恋人一起来,广东
特特别推荐，在电影院又笑又哭的,湖南
"这俩年最喜欢的电影，会让我印象深刻的 
不深入，不过分探究，点到即止是我觉得对带有对立情绪热议话题最好的表达，就像铁梅对鼓手为她不做记者表达可惜反驳：“我当然知道啊，我也不想啊”，每个人在当下做的选择是他衡量所有后做的自己最有利的选择，不要过分深究，不要去过分责怪当时的自己，学着像主人公一样如释重负：“为什么不能搞砸呢？又能砸到哪去呢？”",广东
好看，松弛感满满,陕西
超级超级无敌超级棒超级好看！！！我心中文艺片No.1，非常细腻，哭了三次 很戳中内心深处的点,广东
还不错，挺好的,湖北
很喜欢，轻幽默，影中小女孩虽然说话戳人心窝子，但一语点破所有成年人不敢面对的现实，不愿承认的事实。也点破现实单亲妈妈的艰辛和渴求。女孩拯救女孩，缺爱，就互相给爱，以及成年人的爱情是那么简单（廉价）。值得推荐，推荐去看！,四川
包场了环宇陈,湖南
还好真的超级满意，根据推荐来的，省了自己慢慢做功课的时间，省时又省力，赞赞赞(˘͈ᵕ ˘͈❀),广东
好东西 能让自己开心的就是好东西 谁说女性就一定要在男权社会做家庭主妇做男性生育的工具成为育友 影片中的铁梅是工作狂人 前夫是全职爸爸 可是现实生活中很多时候恰恰相反 职场里面 女性工资永远比同资历的男性要低 生育** 婚姻** 几乎所有好点公司的hr对女性逃不开的问题是结婚没有 最近几年打算生小孩吗 所以才觉得性别问题始终是很严肃的问题 近几年特别是网络小说 网络小视频的兴起和流传 有全职爸爸的出现是好事 可是还有更多的女性 在被洗脑 擦边主播 白幼瘦 对女孩身材相貌评头论足 太多了 甚至月经对很大一部分女生来说都是一个很羞耻的词 标签依旧在禁锢女性 我不知道以前如何也不知道以后会怎样 但我知道现在 还是有人告诉我女孩子就应该温柔一点 冒险 这个词好少见 自由就像是大人手里的风筝 小狗头上悬着的狗骨头 让你看见让你去磕的头破血流 然后得到一点改变 单亲妈妈 恋爱脑 叛逆期 生而不养 畸形的恋爱观 一方面我们真的在思想解放 另一方面悲哀的是我们变得不再愿意思考 人们传播什么 我们就接收什么 不一定接受 但你怎么知道自己没接受呢 很多思考很多事很难改变 “等你们长大之后，建立起新的游戏”,广东
剧情贴和实际,贵州
不错的样子，值得一看,江西
演员的演技都很在线 编剧一般,河北
给 9.5 分 怕骄傲了嘿嘿,重庆
剧情有点看不太懂,江西
剧情很紧凑，以茉莉的成长线拉动故事情节，让人看了挺奋进，诠释了灵魂的自由精神的富足，自然真实。,贵州
在当下国产电影滥竽充数的年代，这应该今年看的最值得国产电影！今年让人热泪盈眶的是泰国的《看看的外孙》。这不仅仅是反映社会女性的电影，也给当下的我们生活一种鼓掌和提醒珍惜当下的美好,广东
站在女性真实的视角，完美的诠释了，现代化女性内心想要的完美，想要的好东西，想要的自由，影片也侧面表现了不是一直低头才能换来妥协，要反击才有机会找到对的声音，女性要更自由，更自信，更勇敢，更坚强，拒绝道德绑架的自由，面对质疑的自信，超越自己的勇敢，以及面对残酷现实的坚强，不同年龄遇见不同的事，不同的反应和不同的结果，有人说过童年受的伤要用一辈子去弥补，人们追求的好东西就是一切让自己感觉自由舒适的东西，不限于身体还是心灵，不限于物质还是慰藉,辽宁
值得看，很喜欢女生之间的温暖与救赎，而且很好笑，有梗！,广东
非常不错！！,山西
挺好看的！二刷了！,广东
🌟 推荐 特别好看，女性的很多处境都展示出来了,广西
值得推荐！很现实，宋佳演的很好,江苏
很一般 不咋推荐。,河北
太搞笑吧哈哈哈哈哈真的是太好了推荐呀,山东
很满意，很喜欢看,浙江
年度最佳电影，每一帧都拍的超棒,云南
挺好的，确实是《好东西》,浙江
好看爱看超级推荐,浙江
好看🤩 女编剧就是牛,山东
剧情可圈可点，有点地方有些用力，整体有泪点,辽宁
好东西！！！,广东
近几年最好看的电影了，如果你心中没有男权女权，你就可以在影片中获得一点小小的震撼。,河南
非常好，演技都不错,湖北
2024年最好看的电影,上海
很好看，非常好看,江苏
"被女朋友之间的友情、
和母女之间的亲情所温暖
女子在一起
就是“好”东西",上海
"🌟 推荐
盆友一直推荐，终于看了。确实是一部很不错的电影，起码剧情还是很符合现实逻辑的，给了现在受多重压力的新时代的女性，有面对困难和挫折的勇气。单亲不是问题，单亲的孩子和单亲妈妈更不是问题，有问题的是社会对单亲这件事情的看法。这让我想起正在看的《女性生存战争》里写的。大部分骂评还是女性给的，我们应该反思为什么出了问题只有女人的错？值得一看和深思。",江苏
温暖，真实，特别美好,北京
单亲妈妈的平凡生活,陕西
很不错，值得思考，也很现实！,四川
非常好看，从铁梅的身子看到自己的影子，而我做不到她那么洒脱淡定，对工作生活家庭朋友面面俱到，小时候想长大成为钟楚曦那样的人，敢爱敢恨，漂亮潇洒，长大了反而活成铁梅，生活一地鸡毛，不知道未来什么样子，只能一边疗愈自己一边往前走，希望2025年一切顺利,安徽
垃圾电影，看了几分钟就不想看了。纯粹是骗钱的。,江西
剧情很流畅，很搞笑，值得一看,河南
值得二刷，相信我，真的很棒，不是托，很好笑，很值得品味，真的是好电影,辽宁
"在我心中已经超过了导演的上一部《爱情神话》
神话过后，我们需要一点接地气儿的好东西",重庆
剧情流畅很写实演员演技很好，整体剧情比较快乐放松,陕西
特别好 宋佳的真实夹杂了市井和文艺两种东西 想为了理想疯言疯语且付诸行动 不被理解后又重塑自己 关键这个过程里不是痛苦的感觉 而是充满了荒诞和乐趣 真的有意思 有机会会二刷,陕西
看完真的想通了很多事情,湖南
挺好看的，很喜欢里面的观点和语言，想带朋友一起看。,河北
#电影好东西，每个人的人生有幸运也有不幸，有开心也有崩溃的时候。其实无论怎么样我们还是得鼓起勇气去面对人生所有的一切，生活还得继续。而且人这一生都要尊重自己的内心，顾全不了所有人就先顾全自己，也没必要什么都要会，自己开心第一，也没必要什么都要做最好，做自己擅长的就行，没什么大不了的。反正最后随着时间流逝谁也不记得谁。电影很有感悟，以女性视角来看待一切等等,广东
"好 很好 特别好
质疑还是妥协 快乐还是自由",北京
还蛮感动的题材 有搞笑的成分,山东
太垃圾了，不知道演的啥内容，完全没连续性,广东
能让你快乐的才是好东西 赞,陕西
真的太好看，太震撼了，后劲十足。带老婆孩子一起去看的，看完都不愿离场，得到了一致的认可[赞],湖南
好看好看 推荐,山东
还不错哦 很群像,江苏
一个非典型女性视角电影 融合了长期以来女性受到的不公和当下很多的社会现象 但又不是以为的大理论教育电影 感动和搞笑并存 今年看过最好看的电影之一,辽宁
浪费两张票钱，看了个杂乱无章文不对题的电影，搞点文艺音乐小清新，主题不明确啊，好东西是什么？？？,江苏
电影好看，影院垃圾💩,贵州
我想退钱，退不到吗？,江西
电影很不错。但是环境非常垃圾，厅很小，感觉像坐别人家卧室一样，空间让人感觉很难受，并且中途不停的有人说话，大声制止了两次，还是不停的说，真的很无语。还不停的有工作人员进进出出，烦死了。这个电影院以后不会再来。,河南
一部很有意义的电影,山东
女权主题电影，个个演技在线,北京
一点都不好笑反而有些悲伤感,四川
很治愈，接地气,广东
"真的很好看
有好笑的部分
有感人的部分
有成长的力量
有爱情的苦痛
看了三次
强烈推荐
",广东
很不错的一个电影。很让人羡慕的生活方式，恣意潇洒,浙江
"伟大的作品。
两个女主诠释了两种形象却极具代表性的女性，但是看起来更完美的妈妈也并不是全知全能，看起来很失败的姐姐也并不是无药可救。女人们正是共同帮扶共同生活才变成了完美的女人，女子的一切都是好东西。",江苏
挺好的，电影回归娱乐本色,陕西
需要更多的邵艺辉,天津
幽默而不失深度,上海
“正因为我们足够的乐观和自信，才能勇敢的直面悲剧” 特别棒的电影,青海
是镜子一样的表达，你看到什么，证明你关注了什么。而我的第一想法是王铁梅是多么天才的文字工作者。,安徽
超级搞笑，哈哈哈哈真是个《好东西》！,广东
《好东西》是好东西,广东
很好很治愈，大女主人设很符合宋佳的外形个性。带小孩姐一起看当作放松的，她也说很好。,贵州
有意思 是个好东西,安徽
如果能看新闻联播，建议你们在家看看新闻联播吧，令人发指的烂。,北京
值得看，看得过程中觉得有爱情神话的影子，原来是一个导演的作品.很棒的导演很好的演员，难得的女性题材电影还有幽默搞笑的部分.,湖北
女性视角的平淡喜剧，没有劈头盖脸的批判父权如何这般，只是将生活的故事娓娓道来，很柔和很大方。,广东
女性视角的平淡喜剧，没有劈头盖脸的批判父权如何这般，只是将生活的故事娓娓道来，很柔和很大方。,广东
烂中烂 女拳战士的福音 笑死😆,江苏
演技很不错，剧情也挺有意思的，人物塑造得很好[强][强][强]看到最后很感动,辽宁
这部电影的拍摄非常出色！它展现了出色的视觉（试声音那一段，家人和音乐的结合、故事情节（小孩才把铁梅所有的报道都看了以及令人难以忘怀的角色塑造（真女权！。导演和演员们都展现出了极高的专业素养和才华，让人印象深刻。这部电影不仅娱乐性强，而且还能引发观众深思，让人回味无穷。,江苏
今年看的最好看的电影,山东
好看!特别喜欢!!整场电影又哭又笑的，后劲儿很大，想起来就想流泪，小叶，铁梅，小孩儿的未来一定很灿烂😭😭,浙江
好东西真的是好东西！我唯一想要在电影院再看的电影！,山东
很喜欢，很OK，还想看类似的,湖北
无敌了 放心看,山东
不晓得这电影想向大众传递什么东西，一些媚俗价值观？有的甚至是荒诞，后悔带朋友去看了。演员演技没问题，剧本内容无语,安徽
很温暖的电影,浙江
还可以，笑点不多,贵州
众口难调 很多的差评 说没三观没题材 但其实艺术来源于生活 剧情里一些情节我觉得其实没什么 只是它呈现在屏幕上会被键盘侠抨击，可这难道不是生活中很平常的事情吗？所以个人认为这部电影非常贴近真实生活，但是在搞笑情节方面还可以提升进步,山西
没有教条没有你要做什么做多好，哪怕最后小孩上台，我下意识认为，啊 也许她会开启一个架子鼓手的人生。然而下一秒转场，小孩朗读作文说 我只是顺利完成一个目标，发现我并不是爱架子鼓。但是我妈说可以再多试试。真好啊，很多时候，我们每学一个，就想着要靠这个特长有大用，做一门手艺，或者赚钱。但是为什么不能是享受不同的体验和经历。其实毕业以来做的工作，不爱，很多次想 要不要换行啊。但是舍不得所有的沉默成本。但是明明后半生还有那么长，希望最终能找到什么是快乐 什么是我的好东西。,北京
这部电影会引导使人三观出现问题 这种电影是怎么过审的,天津
真的是无敌烂片。 国产片什么时候能挣点气 都看睡着了,湖北
我们想做什么就做什么吧 反正都没意义,广东
很好看啊，不知道为什么评论区那么多差评的，看电影如果一味的评判它的意义跟春晚带有教育意义的小品有啥区别，看个开心就好了，不要过度解读。还有一种可能就是纯没看懂的。反正觉得很不错，看的很开心，还好没有因为提前看了差评的评论不去看而错过。,辽宁
"不得不说，在目前的大环境下，能拍出这样幽默风趣，有思想内涵的电影，真是不容易。影片围绕着三个女性展开，一个是离异后，又失去调查记着工作转行网络直播带货主播王铁梅，一个是单亲家庭的女孩王茉莉，另一个是叛逆家庭后独自闯荡上海滩的成年女孩小叶。影片围绕三人的生活，展现了不同的爱情观，世界观。经典台词中还夹杂着对现实社会中丑陋一面的揭露、讽刺和抵抗。作为配角的铁梅前夫，鼓手小马，茉莉的老师，保安也有不俗的表演。尤其是茉莉的语言犀利，直白，从一个孩童的嘴里说出成人不敢、不愿、不能说出的实话，显示出导演邵艺辉的良苦用心。高！
经典台词：
“别问为什么，爱我便是。”“我不想鼓掌，不想做观众了，不想做机器了。”“我怎么那么自信。为什么要做好？为什么不能搞砸？”“只要你不写，就不会被骂。”",山西
目前最喜欢的电影，很有深意也不难懂,陕西
好看的 我挺喜欢 也蛮有意思,黑龙江
拍的很好，演的也好。,宁夏
好看！感动！力推！,江西
"剧情出乎意料 句句经典直戳人心 哭哭笑笑之后会随着剧情反思人生 非常棒
🌟 推荐",北京
好看，王茉莉好可爱,新疆
可能看着像为女权而做的电影，一般般演技还行,辽宁
乐队超级棒！,山东
好东西?讲的就是让社会上离异家庭的孩子理解单亲妈妈，这个名字起的不太懂（可能是因为我开头错过了十五分钟）,黑龙江
超级好看，超级推荐,北京
挺好看的 赞👍,广东
是一个温情的女性题材，特地关注了一下导演。难得的女性导演从女性的角度去剖析了，单亲妈妈以及孩子的成长历程。很真实很温馨，居然让我的孩子都看懂了。把手放到了我的后背上。而且还挺搞笑的。各种很温馨的搞笑梗，特别的好。好久不曾看过如此流畅而轻松的电影了。又充满了善意与温情。希望女性导演多拍一拍女性视角的电影，这样更有亲和感，更有说服力。给我们的心，温柔的一击。在沉重的生活里能够找到些许温暖和善意，一起开开心心过好每一天。我们每一个人，都是闪闪发光的哟。,湖北
年度最佳 目前最喜欢的,四川
女性不该被定义 很好的东西 是女性的好东西,湖北
特别好看，舒服,北京
看完电影，所有的纠结都不再纠结，一部让女人释怀、豁然开朗的好电影。,山东
爽  年度好电影,湖南
非常好看，立意很深,云南
特别好特别有意义的一部电影，真的非常推荐，这几年最喜欢的一部了,北京
"   #好东西  #爱自己就好

＊怎么才能算好呢 裁判是谁啊
   为什么就不能搞砸 又能砸到哪去呢
＊我正直勇敢有阅读量 我可怜什么
＊我拒绝绑架 所以相对自由
＊如果能让你开心 那就是好东西 
＊正是因为我们足够乐观和自信
   才可以直面悲剧





",山东
好看，没有什么特别特别波澜壮阔生离死别的剧情，但是看完之后心里暖暖的，感觉像是和好朋友进行了一场深入的谈心。我看的那一场氛围也特别好，大家总是在有笑点的时候很默契的同时笑出声来，总体感觉很温馨。,云南
还行吧，无功无过,上海
搞笑与感情齐飞舞,新疆
太好看了，一切都很自然推进，但又很温暖治愈，每个大人都曾是小孩儿，都需要被照顾。,广东
超级好看真的,湖南
浪费两个小时，强烈不推荐,安徽
彼此间相互救赎,江西
我服了，完全不知道讲的是什么，流水账一样的东西，也许是资本设的局吧，挑起男女对立，刺激消费扩大内需吧,黑龙江
"🌟 推荐
超级好看",甘肃
中规中矩，最好不入脑还挺有笑点的,山西
值得观看 前段有超多好笑的段子 如果能让你开心 那就是好东西 推荐推荐推荐,广东
好看 梗很密 不错的喜剧片 立意也不错 值得一看,江苏
不知道想讲什么，莫名其妙的一些搞笑包袱，有一种导演想表达很多东西，但是乱七八糟啥也没捋明白的感觉,四川
我们都可以成为想成为的自己,上海
公式化的电影，怪不得没人看，烂到家了,北京
个人感觉一般，剧中的价值观也存在争议，演员演技好，但内容不如《爱情神话》，全靠台词撑着，小演员很招人喜欢。,天津
，电影是不错的，万峰会环球激光影厅服务态度太差，以后都不会在来的了,安徽
我是史学家，这旧史诗啊,天津
确实是个好东西，值得一看,北京
剧情不错，值得就,北京
单亲妈妈一直是敏感话题，这个影片是我看过最好的对单亲妈妈的表述和关爱,陕西
很搞笑 值得一看,广东
超级超级好看！！我没想到会那么搞笑，很温和地探讨了女性主义的一些东西，不规训、不批评、不定义，里面的女性都好好啊，谁看了能不恋母？宋佳好强大能干的妈妈，钟楚曦，好帅啊！小孩是梅婷的女儿，金句频出哈哈哈哈。限制吗，它有，女性的出路到底在哪，也很难说清，但好东西或许指出了一个方向，那就是“不玩他们的游戏了”，创建新的游戏，但同时又不被这个东西框住。好难得清醒又轻松毫无负担地看这么一部女性电影，好东西真的是好东西，非常值得！,福建
值得一看。。,贵州
剧情很烂，超级难看，就是明星效应。感觉这个钱花的很冤枉。,甘肃
很好看,北京
剧情太搞笑了。,北京
好看～很流畅,江苏
最棒的电影 剧情紧凑 演员演技都很到位 每句话都值得我们思考,江苏
很好看，推荐,江苏
确实是好东西,浙江
不好看，一没主题，二不励志，三不搞笑，很苍白！大段的对话就是个抬杠，不推荐！,吉林
2024最无聊的电影，没有之一，浪费时间和票费,广东
没有精彩点，全是流水账，无聊。生活已经很苦了，演苦出来看，剧情真的不行，建议不看，为什么评分最低半个星，一点都不想给的,四川
太好看了！绝对是我今年看过的最好看的电影！,湖北
到底是谁在那昧着良心给那么高的评分？,广东
"每个努力认真生活的人都值得致敬，每个为挚爱拼命挣扎的人都值得被歌颂。
电影最后一幕，妈妈替女儿尝生活的酸楚，女儿陪妈妈吃生活的酸甜，生活可能不是个好东西，但爱的人是。",陕西
啥时候下线啊，我要看盗版,福建
"我们善良，勇敢，有阅读量
你觉得好的东西就是好东西",吉林
超级垃圾的电影,广东
确实不错，值得观看,山东
"2024年年度最佳
很新颖的角度
很棒的角色塑造
真的很爱
会二刷",广东
还行吧。好评。,广西
非常值得一看,山西
巨精彩。。。。,山西
《好东西》真的是好东西，很久没看到这么让人舒适的电影了，看完感觉被治愈了，又同时收获了力量。笑点很多，台词很棒，配乐每一首都超好听而且很贴剧情。很开心看到国内电影关于女性主义的表达，好东西以温和诙谐的风格来表现。有很多细节和情感的表达都很细腻温暖。已经是二刷了，依然会被感动到哭。,广东
很一般，和期待的有差距,山东
非常好，非常感动，,浙江
铁梅和小叶真的太帅了！！这种电影希望能看到更多,浙江
太难看了年度最难看,黑龙江
挺好看  根本就不够看,广东
音乐，内容都很值得一看,上海
生活中让人开心的东西就是好东西。电影讲了以前的女性困境；现代表面提高对男女公平的认知，实则男性作为既得利益并不想知道不想改变的现状；以及被长久规训的女性，看到像男人一样不被规训的女性时，反而迸发出强烈恶意的可笑现状。,山东
"电影全程无脑输出价值。有女权，有教育，有自由，有家庭，就是没有核心剧情线。情节发展令人迷惑，出于礼貌没有提前离场，让我煎熬的度过了一个小时，还好里边演员都是演技派，演技这方面没怎么崩。其他我是真找不出一点值得夸奖的地方了。
我估计那些女权主义者看完能高潮一下，其他人都有生理不适了。在我看过的电影里，除了逐梦演艺圈没有别的电影比他让我觉得**了",北京
现代单亲妈妈的生活,新疆
三观有问题的剧,辽宁
都好是个好东西,福建
口号观点太多凑不了一个吸引人的故事，就当给爱情神话补电影票了，那是真的灵。,云南
年度最佳预订   有笑有泪 女生一定要看啊！最喜欢声音蒙太奇那一段 看哭啦,湖北
"太烂了，稀巴烂
",四川
一部很有意思的女性题材电影，特地带我妈妈去看的，她也是单亲妈妈，她看完觉得很好看😁,安徽
这个是我今年看过的最好的东西,天津
好看，剧情演技都在线,北京
在上海的外壳下，说了一个不是上海的人和事,上海
"很好看
🌟 推荐",山西
太棒了吧！女宝拯救世界,江西
演员演得真好，观众轻松愉快,湖南
去看看吧，一定不会后悔的😉,山东
好看，今年看过最好看的电影，但就是我实在太困进去就睡着了，被观众的笑声跟欢呼声吵醒，正好看到一帮人在脱章宇衣服，我一下精神了，真的很好看，有好多预期违背，讲话节奏也跟二十条里雷佳音和马丽和她哥在车里对话节奏很像，整体立意也很好，并且跟我一起去的男士也没有感受到冒犯，总体就是很好看，会推荐给我身边的每一个人,北京
好看极了！人物形象塑造的很丰富，边看边思考了很多东西,山东
伟大无需多言,浙江
超好看！！又好笑立意又深刻,广东
这种题材非常难拍，不可能拍出让所有人满意的东西，在上帝视角来看，觉得人物的话有很多都不对，但是真正代入进去谁又能确保自己当时说的话不会伤害到别人呢,山东
这电影真是要剧情有立意，有立住人物有立意，要什么都只有立意，单薄到只剩立意,辽宁
有笑点有泪点，有实感的生活代入，“母亲”是曾经多么不理解的角色，而如今在这个角色上不断的体会和成长。,广东
还行，值得一看,广东
太好看了，真的实在是太好看了，这是我这一年中看过最好的电影😍,江苏
太好看了！我约不同的女性朋友看了好几场这是值得N刷的电影~女性的心理咨询，疗愈，慰藉的上等佳作~,新疆
可以。。。。,甘肃
没有人可以做到不爱上王铁梅🫶🏻,四川
松驰，搞笑，值得去看,海南
好东西！我看到最后很心颤❤️,山东
千万不要跟风，为搞笑而搞笑，感情线逻辑根本不通，看一半睡着了，如果不是因为花了钱，不到一半我就撤了,北京
好看电影就是好看,陕西
好无聊的题材,广东
特别好看，又哭又笑，哭的停不下来，很引人反思,山东
超级好看！希望能多出这种类型的电影噢,广东
我觉得她完成了电影本来的目的，让人放松快乐,陕西
挺有深度的一部电影，讨论了很多社会上值得讨论的点,江苏
剧情很好看，演技也都很好，小演员演的不错！画面舒适，值得一看！,河北
看的好困，女生应该喜欢,河南
挺好的，适合现在妈妈的状态。,宁夏
还不错的喜剧，为了突出主旨部分情节有些不连贯,上海
可能太深奥了，我看不懂给我困死了,浙江
好看的嘞。。,安徽
演员就像在说脱口秀，也就这点笑点，剧情拉胯的一塌糊涂,浙江
看完非常轻松 近几年看过特别好的电影 拍得很有水平,江苏
笑果拉满，表演超赞，值得一看！,江苏
真的真的很精彩，是现在大多数女性面对的问题，编剧很巧妙的用轻松一点的方法婉转的拍了出来，会心一笑的同时也一声叹息，甚至跟着哭，演员也发挥得很好，钟楚曦唱哈时候好美。还有就是，宋佳好多角度好像蒋勤勤啊😃,贵州
看完之后就是爽  女孩不应该被定义，不一定喜欢但是可以尝试，喜欢小孩说的  我正直勇敢有阅读量  我有什么可怜的,广东
很不错！！！,江苏
烂片花钱遭罪 看一半睡过去了 史诗级烂片,山东
给力，有活力，新颖,北京
这部电影巨好看，笑点不断，泪点也有。而且让月经羞耻、社会对女性的苛刻要求、家庭贬低式的教育对女孩的伤害等都很自然的提出来了，让这些问题被更多人看到。小孩真的是个很好的小孩，两个女主也很坚强。,湖南
失望！可能期待太高了！,湖南
国产，好评。,广东
能让我们快乐的就是好东西,北京
演员水平高 画质 声音都不错,北京
很优秀的一部电影，以现代世纪女性视角来讲述在当下时代被受束缚的女性是如何破茧成蝶，做不被定义的独立女性故事，有着千人千面的视角。,广东
什么玩意啊，导演你想说啥啊，,河北
很好看很好看！在细节上打破了刻板印象，并没有对某一方性别的偏袒，没有坏人，只有不完美的好人，这才是真实的良性的生活质量！不一定需要事事都做得好 但是无人制定标准 做自己想做的 永远都没错,湖南
特别好、画面,四川
剧情不错，而且全程都有笑点，很大的感触就是人生怎么做才是满分呢！谁又是这个裁判呢！,贵州
还行，但没有宣传上说的那么好,湖北
好看 看完很有感触 会看第二遍的,河南
"题材真的很现实的一部电影，把这个世界男女地位体现的淋漓尽致，但同时也反映出了女孩的强大，女孩也可以像男人一样赚钱养家，每个女孩都不应该被指控和控制，她们的灵魂是有趣的，这个世界不能没有女孩子
    每个女孩要学会爱自己，拒绝道德绑架，拒绝PUA，我们是独一无二的，世界诞生在女人的裙摆之下，当我们流血时，我们也就变成了能创造生命的神，我们值得被爱，值得被尊重，拒绝封建思想，世界应该改变，不要被旧社会的思想蒙蔽了双眼
    单亲妈妈也可以很强大，她们也可以担任爸爸的角色，她们很优秀，不需要别人来评判，她们并不是表面上看到的那样，她们付出的，不比任何人少！有人想解放女性，可有人却不领情，这就是现实，没人知道以后的社会是什么样的，既然我们改变不了这种现状，那我们就做好自己，不去在意别人的想法
    这部电影真的强烈推荐，女孩子们都可以去看看",内蒙古
非常非常好看，前面有搞笑幽默，后面立意也很棒，很温暖很鼓励的一部电影，也反映了现在社会的一些问题，很喜欢！,山西
看完觉得浑身充满力量,山东
很值得看，剧情很紧凑，也没什么所谓的大场面，但是引发的思考和情绪确实久久不能平,河南
说不出来的怪异，不知道想表达什么，女权吗,甘肃
难看，现在网络的好评都好假啊,北京
非常棒的一部电影,河北
不咋好看，看个热闹,辽宁
不知道导演脑子里都是啥？想表达什么意思❓奉劝大家不要看，更不能带孩子去看👀,北京
很莫名其妙的剧情，很莫名其妙的台词，不知道为什么会有那么高的评分，,宁夏
没看完。。。,四川
还不错，挺好看的。,北京
剧如片名好东西，不错不错。很松弛很舒服的一部剧，具体喜欢在哪很难讲，但就是会跟别人推荐来看！,广东
还行两个小时电影笑笑很快就结束了,上海
"值得好好看，
🌟 推荐",江西
今年看到的最好看的电影，太感动了,江西
成人后自学的第一件事就是挫折教育，我们总是被家长寄予无限期待，无论什么事要做到最好，追求完美，不能失败，但是生活、人生哪有什么是完美？完美的人生不存在，而谁又是完美标准的评判呢？这部电影教会我们用松弛的心态面对复杂人生、挫折，有幽默笑点、有触动心弦的泪点，值得观看。小叶（钟楚曦）在电影中乐队演唱的两首歌太好听了！,陕西
剧情完整  节奏轻快  演员演技好,浙江
和爱情神话感觉是一个类型，特别特别喜欢。一看，竟然是一个导演导的，真棒👍,甘肃
"超级无敌好看！！！
🌟 推荐",广东
想不明白垃圾剧怎么排上去的，难看,广东
题材真的超级好 真的还想再看一遍！早知道就在他刚上的时候就看了,辽宁
没啥剧情，段子堆砌，有些金句还是可以。几个女性角色还是塑造的太悬浮了，不真实，只是吐金句的载体。,重庆
莫名其妙，脸皮真厚，只要不拍电影就不会有人骂你,云南
"好看，网络热词很多
",上海
猛吃人血馒头，制造男女对立，这一分不是因为剧情太烂而给的，而是因为相较于之前的男女对立烂片，这部片子在网络上宣传的本钱用的是最少的,湖北
剧情精彩绝伦，轻松幽默风趣，笑中带泪！！！,广东
"不是刻意的搞笑
就是正常的幽默
笑一笑又什么都懂了
完全是在大众理解和反应范围内",北京
"笑点丰富。剧情逻辑合理。整体很不错的一部剧。笑中带泪，真的。
宋佳演技很厉害。视角很好，性价比一般般。
单亲妈妈题材很出彩。有些剧本就很一般。
",湖北
挺好的，有故事,广东
"这是我这两年以来，在院线看到的最棒的影片，
大家可以直接买票去看",陕西
剧情特别好，也有爆笑点,北京
好爱铁梅小叶和茉莉啊～,上海
"其实一句话就能概括
生命有限，快乐无限
不要被任何东西束缚，未来的路很长，有很多试错的机会所以不要怕，向前走。
我很喜欢最后的一句话，妈妈问孩子，为什么要写悲观的作文
孩子说，因为你足够快乐，才可以去承受那些悲观。
希望大家永远向前看，不被生活绊住脚步。我们的每一天皆是如此。",内蒙古
2024最好看的电影 ,西藏
非常好看 记录了很多,内蒙古
超级多的笑点,陕西
还可以好看啊,浙江
永恒的女性。女性拥有最坚韧勇敢的爱。,四川
《好东西》以轻松幽默的方式展现了现代都市人生活的百态，让观众在欢笑中反思自己的生活和价值观。此外，电影中的角色形象鲜明，演员们的出色表演也为观众带来了深刻的印象。,山西
好看！宋佳和钟楚曦绝美！,四川
特别好看，女性角度刻画的问题很有深意,山东
超级烂的电影，很尴尬，忙忙乎乎的，太失望了,黑龙江
乱七八糟的价值观，应该禁了,河南
非常好看，笑点很多但不密，很有梗，从头到尾一直在笑，发自内心的笑，很开心,浙江
难看就是了。。,浙江
只能说真的这个👎,广东
很好，女朋友选的，比以前看过的任何一部都好看，而且是女朋友第一次主动要求给好评,天津
超级垃圾 浪费时间,河北
很热血，小草也有比天高的机会，看到流泪,湖南
非常好看！！,湖北
非常好看！就是又哭又笑的，但是哭完之后又觉得很有希望,广西
不错。今年国产相比较下来还不错的女性题材电影。,广东
肚子笑痛，好看的很,广东
"🌟 推荐

🎉闪光点有很多，用稀松平常的描述揭开现实",河南
非常好体验✌️,江苏
很好，和我经历很像,吉林
非常不错的一部电影。节奏紧凑，台词精彩，演员的表演也非常到位。确实是女性友好，拒绝内耗的另类呈现，推荐！,广东
根本看不懂？,湖北
这部电影对标的是上海中产精英的单亲家庭故事，普通人完全get不到立意,广东
花钱买罪受 无语,湖北
一次女性现实世界的集中吐槽，还不错，我去看的时候，周围全都是女性，都笑的很开心，但是男性塑造有些尖锐，当然我觉得可能就是导演故意处理的，可以形成更加鲜明的对比，类似大男主的爽文，当然这里女性困境的处理还是很好的，总的来说，值得一看！！？？，，。。。？？？,河北
还行吧，台词有点说教。 稍微硬了点，剧情总体还算流畅，值得一看。,陕西
太好看了，很喜欢,吉林
看的快睡着了困了,广东
感觉并没有抖音微博上宣传的那么好看,江苏
"一部女性看了都会觉得舒服和温暖的电影
太太太太太能让我共情了！！
“女鼓手是什么样？”
“你是什么样 女鼓手就是什么样”
太好哭了呜呜希望所有女孩都能够自信！",海南
太烂了，呕吐中,上海
电影超级好看,河南
不怎么样，让人失望，所谓的喜剧没有任何笑点!,辽宁
挺好看的啊，,江苏
演员技艺很好！,内蒙古
挺好的 适合小朋友看￼,江苏
"笑着笑着就哭了
谢谢这个电影，给我一些力量",吉林
太好看了，这里面导演真正做到了男女平等，还有很多新观点理念。在轻松爆笑下，让观看者也值得深思,湖北
看的睡着了，不知道在讲啥,山西
真的很好看没有任何让人尴尬反感的笑点，演技也很在线，恋爱脑也是真的很让人生气,浙江
好评 非常好的女性主义电影,广东
很好，看的过程中真的是发自内心，情不自禁地笑了好多次,山东
"今年最好看的电影没有之一！《好东西》，真的是特别好的好东西！女性角色我都好喜欢，铁梅、小叶、小孩（茉莉）、还有茉莉班里的女老师。
希望每年都能看到更多的女性导演和「好东西」。🥺🥳",河北
不是很紧凑剧情，一般,山东
剧情很好，演员的表现也都很有感染力，就是有一点，看完和前任分手了💔,福建
太无聊了，睡着了,山东
总体来说还可以,广东
已经来过好多次啦，个人觉得还是很划算的，提前买好券更值了,河北
好看 演员演技在线 ,广东
好看，特别逗,湖北
真的很好看，很喜欢！每个人应遵循自己的内心去做选择，不被他人所定义，拥有在生活中见招过招的勇气和力量。,青海
非常好看非常值得一看,江西
各自演技还挺好就是剧情没看懂,山西
看的时候既有嘎嘎乐，也有三次掉泪了。真好，喜欢。,广东
女性的声音与规则,辽宁
不好看，超烂,上海
剧情有点紧凑，想表达离异带娃的女性解放思想，但是所表达的观点又有点上不了台面，正常来看感觉有点怪怪的，也没有啥太大的亮点，纯属打发时间的电影，看完之后也不会有太多的感触，不建议观看，浪费钱和时间,浙江
还好，适合大人看,广东
还行吧，一般般,河北
真正的拍出了女性的力量，内心的细腻，相互救赎。的确是有文化的导演。,北京
90后女导演挺能拍的，演员配合得还不错~,上海
还不错，有泪有欢乐，引人深思，90后女导演佳作值得一一看，特别是所有年轻女性~,上海
剧情真的很棒强推,江苏
好看，girls help girls,山西
超级棒 里面各种和女性主义的小细节非常不错 整个影片很温馨友爱 描绘女性的友谊等等 我相信我们未来有越来越多的女性的电影 越来越多的女导演超棒,云南
值得二刷，非常好看,山东
很好笑，也很好看。,广东
女权电影，挑动对立！,辽宁
好看，看得又哭又笑的,海南
特别好看，强烈推荐,海南
"台词有趣，演员演技在线～钟楚曦有惊喜！演得既像她也不像她，后劲挺大！
整部电影，都在讨论关于女性的思考！反省父权，反抗女权～清爽不油腻，蛮好的！喜欢～",广东
电影好好看，感触颇深,福建
"超赞！好东西这部影片真是一个好东西！

🌟 推荐！！！！！！！
😊 演技超棒 很到位",辽宁
剧情老套，不新颖,北京
还可以吧！！,山东
很好看很舒服很高级很幽默,辽宁
真的超级好看,广东
好看，很有意思，不建议未成年观看，，，,辽宁
还不错！值得观看,吉林
好，十分推荐,北京
很有意义的一部电影,湖南
女性应该都看一下,辽宁
特别好看，这个影片对于原生家庭、亲密关系、女性独立、家庭教育的思考都让我觉得有所收获，既在小叶身上看见了自己，又在铁梅身上发现了一种更坚韧的力量，从小孩的身上也学到了很多，反矫情，没有烂梗，但是从头到尾都在被影片本身吸引，我也希望自己能够善良勇敢，去做不被定义的千千万万。,山东
好东西，看得我直言好家伙,上海
剧情很好，很现实,北京
剧情很好笑，,四川
活着真的不是容易的事儿 尽力了就好…,江苏
好可以 不错,辽宁
不知道想表达什么，具体剧情是什么…看得一头雾水,吉林
太好看了🆘,山西
像话剧，挺犀利,内蒙古
有深度也很搞笑,江苏
强烈推荐！！！！,四川
不好看，看一半走了,四川
各有所好，个人觉得很好看,云南
真的特别好看 是我近几年看过最好的女性题材的影片 有泪有笑 当你每次想哭的时候剧情又会把你拉回来笑 而且不是那种有槽点的想笑 是发自内心的,浙江
好看，女人不会觉得不适的电影,天津
总体来说不算失望，算是还不错的国产电影了。,北京
很好的一部电影，感谢里面的女孩子们,广东
这电影太好看了，从头笑到尾，忍不住呀！演技自然，不做作，真的一定要带你的朋友一起去看，绝对满意！,四川
一般。剧情根本不需要这么长,河南
跟朋友一起去看的 她的二刷 还是很好看 台词很有意思,河南
"还行吧


",北京
有点怪怪的，但是也算搞笑,江苏
还不错很好看,海南
呜呜呜呜2924年人生电影 🎬,广西
好看，导演设计台词场景剧情都很有深意,江苏
"好看
笑点也很多
🌟 推荐",上海
喜剧节奏很好，剧情内核也很棒。我觉得能拿奖，很不错的人文电影，导演山西人好评，在外漂泊还能听到家乡话。,山东
好电影！值得三刷哈哈哈哈,北京
看完好东西可以原谅一切,安徽
"每个人都有未被治愈的部分，结局不完美，因为修修补补一直在路上
独立自信 但 “一事无成”，还好有阅读量
一面找爱，一面求认同
找“遗失”的另一半弥补匮乏，其实自己本身雌雄同体，爱何尝不完整
会二刷，超级棒",北京
超级推荐，女导演的叙事角度很特别，希望多拍,河南
"🌟 推荐二刷了，看完整个人都轻松了，拥抱世界的美好吧，做自己就好

😊 演技很棒，

🌅 画面真的很爱

😭 哭点女性互助

😂 笑点蛮多的

🥚 彩蛋

📚 剧本我宣布这是今年最好看的电影",甘肃
非常好看 不错,广东
超级好看，哈特软软～,湖南
太好了，值得去看，宋佳真的好爱呀,陕西
质量很高，好哭好笑。很反感所谓女权主义，就像电影里铁梅的前夫一样，都是在嘴上搞名词自我标榜。我们需要的只是男女平等，女人一样要承受理想现实压力，要承担工作业绩压力，能够摆平工作与生活，甚至是有度的抽烟喝酒缓解压力解解乏，还有把爱情和异性当做课间十分钟，而不是人生的全部。女人不是超人，也不是理想主义的象征物、真善美的代言，就是人而已。,天津
"也就一般般吧，
📚 剧本",浙江
电影挺有意思，就是我们旁边坐的一对情侣特别没素质，想聊天出去聊去，说话声音比电影声音都高，说了整半场，我们换座在上一排还是很吵,内蒙古
客观评价，演员演技确实到位，如果冲着演员去的，可以看一下电影。但是中国电影最大的问题就是编剧，为了讲大道理讲女权硬拼凑出来的剧情很难有深度。总体评价这个电影就是演员们靠对话来阐述观点，很像纪录片的感觉。,北京
开头到中间剧情都很不错，又真实又搞笑，既没有夸张效果又贴近现实生活，每个演员对角色的塑造都很用心，演技都很到位，但剧情有点紧凑，给人一种刚开始阅读到精彩内容时突结尾，真的太草率了，有种前期认真写作后期潦草收尾的无力感，意犹未尽！不过还是值得去看看👍,浙江
"格局小，
为了女性而女性
剧情毫无逻辑，
忽然开始，忽然结束
网络热词拼盘
不推荐，
这么高评分是怎么忽悠出来的",北京
这是一部没有好风光，只有好演技的实力片电影。两个女主就在两间杂乱中透着点文艺氛围的阁楼里，倾情演绎着各自角色的一段人生故事。街头巷尾都拍出了黑暗中的洋气，嗯，宋佳黑风衣走街真是酷毙啦！个人感觉是一部有思想又养眼的电影。值得！,福建
坏人少，只是各有不同吧。各有各的坚强各有各的软弱。做个正直善良有阅读量的小孩儿，幻想不再幻想,北京
好看，喜欢宋佳和钟楚曦,广东
很不错的一部电影，搞笑幽默，励志故事,宁夏
特别好看，过程也特别好,山东
很好看，推荐,四川
还可以，和女朋友一起看的，标记一下,江西
横跨1800天的第一次,海南
爱他人先爱自己,福建
非常好，而且看完真的很有感触,河南
编剧绝对是个真正的女权运动者，用搞笑讽刺的手法把社会赋予两性的冲突描写了冰山一角。前夫是个吃尽性别红利的假平权者，架子鼓小马是个深受男权荼毒洗脑但仍有自我意识的人。小孩王茉莉塑造的有点过于成熟+性格对立（开朗与内向并存），她在剧中属于一个推动剧情和审视内心的工具人角色，也是电影的核心角色。卷发女歌手则代表了国内一部分被蒙蔽被洗脑的女性，从小受到家庭的伤害、长大受到另一半的伤害和社会给予女性要求的伤害，不断自我修复自我拯救又自我堕落（精神层面）的女性，和铁梅互相拯救。铁梅是从更理性、更结构化、更流程化的角度教育孩子（这想法和我真的很像），卷发女歌手是从更感性的角度教育孩子，更能体会孩子的情绪和感受，并且能同频交流。,河北
一部无主线，无剧情，活活把电视剧剪成电影的烂片,广东
这个时代需要好东西,上海
新世界新思想，幽默风趣，接地气，坦白相告,浙江
无聊的空架子,上海
不错建议观看,陕西
不错建议观看,陕西
非常推荐！！,广东
好，很柔和又诙谐的叙事方式。人生很长。,山东
好看！！！！,河南
亲情友情爱情兼备的电影，很温馨也很好笑,辽宁
好爱女性向题材，每个人都有自己独特的风格魅力，不管哪种都很好，推荐《好东西》！！！！都去看！！！！,福建
"这绝对是好东西！笑点真的蛮好的，不尬，终于不是什么网络梗谐音梗这些让人尬笑的笑点了。剧情就不用说了，虽然不是那种娓娓道来的线性叙事，但是也是有逻辑可循的，结尾的一句话其实是点题了，只有足够自信和乐观才能够直面悲剧。
所谓悲剧就是这个社会的游戏规则我们无法改变也无法脱离，只能寄希望于下一代。而茉莉就代表了下一代，但片中塑造的茉莉的形象实在太完美了，她懂得的道理许多成年人都不见得懂，而且她的成长环境也是完美的，这样的茉莉现实里恐怕是没有的，所以这个游戏规则能不能改变，靠谁改变呢？
再谈片中提到的女性主义话题，这个话题真的贡献了好多笑点！片子在很多地方都提到了既得利益者是不会去做出改变的，更不会做出对自己没有好处的事，这就像男性（性别上的既得利益者）无法真的共情女性，上位者（社会游戏规则的既得利益者同时也是制定者）不会试图改变游戏规则。所以茉莉这一代长大了，有幸成为游戏规则的制定者，那他们会改变游戏规则吗？不要忘了，成为制定者的同时意味着他们也成为了这套规则的既得利益者。",河北
没啥意思，困完了看的,辽宁
极力推荐 今年最喜欢的电影 喜欢的女性力量和质感,云南
很好的一部女性电影,广东
笑点密集，女性真的很应该去看看这部片，思想特别先进，最喜欢的一部电影,广东
好久没看到女生这么独立自主的爽剧了，既能挣钱又顾家，还能给女儿做好榜样，一点也不需要男人这种东西，前夫唯唯诺诺的，就算知道前妻有情人了，也只敢在心里默默安慰一下最爱的是自己，艺术系的才子又咋样，说蹬就蹬，最后给个在家看电影的待遇，还不又眼巴巴的回来了，真的太爽了！,青海
"和舍友迟迟来看了
快乐和感动导演都拿捏得很恰到好处和细腻……
感觉是以女性为第一性拍摄的，直面那些崎岖怪物的电影……
看完感觉很幸福…………❤",天津
三观正，女性必看，太棒了,云南
大女主电影，必须看！,北京
剧情一般，演员演技还好,海南
多的不说了，没看的赶紧买票去看，看过的建议可以二刷，看完感觉人心情舒畅又温暖，女性的温柔很多时候只有女性才能互相理解。整个电影的基调让我感到温暖、愉快、轻松，在这个时代我真正想要成为一个不被定义的女性、独具一格的女性，有自己真正热爱的事情，有自己在乎的人，对这个世界有自己的看法和解读。影片中有让我觉得很牛的一小句话“正直勇敢有阅读量”，让我感受到了母亲的力量！,浙江
不知道说啥了,安徽
一部伟大而有趣的作品，没有靠创造对立来制造话题，也有试图进行高傲的说教，很棒！,北京
太好看啦，二刷了已经，拟声家务的那段我能看一百遍，超级浪漫治愈,安徽
超级烂片，没有之一,湖北
"实在太好了
看完在草地上躺着呜呜大哭
实在很喜欢天真的孩子视角 举重若轻地调侃起现存的那些小小问题
没有苦大仇深也没有充满激烈恨意，只是轻轻地路过笑一下，像轻盈越过春天的草地，连草叶都不会弯折一下
（点开评论才发现这竟然也有人在骂，但是写到这，重新想起那种轻盈，又觉得，其实很辛苦，其实还是在恨的人比较辛苦

可是、可是，实在很难过，看到小孩演出前柜子上写“这个世界还会好吗”，看到铁梅牵着孩子轻轻路过四月的上海，人群唱着“明天会更好”
实在忍不住呜呜大哭
我以为都被忘记了呢！
感谢，感谢铁梅，感谢邵艺辉，真的很喜欢、很喜欢
这样轻轻地轻轻地路过，轻轻地一瞥，轻轻地都看见了",四川
天啊我看到过朋友圈的大家对这部电影的疯狂夸赞，也想过会不会其实没有大家所说的那么好看，但等到自己来看的时候，我发觉它远比想象的有深意，幽默和吸引人。故事情节紧扣而有深度，台词更是新颖独特又揭示道理，真的很值得去电影院用两个小时的时间去理解导演想表达的。,广东
很有深度的喜剧,江苏
看都没看不知道讲什么 难评,湖南
幽默又灵动，四两拨千斤的说了很多问题，看得太有感触了,湖南
有点搞笑，有点感人，表达直接，清晰，但现实中很难，因为剧里的人太有才,广东
我很喜欢励志又经典，活泼又开心,四川
特别好看 妈妈太辛苦了,广东
我看完了 都没有看明白 好东西 到底是什么,安徽
算了吧，垃圾电影看得我实在**😖😖😖😖,甘肃
确实是好东西！！！,天津
确实好看，看完觉得活着总有些不起眼的美好（好喜欢小叶的衣柜）,山东
还可以吧，没有网上说的那么神乎其神，不过画面和人还是很美的，有空可以看,福建
"好看，全程很欢乐舒适。
虽然看之前在网上刷到过很多片段，但是丝毫没有影响我的观看体验，周末场次人多，看的很热闹，台词对白没有任何理解障碍！非常棒！",陕西
非常nice 非常好看 很励志 给我们小高逗的一直捂嘴笑，学架子鼓的小女孩儿太帅了，但是没我高姐帅哦🙂,天津
哈哈哈哈哈哈哈，没有励志，没有大道理，没有教你我怎么做事，就是很平凡的事情，但是就是很好笑🤭，这应该是我最近几年看的唯一一部没有说教的电影,内蒙古
喜欢这部电影。在传统观念中挺隐私的话题，大方谈论 : 世界上一半的人每个月都流血，这应该就是观念进步吧。每个人都有能胜任任何事的潜力，也有做不好一件事的权利，在不违背法律和道德的前提下有权拥有试错的机会和得到帮助。不需要把每件事都做到完美无缺，不需要把自己塑造得无坚不摧，包括不在意别人的评价。,北京
挺好的 很地狱的笑话,安徽
一般般，继续努力,河北
教育意义非常好,广东
什么钱，这么难洗😨,四川
演技烂 剧情乱 逻辑无 故事碎 硬打女权蹭流量[强][强][强],北京
还行吧，没有看懂,江苏
年度最佳电影！,海南
小演员是梅婷的女儿 哈 总体不赖 铁姐说话特直白 确实是文艺梗再包着糖衣的感觉 值得深度思考,江苏
非常好看，台词很棒,江苏
出发点是好的，但所展现出来的内容，可能不适合部分群体,河南
不好看，垃圾片,湖南
不知道这电影戳到多少人痛脚了Oo评论区疑似集体破防哈🤣笑死我了，你们的评论让这部片子又上升到了一个高度,四川
没有剧情，全靠场景拼凑,北京
确实是好东西！,江苏
挺好看，对话很有意思,河南
看到两万多好评，一千多差评。想想应该还可以。就随便挑了个女朋友，一起去看。走到前台买爆米花，搞特价10一份。看人卖，男性卖30。电影票两人90两张。120块。如此垃圾骗钱的电影。钱难挣，垃圾片子越来越多。唉…120又得搬砖一天。,上海
满分，又哭又笑的，年度最佳,山西
剧情站在女性角度写的很好，不谈论所谓女权红利，但就是男性营造的情况，很贴切，其实平等不该作为追求，各有各的方式，婚姻中如果没有对两性的认识，所谓原罪在身，那么必然难以放下偏见的，剧情其实很大胆，有对同性和异性的，感觉社会包容度是在提升的，红拂商店有趣，孩子教育也很给力，很难得教育题材电影，细节真的很多，推荐每一个女性都去看，也推荐男性看完引起有关思考，男性值得批判，也值得深思。,山西
"😊 演技
演技很棒",湖南
神作。。。。,湖北
很好看的女性电影,山东
挺好的，也很贴近生活，现在的很多人确实是这样,河北
"很好看 音乐好听
女导演yyds！",辽宁
第三部看一半走的…,河南
应该是会反复拿出来看的一部电影，也是好久好久都没有看到如此有趣且轻松且搞笑且令人深刻的电影了。,四川
能说啥，超赞,江苏
太太太太太太太太好看了。今年最好看的电影真的巨巨巨好看。我滴妈宋佳太会演了好好看受不了了还有钟楚曦太美了吧宋佳好帅。太好看了。小女孩也好会演。而且特别搞笑还感动总之就是非常好看,江西
好看 值得深思,天津
自然轻松幽默地传达了自己的想法,上海
很好看，剧情很好。,广东
不错的电影 核心思想主要是围绕女性独立 可看,重庆
好看，题材新颖，不仅仅是爱情💓，不仅仅是大女主，非常有意义。影响最深的一句话：拒绝绑架，相对自由！不要被网络的自由带偏，找到属于自己的节奏🎵，也能获得独属于自己的自由，那才是真正的快乐！第一次写影评，送给“好东西”，送给自己！做一个相对自由的小女孩👧！😜,重庆
这部以女性主义为题材的电影，让我看到了女性的崛起，就像剧中只有女主角们有姓名，其他的男性都是她们生活中的配角，我们没必要做到最好，在我们关心的人那里你就是最好的,河北
还是可以的，但不适合带小孩去看,江苏
凑合吧，就中间有一个半段还可以。 全程估计是本人。太俗了，觉得很没意思。,陕西
太棒了！明天二刷！！,湖北
还满意。喜欢😍喜欢😍哈哈哈,湖南
好好看，很有力量的一部影片,陕西
不好看，很差。,河南
不错，喜欢看，我们要那么好是干嘛了？谁要我们那么好呢！开心就好,山西
剧情映射生活 平淡治愈又耐人寻味 引人深思,内蒙古
值得看！！！,山西
"剧情真的特别特别好，让人回味无穷，我愿称其为年度最佳电影，体现了女性改变和觉醒的过程，也富有很多哲理，还点出了很多社会问题，并且里面人物的说话方式幽默诙谐，也比较直接哈哈哈哈~
直击当下，共鸣太深！",北京
今年看过最好看的两部电影：《抓娃娃》和《好东西》 本来看这部电影之前也没抱太大希望，就是觉得好久没看电影然后最近这部影片评分高一点而已，这个真的是既搞笑又催泪又特别有教育意义的电影！以前很喜欢看悬疑推理类题材的电影，现在觉得这类题材的也超级好看！！希望导演多出点这种题材的电影👍,湖北
现在还有想生孩子的吗？电影好吗？,河北
电影至此，已是艺术！,山东
剧情紧凑，演员演技在线，可以体会到很多普通人细腻的感情，很推荐。,北京
电影不错，比较少见的都市情景剧，这个故事讲得不容易,四川
什么是好东西？好东西是啥？几个大人当着小学生的面大谈特谈月经好像不太合适，尤其又有几个大老爷们在场。,青海
很舒服的叙事。没有什么男女对立，苦大仇深。有笑点有泪点，看完心里暖暖的乐呵呵的。很喜欢。,河南
中女元年最高作，幽默诙谐的Herstory，2024最佳,广西
这个电影很有内容，也很有深意，虽然是喜剧的外机，不过它的深度和教育理念延伸到各个层次，全程看下来没有尿点，真的很不错，很值得推荐。,云南
剧情非常棒～是一部很好的女性电影，有一种轻松又深刻的幽默感～并不是性别对立的～而是展现女性之间互相理解互相帮助，很喜欢！,河北
看完直观感受到了不囿于婚姻孩子家庭工作交友而散发的女性魅力。（演员选角特别好，因她们本身的特点再融入角色里，充满magic）,广东
挺不错的！！,安徽
好看！！！！,福建
言过其实，被豆瓣评分忽悠了,广东
还不错 值得一看 剧情很好,山东
王朔电影现在版！,陕西
"🌟 推荐
值得所有女性观看，值得N刷🤓
女性价值观太正确了，真的很有现实意义
而且里面的话也都很励志 有意义
这部电影简直 太棒了",北京
特别好，希望以后有更多好东西这样的电影！,辽宁
"特别好看的电影
最近常被内耗的情绪困扰 觉得自己好像搞砸了很多段关系恰好看到电影里说为什么不能搞砸呢 为什么什么都要做到最好呢 
我总希望我自己要特别好 好到所有人都不要讨厌我 每当自己达不到时 就会自责 但就像小孩说的 他们都不会当妈 但还是会骂你 这都是没有理由的 我也不应该因为他们对我的态度来评判我自己
谢谢你 好东西",湖南
非常不错，值得深思,广东
好看，非常有内涵，但是又不晦涩,陕西
比想象中好看很多，值得一看的,内蒙古
非常非常棒的电影，非常多的人生哲理，人物塑造堪称完美，情节不仅合理还有趣，这电影爱了爱了,广东
很值得一看。,广东
不错。。。。,湖南
可以的讲单亲妈妈,上海
电影挺不错的，单亲妈妈不应该给贴上标签，可以有自己的生活，孩子也能带好，也可以有工作，做自己首先你是自己才是一位母亲，有个小细节，纹身（台词呈现出的是文身）不知道是错别字，还是就是这样呈现的，很棒的电影👍,上海
挺无聊的，整部电影都在宣誓女权独立，过于贬低男性了！看一半看不下去了,黑龙江
喜欢这部，细腻的女导演，很棒的演员，也是我们生活中的每位。,四川
nice哈哈,辽宁
期待更多女性电影,湖北
推荐非常好看,浙江
太好看了，很搞笑,浙江
特别棒的电影,山东
太一般了，没什么意思…,辽宁
什么玩意生搬硬套,辽宁
"小演员“女儿”演技十分好
比预期好看。有些画面挺触动的。
值得推荐。",广东
非常好看主题符合当今社会,内蒙古
不如流浪地球,内蒙古
"📚 剧本 还可以 就是前面剧情有点太平了

🎉闪光点 女性题材的电影 意识相当不错的  可以尝试看看",湖北
《好东西》绝对是近5年内最有深度、有内涵、有价值有批判性的好电影！不止讲了单亲家庭、家庭暴力、缺少父爱或者缺少母爱的孩子、所谓的男女对立，更多的提到了亚洲人，尤其是东亚人身上普遍存在的执拗的问题。我们一直都被各种各样的条条框框约束，就仿佛总有人在制定游戏规则，逼着你去走那条路。实际上不是这样的，人无完人也没有铁人，是人就会犯错。不要因为生活中存在悲剧而放弃，而是因为有了乐观坚定的内核才能挑战悲剧。,湖北
很好看，不论怎么的人生都值得被看见,宁夏
"在生命里，什么是最重要的呢？
我想是——“我”
很多人一生都不知道自己最擅长的事情是什么，
没想过自己这一生应该怎么活，他们被动地体验完被设计了几千年的游戏，
生存重要，但生活更重要，
你的游戏怎么玩儿？
你愿意重新设计它吗？",四川
超级好看 很搞笑也很温馨 全员演技在线,河南
特别特别特别特别好看！！很久没有看过这么好看的电影了,四川
！超级好看！,广东
很细腻 勇敢的做自己吧,浙江
挺不错的，情节不紧凑，但是能触动人心,山东
就那样吧……,甘肃
"我觉得很好看一部电影，有欢笑有感动有深思，两位女性素颜演艺吧，还有那个小姑娘，都演的很好，很真实。赵又廷也很不错哦。推荐大家去看一下。
🌟 推荐

😊 演技",河南
绝对是今年我看过最好看的,重庆
"大女人就要看大女人！（转写在淘票票评论2024.12.13）

印象最深刻的片段：
1.小马衣服被脱了，肌肉，笑得捶腿，练的不错
2.医生说床友的时候正好前两排有个小孩问爸妈，这是什么意思啊，爆笑
非常好看的女性意识电影，很值得一看👍

p.s. 宋佳刚开始让我幻视张桂梅，又都带个梅字",江苏
强烈推荐，值得观看,四川
我不知道这个影评分数怎么来的，全场四个人，有两个人看不到一半走了，我坚持到最后了，没看明白，劝别看。,贵州
二刷了，爱惨了！,辽宁
是今年看过的的最好的一部电影,陕西
这太好看了，谁说不好看啊？简直是恶评。。。差点被误导看了其他电影,安徽
好看的 有剧情有爆笑人物有成长 从一个新的角度反映了两性关系 比较推荐,四川
很好看，女生都比较有共鸣吧，笑着笑着就哭了，女生被伤透过后直接没爱了，成为妈妈的角色，被迫让自己成为超人。,湖南
剧情有点迷 有点像样板戏,福建
女同胞们冲啊,浙江
看一次电影，感觉被诈骗似一次,内蒙古
年度最佳，几名不同年龄阶段的女性之间互相扶持和治愈，女性自我意识逐步觉醒的故事，作为观众的我也有被治愈到,湖南
超级好看！！！！,安徽
男人的好胜心演绎的很到位。你又是谁的好东西呢,浙江
演技太棒了！,湖北
特别好看～希望今后有更多女性叙事的的电影。特别温和！,四川
还行 导演编剧都挺好,北京
很不错的电影，以女生的视角，不错不错,贵州
剧情超级好演技也特别好，感觉根本不够看啊！,四川
优秀且内核强大的作品，或许有一天它可以成为中国女性意识划时代的代表作，优秀的男性只会带着自我批判的视角欣赏她，而不是一味的关注性别对立,浙江
挺好看的我感觉 有笑点有泪点 认真看完了全程 挺喜欢这部电影的,内蒙古
电影很好看，惊叹于邵艺辉导演的才能，既是导演又是编剧，整部电影笑点与泪点并存，非常让人有共鸣，没有任何让人尬笑的黄色笑话，让一个女生全程观感非常舒适自在，期待以后能有更多女生导演，编剧，主演的电影,黑龙江
一般好笑 但是歌好听,广东
谁说这电影差，这电影太棒了,浙江
超好看！！！,山东
很不错，对单亲妈妈的世界描述的很细腻，有笑点，有泪点，对男女的理解也更深刻了。,湖北
不知所谓只有情绪的投喂女性的拙劣之作,浙江
今年最爱的一部电影，《好东西》真的是好东西！即使在看之前已经刷到过很多帖子说这是部很好的电影，心里已经有了预期，真正看完比预期还要好！是看了会让人特别舒服的电影，会让我感到幸福的电影。,广东
近年来最好看的电影,山东
好东西真的很好看 很有深意,陕西
2024年看过最好看的一部电影！,四川
好东西好喜欢,山东
没有剧情，没有逻辑，很尴尬，全是水军控评，别看，真的,安徽
真的不建议带孩子去看，本来看着搞笑也有孩子的环节，没想到很炸裂就啃起来了，而且也是特别好笑，别花钱了,陕西
没看明白离异带娃的女人有那么多魅力 瞎演 这么多剩女的鸡汤,河北
整个剧情节奏流畅,河南
为什么要在意别人的眼光？我赤诚勇敢的去面对自己，直面黑暗和阴暗面，便是最好的自己,北京
非常非常细腻的女性电影……今年最喜欢的电影了！,山东
剧情立意很好，看完后没有任何焦虑，世界有黑有白，生活有苦有甜，不要太纠结，我们只要好好慢慢的活着去做自己喜欢的事情就可以。,天津
好看，非常不错,新疆
演技很好，推荐,山东
记流水账的电影，看到一半看不下去了走了,四川
非常喜欢的一部电影，很庆幸没有临时更换，和好朋友一起看可开心了～电影里，每个角色都很出彩，好想心里住着个王铁梅，能像她一样勇敢，直爽和快乐。很喜欢小叶，表面酷酷和开朗的女生，很想让她被真心爱着。小孩，小马，前夫都演技在线。很喜欢几个人在饭桌上的一幕，剧情和台词真的流畅，很喜欢妈妈在小孩上台表演前告诉她，在你没准备好的时候可以不去做，等你准备好了我们再来。推荐,广东
垃圾电影，全程为为女人说话，洗脑，给男人发赎罪券，坐等票房值多少，完全不值得看。,上海
很贴近现实的少数理想主义电影,河南
剧情不错，前面剧情进展还可以，后面潦草结尾，宋佳演的不错，值得被夸奖。,江西
"很好看，拍的非常细腻
",河南
"很好看的电影，和朋友一起看的，一开始还担心这种类型的电影会无料，但是看完以后发现观感出乎意料的很好。看网评很多人说是为了打拳而拍的电影，可是里面呈现的很多情节都是现代女性正在真真实实经历的，关于家庭，关于梦想，关于爱，没有夸大也没有反复强调苦难，反而很多时候在感人情节中插入一些轻松的笑点。而且抛开性别，里面很多对女孩儿们说的道理，对男性也同样适用。

“什么样才叫够好了，谁是裁判？”生活很累，有时候真的需要放松一下，不管是谁，是什么年龄，什么性别，不一定要做的多好，生活本来就是建立在旷野上的无数条轨道，人生很长，没必要一眼就望到头。",湖北
想做什么都可以，没有裁判，没有规则，多去试试，错就错了，对就对了,广东
今年比较推荐的片子。电影主题符合当代年轻人口味，人物刻画立体形象，台词细节印象深刻,河南
"如果我的女朋友，她烫着她最喜欢的蛋卷发型，穿着她爱的衣服，为了索取爱躺在我的床上和我嬉戏说笑，为了跟我拥有更多话题和时间将她的热情全都付诸于我。我会更致力于去看她的livehouse，看更多的书学习优美的语言去夸赞她，闲暇为她买适合的衣裙，带她去了解我身边的一切。迫不及待的用确定关系来将她拉入我的生活。而不是——床伴。肉体交流，不能用喜欢和爱来表示。小叶，只是迷失在缺爱的生活里。幸运的是，也幸福的是，她遇到了铁梅，遇到了小孩。
王铁梅，说一没有二，说三迈向四的女人。她的生活是井然有序却不失格调，她尊重，并如此的珍爱她的世界——小孩。
她挣脱了“女性”固定在刻板印象上的淑女，就像她的名字那样，铁梅，她是铁做的女人。她雷厉风行，但不失母亲的柔性，她是大女人的代表，是小叶的偶像，小孩最爱的妈妈。
小孩，即使父母离异，却被父母都用爱教导长大的小孩。她的敏感，她的温柔，她的害怕，她的逃避。都是属于小孩自己的情绪。如果小叶的眼睛是被母亲挨打的原因，那么就是小孩爱小叶的原因。因为小孩，她是那么的，好。
这部电影真的拍的很好。更多的话写不下了，但这是24年拍女性，拍细腻，拍勇敢生活最好的一部电影。",山西
太好看了!!,广东
真的是很好的电影，可惜现在女性的处境道阻且长，希望能唤醒更多的女性吧。我们不需要弱小可怜无能，更不需要雌竞攀附男人,浙江
好看！特别轻盈特别有力量的好东西，是特别特别好的好东西，虽然轻盈但是深刻，情感表达也很细腻，中间的蒙太奇太绝了，还有不同场景的氛围感也很绝，感觉是送给女性的一个礼物，看完心情会很好，而且很多台词从小孩的嘴里很平淡的说出来真的会让人陷入思考，太会表达了，喜欢！,广西
我印象中这是第一次看到以丧葬业为主题的中文电影，观影过程中数次落泪，演员表演也很精彩，值得一看,广东
好看 太搞笑了 想二刷,河南
"好东西VS坏东西，好人VS坏人，我们总是在给自己下一个定义，做出一个评判或者物化，可是我们是否想过或许好坏与对错并不是那么对立，人与物也只是名称的不同。评判真的那么重要吗？作为人，一定要有固定的标签区别男女吗？
当了妈妈，就不能做自己吗？做妈妈的付出中让我们感受到对自己的委屈，不正是包含了不甘心放弃自我，让我们能承担了更多责任，让我们从一个手不能提的小女孩变成了勇挑重担的母亲吗？那些对现实生活的妥协与挣扎，那些日复一日的家务和工作，不正是成为了我们勇往直前的力量吗？
我们教给孩子们的诚实勇敢有阅读量，并没有让孩子们感受到自己的存在，反而是那个正视生活的我们，在每一天的忙碌中给孩子们做出了榜样，让孩子们看到了我们，在心里定格出妈妈的模样。
那些妈妈日常家务劳作的声音和大自然的声音唯一的区别就是多了妈妈的爱。我们是妈妈，也是我们自己。
PS:或许该带娃一起去轻松的音乐酒吧听个歌，找点灵感，毕竟写一首歌也是我的梦想之一啊？！",辽宁
还不错挺好看,浙江
一点都不好看，快看睡着了，浪费时间,贵州
人生第一次评价，别来浪费钱，贵州贵阳，实名,贵州
好看，感觉被治愈了,湖南
三观不正，剧情很尬,江苏
太一般了 很差,北京
人间百态，每个人都有自己的不同人生，命运！,黑龙江
"好看，导演很有思想。
电影轻松诙谐，小幽默。 都市人的生活呈现的很生活化。演员都不错，爱情神话和好东西，都把上海的生活拍的很好。男女关系也很微妙，还从这部电影知道了上野千鹤子。整体来说是8-9分的电影，个人感觉，是2024年一整年看到最好的的国产院线电影了。",湖北
不管怎样，我觉得这是我今年最喜欢的电影。作为观看者我跟着她们一起笑一起紧张差点一起流眼泪哈哈哈，大概上映了一些日子了，影厅里并没有许多人，但是我听见了许多笑声，很有感染力，每一个演员都演绎的恰到好处，铁梅很美，小叶很美，小孩儿也很可爱，嗯，章宇老师和赵又廷老师也很可爱！无论如何，今天都是美好的的一天，去朋友家吃了饭，收到了妈妈说不会催我结婚的消息，看了好看的电影，是个好东西！我很自由！我很快乐！我很好！,北京
不知道演的什么玩意儿,重庆
"🌟 推荐
超级推荐",陕西
大部分都在强调女性权利不对等。我作为男性我还觉得男的不好呢,河南
一点也不好看，尬聊,河南
太垃圾了拍的，没头没脑，不知道拍的什么👻片，,江苏
非常值得大家观看,湖北
很好，适合女生看,北京
《好东西》值得一看！,四川
很棒的电影，搞笑爆梗真实治愈，希望以后这样的电影多一些！,江苏
女性独立，则天地皆宽。,新疆
一般，非常一般,江苏
让人感动又好笑以及深思的好片。 不负期待！除了两位大女主，三位男配，小女主也很出彩。 台词硬核又充满智慧。看完有种享受了一顿饕餮盛宴，还意犹未尽的感觉。 希望大家都可以勇敢一点，活出自己喜欢的样子。相信世界也会慢慢改变和进步，不再双标。^_^,广东
"“Nobody”
“Somebody” 
其实不知道大家注意到没有，中英文台词的翻译也都特别灵！！
以及上野千鹤子做梦没想到她还可以有这样的作用哈哈哈",北京
好看，推荐大家可以看一下,新疆
看后很感触，女性在社会上生存本就不太容易，身为女性的我们，需多爱自己一些，也不用事事都要做好，允许脆弱存在😉,广东
不错挺喜欢的,广东
好看！特别推荐！,云南
刚和媳妇一起看，下电梯时我忘她能不能总结一下，才思敏捷的她一下卡住了，我说，是不是有一种看了什么又好像什么也没看，哈哈哈。演技不错，剧情没啥意思,陕西
"🌟 推荐
超级棒，女本位的电影
😊 演技
演员演技都很好
🌅 画面
很有美感
🎉闪光点
笑点泪点很密集但笑点更多很轻松",浙江
第一次看电影看睡了。。。。避雷 哪来那么好的评分,山东
好看，很感人，很励志。,江西
"我想给予这部电影差评的女性正如电影里的那句台词“你以为在解放人家呢，人家根本不领情”
",海南
不咋地，难看,湖北
女性成长题材的电影 它不一定是最好 但一定是一个最好的开端,天津
高强度冲浪选手get到了所有梗，输出观点但是不生硬不牵强，给予我所有的肯定,宁夏
"一坨答辩，超级烂，估计花钱买票房了
",北京
很好看很有意义,湖北
三观比较炸裂 别领孩子来,甘肃
"电影有关女性的成长

剧中小叶从小缺爱，长大后在寻找伴侣上特别看中男生是否爱他，夸赞自己。不敢流露真实的自己的需求，自己真实的生活状态。害怕受伤，一直伪装不在乎，不需要 ，隐藏自己的需求。

剧中铁梅是个独立坚强的单亲妈妈，追求完美，对自己高要求。有着正确的三观，在剧中和孩子一起成长，她放下对自己的高要求，追求个人幸福。直视社会舆论，为孩子做榜样，孩子远比她想象中勇敢。

",上海
烂片一部   全剧无聊，宣传女权主义,内蒙古
"🌟 推荐无敌爆炸好看 内娱近两年最好看的影片了好看的到五体投地

😊 演技每个人都很精彩情绪转换 演绎的都很好

😭 哭点没有故意煽情，真实到你随着里面人物视角都能哭 不由自主的哭 泪点低的人都很好哭 真的触动内心的哭点

🎉闪光点直白很多教育盲点吧，比如中国人含蓄不敢直面的🌟方面情感方面问题吧 每个点都很直接 梗也玩的适度又好笑 而且感觉能从电影直接出梗 无敌爆炸超级好看！！

😂 笑点",天津
没看懂！看了一半不到就出来了！,甘肃
好看 在假期给心灵做了个SPA,湖南
太烂了 价值观扭曲,上海
剧情不错，演技很好,辽宁
好东西 有点东西～,河北
节奏紧凑，好看,江苏
很好看的电影,上海
非常不错，宋佳演技很棒，其他演员演的也很到位，魔都的生活，魔都的一隅,甘肃
🤓🫰🏻好看 爱看,新疆
最近有些内耗，很治愈，值得N刷,黑龙江
很好看，很治愈,辽宁
值得票价 线下可以在看一遍的好电影,山东
这部电影总的来说是我很少能够看到的类型，很现实，很感动。里面所表达的情感确是很多电影做不到的，社会上很多人都对女性有些刻板印象，希望这个世界能多给女性关注和支持，像电影中铁梅发表文章后有很多人骂，大多还是女性，我觉得这很无奈，很真实，这同时也在呼吁大家不要对他人恶意揣测，这部电影真的很不错，建议大家去看！,安徽
很清新的画风，选取了很现实的生活画面，出了很多金句，很有价值和意义，没有说教但能引人思考，也有很多梗～整场电影下来有笑点有泪点，真的很好看！角色性格被塑造得鲜明生动有血有肉，主角都演得很棒～（尤其是钟楚曦饰演的小叶，真的演得很好！宋佳饰演的铁梅也很有魅力！）,江苏
感觉一般哈 我第一次看睡着了,河北
电影还原了生活的真实的写照,江苏
包袱没掉过，轻松又新颖，好看,广西
挺好看的，很搞笑,四川
喜欢宋佳，还不错,河北
好难 非常值得一看 剧情紧随潮流 搞笑中夹杂着心酸👍👍👍👍,山东
希望内地多出女性题材的影片！很好看！,江苏
别看，看了会后悔的,河北
一般吧，白花钱了,重庆
挺有梗的 好电影 看了浅层就想让人更深入了解了 第一个看一半就急不可耐准备找解说了,黑龙江
"好看
引人深思",福建
"谁懂 两位主演美貌暴击！！
剧情流畅又有梗 让人笑了又哭😭
绝对值得贡献两张票推荐
🌟 推荐",陕西
我愿称之为最喜欢的一部电影,广东
立意特别好 把我看哭了😭,江苏
永远可以做个小孩,山西
挺有意思的，轻松快乐,北京
电影很好看，笑点很多，值得去看,河南
"第一部女性题材很满意的电影院观影体验
不再单纯的是女性被压抑，女性要独立，这种故事。
还结合了每个人的成长童年甚至几代人
有很多有泪点的地方，也有很多明明剧里没有哭，但是却很触动的地方。
我是女儿 我不为她犯的错承担后果
我是妻子 我不是谁的附属品
我 只是 女性 字面意思的一名女性 不差分毫
",北京
很好看，剧情合理连贯，逻辑通顺，演员演技过关，笑点也很多，这几年我觉得我看过的最好看的了,内蒙古
挺搞笑的，也挺有深意。,山西
好看好看 厉害👍🏻 棒棒棒,湖北
想再看一遍 很有力量,四川
好看 每个人都不容易,河南
好看不错可以,四川
看到了真正的女性主义电影,山东
挺不错的，幽默的地方很多，不是抖段子的那种生硬，而是贴合生活，贴合人物角色的那一种幽默和有趣,湖北
可以，味道还可以，就是肉少了点。,广东
"温馨真实
搞笑幽默",湖南
剧情超级好，宋佳的演技很好，爱上宋佳了,河南
真的很好看很适合女生看我超爱,江苏
非常不错，挺好看的,河南
很搞笑 很好看,北京
近几年看过最好看的一部电影,山东
清丽脱俗的电影，太精彩了,江苏
一部轻松日常电影，生活不是在别处，是在当下的每一分每一秒，无论好的坏的都接受，很有趣的电影,安徽
