comment,ip
一般不评论，除非很喜欢。准备二刷,云南
画面质感太真实了，细节拉满！剧情感人，非常励志！传统功夫动作超炫！是一部非常棒的动漫电影，我要给满分！,广东
剧情丰富曲折，价值观积极向上，幽默风趣，但又贴近现实揭示底层人民的生活苦楚，令人心酸叹惋，人物刻画鲜活，是一部老少皆宜的动画，强烈推荐！,上海
电影故事很好，拍的也很不错。自信的中国风就应该不在乎眼睛的诋毁。,江苏
绝！真的值得！,北京
剧情还可以，画面质感很写实，主要是不知道那些说唱的插曲歌名是什么这里给一颗星差评,江西
好看，跟第一部一样有质量，唯一不满意的地方就是主角系列人物太丑了，连普通人都算不上。,广东
真的是一部很好的国漫，清者自清。“拳馆还在，家还在”。我也会守住我的“真理拳馆”，我们都是雄狮少年,浙江
"三年前在无意随便点开第一部，被惊艳到了
今晚看了确实很好看，很写实
在大城市机会虽然多，但是更多了
就像电影里的，没钱吃饭交房租
人可以什么都不争，但一定要争口气啊",广东
近几年最好看的国产动漫电影,湖南
超级 超级 好看，1没大火就很可惜，2真的是直入人心，中华名族的文化魅力，看过才知道,陕西
这片子是真好，比第一部还要好，看的人热血沸腾的，就是可惜了这个票房成绩，就不明白为何这一系列都是叫好不叫座。,北京
非常好看，和孩子看的，很燃，宣扬我国传统文化,青海
"🌟 推荐
雄狮少年2真的是国产动画片的经典之作～！看了第一部就很喜欢～出二部也必须安排～
🌅 画面
画面好写实～画的很生动
🎉闪光点
非常励志！没有假大空，也比较符合现实逻辑～",湖南
超越第一部的存在。画面华丽节奏紧凑，价值观正能量！看完浑身有力！,广东
一家三口去看的，很有情怀，期待续集！美术  动作  画面没得说，真不错,湖北
扎实，好看，良心,广东
真的好好看！！！😭😭😭看一的时候还是初一老师放给我们看的，当时就被震撼到了！！！看二的时候哭了好多次，故事真的非常细腻非常棒！,江苏
"真的很好看，完全不输第一部！不要因为轻飘飘的两个子就让好东西埋没！究竟是RH还是弘扬中国文化，清者自清！
只喜欢看卡姿兰大眼睛的还是去看天线宝宝吧，这么有深度的剧情你们也看不懂！",广东
"看完之后是真的觉得自己被之前的很多言论带的太有偏见。
第1部我就是带着偏见看完的，结果给我震撼到了，就除了画风，内容上没什么太多诟病的，但是我还是因为那些言论，没有给1好脸色[微笑]
后面去电影院看了第二部，我是真的无法再违心说雄狮少年2不好。画面内容，视觉效果，立意内核，武术动作，设计都太流畅了，太连贯太让人惊喜。特别是打戏的动作，我觉得非常有力与美，让人目不转睛
野火尽染少年时，蓬蒿不没雄狮志！！",广东
特别好看，特别燃！,山东
故事情节比第一部更流畅，节奏好，超喜欢,浙江
好看，值回票价,湖北
剧情超燃，特别好看，真的值得去看,江苏
延续第一部的激情与励志，故事结局虽然可以预测，但情节的反转“情理之中，意料之外”。配乐也很应景，音乐一出，燃起来了,福建
雄狮少年二真是一部非常优秀的电影作品，看一的时候很多对主角相貌的攻击，感觉都是没看过的喷子，电影里很多精彩的镜头都展现了中国的传统文化，光影还有画面都太美了，音乐也非常好听。擂台上阿娟对打感觉像是真人一样，拳拳到肉，剧情处理的也一点不俗套，有搞笑有泪点，很现实很热血的一部电影，小雄狮冲啊,湖北
国漫越来越好看了,上海
这个电影真的👆🏻不错，比垃圾商业电影木法沙狮子王好看十万倍！,天津
雄狮1还是偶然发现的，雄狮2果断去看了。国产动漫需要这些发展空间，非常励志,广东
"第二部依旧是这个味儿，将传统风格与故事丝滑结合。但相比于第一部的舞狮，这一部把重点放在了擂台上。雄狮真正意义上变成了精神，在体内低吼。这在最后小雨送给阿娟的立体卡片上体现得淋漓尽致，让人看了心潮澎湃。影片时不时透出的幽默感让人开怀大笑，比如格斗赛阿娟出场时凄凄惨惨的二泉映月，全场大笑。这次的故事发生在上海，无论是石库门老房子，还是城隍庙和锦江乐园，都是满满的童年回忆。

这次的动画效果更加精进，将画面动作细节到了每一处皮肤、关节，是更有技术难度的肉体搏击。动作场面尤为丰富，极具观赏性。看的时候我一度忘记了这是一部动画，细节逼真到令人发指。

或许《雄狮少年2》只不过是把少年该有的样子告诉了我们而已，毕竟我们每个人都曾是“少年”。少年或许不一定是赢家，但他一定是愿意不断推石头上山的西西弗斯。电影也很温柔地给了那些走过少年时代的中年人，一个“再回首”的机会。张韶涵重唱了第一部的片尾曲《无名之人》，无比怀念。",上海
完全没想到这竟然是一部国产动画的水平，这剧情，这场景，这配乐，这节奏，这剪辑，完完全全可以跟好莱坞动画匹敌。无论是比赛中的武打动作，还是草缸里的内容，亦或者是路人的不同方言，都能感受得出电影团队下了很大的功夫，研究了很多细节。动画场景和人物也非常的真实，天空中的雨，主角流下的汗，被拳头击中后的身体变形，都渲染得非常的逼真。故事也非常的耐看，尤其是反转过后主角的行为，看着热血沸腾。这片子大大超出了我的意料，太喜欢了，还会再次看的！,广东
比起第一部有很大的提升，剧情画面都不错，好看,福建
非常棒👍好看！可以带娃看！,四川
非常棒，很充实的两小时,四川
相比第一部，剧情太单薄了。可能是期望太高导致，及格吧。,江苏
#电影雄狮少年2#这虽然是动画电影，但满足我对武打片的所有想象，可以用酣畅淋漓来形容我的观影体验，在我心里绝对是top级的国漫电影,江苏
对于这样的国漫，冲就行了,广东
"🌟 推荐
这次不管怎么说 配乐 剧情 人物等都让我很喜欢！还带一些搞笑（配乐好好听）
第一部讲舞狮，第二部讲武术“舞狮是要学拳的”
外练筋骨皮，内练一口气",广东
好看，励志，老少皆宜,陕西
剧情有搞笑，有泪点，到最后彻底燃烧起来，让人汹涌澎湃！动画细节做的行云流水，关于爱情的线和第一部一样懵懵懂懂，像极了曾经的青春时期的我们。关于人物造型这块，***比第一部有所优化，我觉得就是个人的艺术风格问题，犯不着讨论的民族有没有自信心这些问题！,湖南
很不错，很励志，很好看,上海
这才是好电影，是给人力量的电影，终于补上了1的票，支持你们！,四川
满分神剧，画风精美，武打精彩，剧情推进流畅且紧凑，文案也有深度，本来带小孩去看的结果自己看得津津有味。,广东
太精彩了！目前看过最好的动漫电影，逼真写实！动作超赞,广西
"剧情非常好看有反转 强力推荐这部电影 虽然人物建模丑了一点 但是内容非常优质 外练筋骨皮 内练一口气
🌟 推荐

🌟 推荐

🌟 推荐",广东
有笑有泪，故事不错，节奏音效都很赞。难得有一部值得推荐的电影。期待第三部。,江苏
剧情挺好的，武打动作设计也很细节。传达了一种在残酷生活中对希望和美好的坚守,湖北
好看的，不过没有第一部这么惊艳,四川
最好看的电影，没有之一！！！,四川
太好看了，太燃了,重庆
再也不买中午的票了，睡过头...,重庆
"🌟 推荐
适合大人小孩举家前往观看
太燃了 配乐也好听",上海
好看！这一部很真实。表达出了现实中的一些常见伎俩与手段，你企图用舆论的压力编造一个假的故事去毁灭别人，早晚有一天自己也会毁在舆论的压力之下。不管什么时候都不要忘了自己曾经来时的路，不要越走越远，有一天都忘了自己是怎么走到这的。,内蒙古
非常精彩，宣扬传统武术，弘扬中华文化,上海
非常好看，我在电影院看过第一部，深切感受到电影的力量，没有网络上说的那种唧唧歪歪的谣言，只能说沧海遗珠终会被发现,广东
实属精品，太细致了,北京
#雄狮少年2#，带着孩子一起看的，全程高燃，没有什么拖沓的剧情，孩子也看得很认真，非常励志的一部电影，正是代表了我们中国少年坚强不屈的精神，推荐带孩子去看。,浙江
我自己感觉还不错，值得一看，但是对于其他人来说有点不是那么完美，对我本人来说瑕不掩瑜吧,海南
"不比第一部差，挺棒！剧情,制作，立意都很好。大人找回初心，小孩受教育。",四川
很燃，带小孩看不错,浙江
我不懂大家为什么要因为***而全盘否定一部作品，这部作品从故事，人物成长刻画，分镜，音乐，建模，真的都非常棒。里面人物的长相也是非常多远的，而且我觉得所谓的***也很有审美的，阿娟非常帅..老天爷啊请苍天辩忠奸，这部我会二刷的，中国动画人加油！！,北京
很好看的一部电影,广东
广东和上海IP的可以闭眼入了,北京
好看好看，推荐噢！剧情很精彩,广西
"#雄狮少年2 超超超好看🥹
“生于野草，活成雄狮”
​  我要给所有人强烈推荐这部宣传传统武术、剧情内容超级抓人、电影画面穿插丝滑、叙事感特别强的国漫《雄狮少年2》！还有电影里的每一段rap，真的特别用心特别好听，和画面的适配度真的特别特别好！
​  第一次遇到雄狮少年，是在高三高考前的12月，再次和阿娟相遇，没想到就是大三的12月。说来真的也很有缘分，我在21年12月深深地被这部电影一幕幕一声声感动，“无名的人啊，我敬你一杯酒，敬你的沉默和每一声怒吼”（当时是毛不易唱得《无名的人》）“仰天大笑出门去，我辈岂是蓬蒿人”“木棉花，也是英雄花”……每一个看过第一部的人在看到第二部的一些片段，我想一定会被再次触动，被属于阿娟人生中平凡但是动人的一幕幕感动。
  ​如今，我又被第二部中描绘传统武术的画面深深吸引。无论是在看第一部之前，我对舞狮完全不感兴趣，还是在看第二部之前，我也完全不看拳击比赛。但是制作这个IP的制作组，拥有一种魔力，让你也能爱上传统、爱上扎根于我们文化中的那份魅力、热血。我相信每个人看完都会喜欢上阿娟，因为在这里、男主的人生从来不是爽文，有的只是不屈的意志和野草的韧性。",江苏
＃电影雄师少年2＃ 《雄狮少年》也是让我热泪盈眶的优质国产动画 ，不在意***的争议 ， 剧情、 配乐 、情怀都打动了我 。那些刻意致敬经典港片的桥段也让我会心一笑 ， 好的电影是会穿过争议直达人心的 。,江西
"电影#雄狮少年2#值得看的原因
1.  励志：主角们在面对困难和挑战时展现出的不屈不挠的精神和积极向上的态度。
2.  友情：友情元素让人感受到团队合作和相互支持的重要性。
3.  文化传承：《雄狮少年》电影通常融入了丰富的中国传统文化元素，如舞狮等，不仅增加了电影的观赏性，也有助于传承和弘扬传统文化。
4.  视觉：作为一部动画电影，其精美的视觉效果和流畅的动画技术也给观影留下了深刻的体会和享受。
",吉林
真的很好看，哈哈,上海
剧情非常好呀，,广东
#电影雄狮少年2#影片中的格斗场面精彩纷呈，阿娟在擂台上的每一次挥拳、每一次跳跃，都仿佛在诉说着他对生活的抗争和对梦想的执着。特别是他运用舞狮脚法击败对手的那一刻，更是让人眼前一亮，感受到了传统文化的魅力和创新的力量。这种文化传承与创新的精神，无疑让我对文化自信有了新的认识。,湖北
不负期待，非常好看！,广东
努力的人总是会有收获的，高中的时候看了第一部，现在大学了，看了第二部，总是有少年的傲气和努力，真的超级好看,浙江
比第一部还好看，剧情比一自然很多了，阿娟阿猫长开了也更好看了阿狗倒是没怎么变，里面的每一个女性角色都好善良好喜欢，看了1再看2会更共情阿娟,广西
无论是剧情的立意还是故事节奏，都极其优秀。真正的国漫之光。有孩子的家长，一定要带孩子来看。,上海
超级好看，超级，这几年唯一一部想二刷的电影,上海
真好，各方面，弥补了第一部意难平,四川
太原市小店区,湖南
我想我是导演也会觉得委屈，然后用大声量的配乐去怒斥，愤怒就是创作的源泉,广东
太不错了，尤其是结局那段,河南
电影#雄狮少年2#作为一部动画电影，其精美的视觉效果和流畅的动画技术也给观影留下了深刻的体会和享受，很励志，很好看！！！,内蒙古
"外练筋骨皮，内练一口气，争一口气！
阿娟太帅了！",广东
背景音乐很好听，最后的片段很好看，极力推荐！！！,河北
非常满意棒极了,福建
画面很美，比1还好看，尤其后半部分非常精彩。配乐很燃，传统的文化还是动人,上海
适合一家大细看,广东
传承优良传统,青海
好看，很燃，期待3,广东
燃情满满，电影万岁，这才是中国人的超级英雄电影，期待，继续出好片，加油我们,广东
优秀的电影，非常值得一看！,辽宁
电影很精彩，小朋友全程目不转睛👍,安徽
看这部的都长点心。。第一部是因为什么被抵制。。第二部还不改。。还没有任何表述。。。,上海
很好看  挺励志的,安徽
麻烦想黑电影凭票发言。雄狮二真的太燃了，关于眼睛的问题，我的立场就是没有问题。我开始不再把妇女节叫成女神节因为那样如果这样做就相当于承认了妇女这个词令人羞辱的词。同理，我不认为阿娟的眼睛丑，也不认为身边长成这样的同胞们没有高尚坚韧的灵魂。去看看电影吧，看看国漫如何像诗歌一样巧用意向让你一次次头皮发麻地感动。,辽宁
店里空间非常大，环境氛围非常好，整个过程下来真的非常舒服,江西
真的很燃很棒！除了人物是卡通形象，其他的景物环境跟真实场景没啥两样，这也太牛了吧。内容不是传统的最后就能获得成功（冠军），但还是通过全体努力做到了弘扬传统武术的效果，我和儿子一起看的热血沸腾，大家都去影院看吧，冲！,上海
"非常好的片子啊 人无塑造生动 节奏感好 即热血又感人！ 尤其喜欢里面的张瓦特 这个人物非常饱满。加油国产动画！
🌟 推荐

🎉闪光点

🌅 画面",河南
一部非常好看的动画，就像雄狮少年第一部被人诟病被人污蔑但好的动画永远会发光。,黑龙江
包含了很多中国元素，各位不要被网络上骂电影的带偏放心冲,江西
太好看了，本来我身处感情，以及瓶颈的迷途，我看不清，我找不到自己的方向，从今往后我会努力训练，争取早日突破瓶颈,广东
很少有动漫电影是第二部比第一部更好看的，有对中华文化的弘扬，有对社会的讽刺，有对孩子的激励，建议带小朋友去观看，难得的好动画。,广东
好看，支持！,湖南
好看的，推荐。配乐也还行，就是它每次把那个rap的配乐放出来的时候我就想笑,江苏
非常值得观看,河南
虽然没有跟第一部一样热泪盈眶，但全程都很精彩，打斗很真实，也很有体验感，喜欢导演的叙事，喜欢那种明知道不一定可以成功缺一直坚持努力的认真。生活很苦，但依旧充满希望。,广西
剧情根据舞狮基础传武武术方面入手，主要讲第一部的主角阿娟走上格斗之路的故事。小人物的故事，但是给我的只有感动。画面非常精美，各种细节都让我震撼国漫的技术高度。另外希望不要再被网上黑子的话影响了，他们没有看过电影，攻击第一部的话语，依旧攻击第二部，人物形象只要对比就会发现导演组已经调整了很多了。另外，审美是多元化的，我们身边有无数这种“长得不好看”的小人物，但是人家依旧努力生活，坚持生活。雄狮2观影结束后是真的给我带来了非常大的生活动力，还有希望。本人是星爷的忠实粉丝，雄狮的内核有非常多的致敬星爷小人物的精神，真心推荐，希望国漫雄狮越来越好。（希望第三部可以从舞狮的鼓乐入手，宣扬民乐的元素，感谢真心推动发展电影和国漫的每一个人）,陕西
"人心中的成见是一座大山，山路望不到头，吹着麻木和漠视的风，困住了雄狮这部电影，困住了阿娟，更困住了自己。二刷雄狮2，扎根在我心中的野草生长得更加肆意。坚韧，并非不被击倒，而是在被击倒后，总能再次爬起来，只要双脚还站在擂台上，就能赢得希望。
         三年前擎天柱上的雄狮在三年后再次拨动了我的心弦，我看到阿娟每一次与生活交手，与命运博弈，看到他身上寄托着亲友的鼓励与爱，看到他的腼腆与羞涩，看到他的隐忍与坚毅，看到他与少女之间刚好的距离和摩挲的手指，看到摩天轮亮起的瞬间，看到他终于抑制不住的泪水和怒吼，看到他张开双臂迎接夹缝中的朝阳，聆听心跳和鼓声。
        我是无比享受的，极其享受的。享受每一个有力的音符，享受每一次直击心脏的震动，享受每一朵木棉花的盛开，享受每一声雄狮的怒吼。我再次走进影院的缘由，是直觉，是敏感而非麻木的，是热切的而非冷漠的，是电影雄狮少年余音绕梁和静水流深的力量。每一次发声都是渺小的，绵薄的，我宁愿蚍蜉撼树，也期许积露为波。
        阿娟！往前吧！带着你的梦！
       “敬你的沉默，和每一声怒吼。”
“仰天大笑出门去，我辈岂是蓬蒿人。”",山东
看看也可以，混个时间,湖北
画质好演技好,江苏
真的很值得一看，大家感受一下，支持一下。我等3,吉林
非常好的电影 值得观看,贵州
好看，励志，推荐带孩子看,山东
第一部看过就觉得很好看，第二部也非常不错,广东
相当燃  必须推荐,四川
仰天大笑出门去 我辈岂是蓬蒿人！,江西
第二部比第一部更燃更好看，,广东
好到我落泪，四刷预备中,北京
真的超级无敌好看，那种传统武术的魅力真的超级超级爱！！值得二刷的存在！！1是我高三看的！！终于等到2了！！！,广东
#电影雄狮少年2#，开场就挺喜庆，之前看过第一部，这次人物更丰富了，故事从舞狮到练拳，地点也变化到上海，方言好好听，陪娃一起看的，有励志效果，努力，一切皆有可能,山东
我连字幕都看完了！能不好看吗！,广西
超级棒 热血 而且从普通的草根一族角度来展开 真的很激励 鼓舞人心 现实生活中 这种有权有势欺负弱小的事 实在太多了 太多不公平了,上海
祝福阿娟，祝福雄狮，祝福每一位在当下努力拼搏活下去的人。,广东
和三年前一样，看了之后激励我前进，致敬所有“无名的人”,北京
在电影院看完雄狮少年2会让本来就后悔没在电影院看雄狮少年1的我更加后悔没在电影院完整支持这套系列#电影雄狮少年2# ​​​,广东
今天包场看的 非常精彩  拍的很好  绝对值回票价 可惜结局那个狗老板没给收拾了 应该给揍一顿才好,上海
非常励志，动画制作精美，很感人！,江苏
作为普通人观影，别的讲不出来，但朴素的情感共鸣喷薄而出不吐不快，哪怕只为了还有人在讲我们野草的故事，为了淹没在生活里的“我”在这两个钟头里再次被看见，它值得，我也值得,广东
剧情还是跌宕起伏，松弛有度，好爽。会二刷，别管网上怎么说，自己看了才知道有多棒,陕西
真的很好看，网上的人带节奏，亲自去看了以后真的很好看，还是不能听别人说，自己亲自去看一下就知道了我也不知道要怎么形容。画质很好。剧情也可以。有很多中国的元素。主角团每个人都有自己的性格雄狮一我也看过了。雄狮二没有辜负我的期望。很好看，每个人感觉不一样吧。有机会还是要自己去看一下的。,云南
好看，挺逗的。好玩，包场。哈哈。都来看呀,江西
电影很不错，情节紧凑，动作设计逼真，画面精良。因为没看过第一部，所以可能容易被片名误导。故事讲的是喜剧的内核，致敬了在大城市打工的每一个奋斗者，每天都需负重前行，失败是生活的常态。但是人总要有梦想，并为了梦想去努力打拼，就像周星星电影里曾经说过的一句话：人如果没有梦想，和咸鱼又有何分别？不知道导演是否刻意，电影也致敬了那条咸鱼。,北京
超好看。希望大家都去支持,浙江
挺好看的！希望能继续出这样的好电影！,广西
没有，非常好看,河南
"阳光灿烂的周日带儿子去看的，两个小时无尿点，全场一片正能量：剧情很励志积极向上，背景音乐及主题曲很燃，也结合了社会发展的复杂性，建议男孩子都去看看，虽然生活不易，心中要有梦想，野草又怎样，但凡机缘到了加上努力，总有机会成长为雄狮！少年强则中国强，仰天大笑出门去，我辈岂是蓬蒿人！
🌟 推荐

🌅 画面
😂 笑点
🎉闪光点

😊 演技

🌟 推荐",北京
一如既往的超燃，普通人心里的梦和故事，太赞了👍，BGM也都非常棒啊，推荐推荐～,广东
超好看！很值得,江西
希望票房再多一点，这样的好电影。不应该遭受这样的无妄之灾。,北京
超级好看 超级棒 ！还会一直喜欢,天津
太强了，太太太强了，第二部的剧情叙事和动画技术真的完成了非常的成长，大大地超越第一部。虽然讲的是格斗，但是和舞狮、传统武术结合得很棒。镜头语言非常好，这表现手法这流畅度……到底是谁在指点？！春风野火、破开的花骨朵、草丛中不眠的雄狮……阿娟还是那个温和澄澈又坚韧的少年，永远不要放弃啊！,广东
逻辑自洽，故事很励志，弘扬传统的中国文化最成功和热血了。运镜很好，意境和象征符号很有画面感。喜欢,四川
非常棒，国内动画现在做的很灵，不管光影特效还是身体线条都特别赞,上海
"我就一句话：

“我的辫子长在头上，诸位的辫子可是长在心中啊！”",海南
第一部要好看些，第一部的音乐也很好听，还有舞狮的元素很喜欢，和说粤语的感觉都很好，希望第二部还是用回舞狮的元素！,湖北
好看，入股不亏,广东
很难得的反应小人物的电影。很写实，适合小朋友看。我儿子三年级，强烈要求我给好评,广东
质量挺高，也挺热血，尤其是第一部《无名的人》响起的时候，非常推荐！！！,山西
#电影雄狮少年2#片子好看，作画特别细腻，并且打斗动作非常流畅。但是故事相对简单，就是简单的二元善恶对立，并且也很理想化。但是整体还是瑕不掩瑜，作为一个要兼顾到小朋友的动画作品，能达到这样子质量已经非常不错。,陕西
剧情流畅 音乐很燃 第二部阿娟的故事依旧感动了我 真的很棒很棒 打戏做得特别好 结合舞狮打拳🥊宣扬传统文化 小狮子冲鸭！！！,山东
很棒！！！全家去看,河南
很不错，剧情一般，但是打斗和画面真的帅很好看，打斗时的音乐真的很棒。能看出制作组真的很用心。,辽宁
因为角色形象不符合审美而错过精神内核这么好的电影是他们的损失，我是第一部舆论的“受害者”因为第一部***的舆论铺天盖地，以至于我对这个电影初印象一般，但是自从看完第二部预告里面的有我感兴趣的拳击题材，我去看了电影，真的震撼到我了，就连阿娟锻炼的身体肌肉状态都有阶段型态的变化，还有里面各种在拳台上出乎意料的剧情演出，真的很惊喜，我发现自己真的错过了一个好电影，错过了一个有想法的制作团队。等过年一定要把第一部看了！,广东
私心打一个五分，片中的rap太糟糕了，片尾翻唱的无名的人也不如毛不易唱的版本，配乐远远不如第一部，剧情还可以,四川
"雄狮少年1和2是少有的看过后给我力量的电影。
如果你也迷茫不知所措，去看雄狮少年吧，英雄花会指引你方向。
最近三年看过的动漫电影14-15部左右，其中国漫电影很多优秀作品出了后续，凭着第一部时的惊艳也跟着看下来了，但雄狮少年是少有的两部都让人很惊艳的电影。私心里希望同样的团队班底可以再出下一部。
实事求是的说，除了人物建模外，无论是情节还是画面细节或是内涵寓意，这部电影都是非常优秀的。这也是少有的想让我二刷的电影。
第一部我最喜欢的是与当地文化结合的位置，大佛头下的苦练。第二部更多是与第一部的英雄花和鼓舞人心的台词的呼应。电影里的画面很真实，片尾时的电影画面图片闪过，恍如真实的照片，日漫电影也有此感，雄狮少年比其更优秀在于实用主义的内涵融合了中国特色的意向代表小人物坚韧的野草，代表坚定意志的狮头，代表传统文化的舞狮与鼓点，片头水墨的色彩........
很荣幸能见证这部优秀的电影作品—雄狮少年1、2的诞生。也感谢阿娟见证了我的成长。第一部看的时候坚定了我要考公的决心，第二部时已上岸一年有余，重新扬帆起航全心全意为人民服务。
雄狮少年的力量独一无二，如果你也迷茫，相信英雄花会指引你方向。",辽宁
看过第一部，第二部依然很棒👍大人小孩都全程无尿点,广东
#电影雄狮少年2#非常值得推荐!还是很好看，画面也很好，有些地方我感觉都是真的，有燃点,广东
塑造了三场重磅格斗场面电影里的动作设计，想象力，打击感，流畅度都数一流，而由于是动画，不受限于演员的功底，更是完成度极高，而且没有违反物理定律。,重庆
仰天大笑出门去，我辈岂是蓬蒿人！带着孩子一起去看，剧情很好，孩子都很喜欢，依然值得推荐！,广东
我永远会为你泪目，阿娟,湖北
我想说 这个是国漫之光，因为第二部我回过头去看第一部，两部都让我热泪盈眶。是中华传统文化的传承的有力的继承者，导演和制作人是有初心的也是有民族文化脊梁的。希望更多小朋友，青少年走进影院，感受中华传闻文化的魅力，感受中华民族的力量。东方雄狮已经苏醒！,湖南
令人感动的作品，三年前也看过1，都很好，2也是给只看外表不看内在的人的一次回应，可以看出武术和泰国，巴西搏击方面都是有在认真刻画的，三年磨一剑，用心打磨的剧本，而且视觉体验极佳，拳拳到肉，难以置信的动画制作水平，只要心中的鼓点还在响起，一切都还没结束。,广东
少年感十足的热血片，剧情紧凑，高潮迭起，很好看呀！被网上不良评论害了，其实非常值得看的一部好片子，制作精良，国漫经典,广东
两个小时的鸡汤喝饱了,广东
为什么给5星🌟，是想有人看到。我看到很多人都说剧情很好，但是大家真的看懂了吗？国漫最佳？根本算不上！我其实是抱着主创团队会不会听劝更改画风去看的。没想到一样的宽眼距，***！剧情里看到一个日本空手道（长相极丑）被打败。结果还是因为我们打假赛才赢的？这段让我觉得非常**。更不要说电影里看似正能量的剧情里藏着非常多的小心机刻意**中国人。虽然主角赢了，宣传了中国功夫。可是不加上正能量的剧情框架能过审吗？那些被刻意写进去的小心机才是“他们”想要表达的！最后就是三大师傅的画风了！根本就不是人非常抽象。（一个像猪，一个像猴，一个像佝偻）你本身就是一部写实主义的动画，为什么在刻画人物的时候这么抽象？根本就是披着剧情的外衣，内核就是**中国人。这部片子应该还会有3。因为片子背后的资本本身就不是打算赚钱的，就是要潜移默化中国人的形象！只是外国势力文化攻势的经费而已！多少电影人国漫人费劲千辛万苦就是要扭转西方对我们的刻板印象！向全世界展示中国美！结果还被这片子**了都还不知道，还在说是好电影！他们看到了估计也会心寒吧！说回电影的本身拳击🥊，大家别忘了体育竞技西方国家才是最喜欢违规的那一个！,云南
等不来的彩蛋。,浙江
"仰天大笑出门去，我辈岂是蓬蒿人！
太帅了阿娟！野草那段我眼泪真是止不住的流，除开普通人动作稍显普通外，拳击手们的动作非常完美，一点也不卡顿，拳手们漂亮的肌肉和打斗完美的运镜，和看真实拳赛一模一样的炸，已牛出天际！！！！我这个拳击动画粉简直双厨狂喜，喜上开花！！！拳赛还能看到武术和泰拳，舞狮，后面还有融合更多派别武术的比斗，看得我简直爽麻了（能感受到些星爷功夫系列的一些传承）
有意思的是影片里一段舆论风波，简单靠媒体恶意剪辑以及黑水军就能把主角团的名声搞臭，和现实中第一部的风波如出一辙，那种窒息感扑面而来，令人沉默不语，但影片最后的的回复是：交给时间吧！
对于长行者来说，时间是最可靠的力量。
向阿娟学习，虽然他话不多，经常支支吾吾，但他是一个精神强大的巨人，是风向标，是领航员，以暴制暴却没有用一样的方式，而是选择狠狠撕开对方的伪装
这是一部真正在弘扬中华文化的优秀作品，而非令人厌烦的喊口号，假把式，起起伏伏的情节现实又合理，编剧很在线，制作团队真是太伟大了，哎，真是震撼啊",广东
太棒了，年度最佳。,辽宁
评分拉满，只为三年前咽不下的一口气,上海
挺不错的，剧情有,上海
画面好，剧情也不错，值得推荐。,广东
死去三年记忆再度攻击我,新疆
给人一种力量！满满的感动,甘肃
和第一部比差得太远了！剧情画面都不在一个档次,贵州
我和孩子都非常喜欢。走出电影院孩子一直在说太好看了。导演太厉害了,湖北
真正好的国漫,上海
雄狮少年，勇敢追梦，砥砺前行。,广东
除了对传统文化的表现还体现了应对对外来文化的反思，大人小孩都适合看。,天津
热血，坚持，有韧性且永不退缩，弘扬中华传统。虽然普通人如草芥，但是小草也拥有强大的生命力。野火烧不尽，春风吹又生。,福建
太好看了救命,山东
特别特别好看！！！制作团队辛苦了，动捕真的做的太好了！！而且剧情也很合理，没有传统草根英雄一战成名的狗血剧情。而且电影里的配乐都很贴近角色很好听！！！好几次都热泪盈眶了！！！好电影真的应该被更多人看见！！！都去看！！！！,福建
#电影雄狮少年2#刚去电影院看了，今年最好看的一部动画片。情节超燃，令人感动。对传统文化的展现更是淋漓尽致。配乐很有中国范，动作设计也非常的流畅帅气！,山西
剧情有反转，太热血了，值得一看，没有***,广东
"非常好看热血，草根反身，眼睛我觉得没有所说的那么夸张，也不是没有大眼睛可是在男主身上就是不好看啊，也不是非得像2D动漫一样眼睛必须就是大的，造型是挺重要的但是剧情也要好看啊，里面也有小泪点的我觉得好电影呢不应该就这样被盖上故意**的帽子，再说了难道现实中所以人眼睛就很大吗，也不知道咋想的能因为这个就被摸黑真的很生气，说造型我觉得阿娟的造型也是看到下去的。                          
       说回剧情方面电影是将舞狮和搏击结合的相对第一部来说舞狮元素相对有点少，可是也加入了中国的传统武术，上一次看到舞狮元素还是在网上博主朱铁雄看到的，剧情当中果然也是看到资本的力量和网络暴力的严重性，展示了现代网友不分青红皂白的攻击，剧情当中跟家里报喜不报忧真的狠狠的触动了",黑龙江
3年前被第一部惊艳！出了第二部一定要支持，虽然舞狮少年来格斗了，但一如既往地“奋斗”着。完整熟悉又有点老套的剧情，可是这就够了。不用故弄玄虚，天道酬勤，梦幻一些也没事了！,无法获取
很好看 很精彩 不输第一部,江苏
第一部很好看，第二部也没让人失望，期待第三部，还会支持,广东
好看好看，跌宕起伏又励志，孩子看完后要求二刷看第二遍，在电影院看很有感觉！另外，要有自己的主见，不要被网络舆论影响自己的判断！这样的电影值得一看！,广东
小草也有比天高的机会！加油各位！,河北
非常好看，看完酣畅淋漓，剧情上看爽了，格斗上也看爽了，好看！无需多言！,北京
超好看！！！,重庆
剧情上比起第一部感觉差了些，总体还行，值得去看的,江苏
特别好看！！,安徽
非常惊喜，打戏很强，建模没有网上说的那么离谱，不影响整体观感。,北京
剧情好看，人物的动作表情刻画的非常到位，非常值得推荐大家都去看一看，国漫可以做到这个地步，非常不错了！,河北
很喜欢1而且这部比1更好,河南
东西超级超级超级好看，非常的好看，大家都快去看，真的很好看，非常的燃，而且里面的音乐配乐也非常好。,重庆
非常好👍！,四川
"野火烧不尽，春风吹又生
看到阿娟拳套上“野火”和“春风”，我想这部影片的主题就是如此，坚韧不拔。
影片音效制作真的很好。在杜比影院看的时候，在第一段rap的后半段和亚桑登场时的低音有震到我！！震爽了！以及最后字幕《无名的人》结束后那段BGM也很带劲。人物说话和环境声定位也可以，很有空间感。在杜比全景声厅只能达到7.5成杜比影院的功力。
人物整体的建模其实也还算可以，真要说就是眼距宽了一些，但对我来说也还好。
画面制作好好像加了一点颗粒感。
剧情上我其实没什么太大问题。我更喜欢和亚桑格斗那段，主要还是这段音效很到位，而且亚桑相比于席尔瓦来说，我还蛮喜欢的。
最后和肖张扬的决斗我觉得主要在在动作流畅，这个结局我觉得算是跳出一般剧本了，让新人选手获得格斗大赛胜利也不太可能，只进入前四强又好像一般般。不如最后场外干干净净赢得对方。
第一部还是去年在预约放映的时候才在普厅补上，有点点后悔，其实更喜欢第一部一点。",福建
画面很真实家属看了以后觉得都分不清是不是画的。剧情依然延续了第一部的励志情节，真的很燃！已经三刷了！,云南
故事远逊色于首集，舞狮太少，全改练武与擂台格斗，后面有网络舆论抹黑与拳套加石灰造假，不一个重量级拳手，每次都能逆袭取胜，太刻意！阿娟仿佛变成邵氏功夫片男主，从落魄帮武馆的继承人，打败巴西腿王、泰国拳王、格斗冠军肖张杨，前两场都是靠打趴下爬起来，抓机会反击绝杀，最后一场肘击打破拳套揭穿造假，然后开挂狂揍boss…新四眼师傅+梦想女孩+上海滩四大金刚负责搞笑与训练鼓舞，高潮戏剪辑眼花缭乱，孙海鹏导演炫技很厉害，撑住局面,北京
必须去看，无法形容的好看无敌,黑龙江
真是一部佳作，虽为动画，但细节做的如真人一般。故事内容真实感人，好似俗套却又处处有反转，扣人心弦，既又现实的既视感，又有理想的惊喜感，看完后内心久久回味，满星推荐！,山西
真的很好看很热血,江苏
近三年看过最好看的电影之一，和第一部一样没让我失望，导演是天才。,浙江
雄狮少年2真的超级热血沸腾！剧情打拳热血沸腾。,河北
剧情很好，画面超绝，特别特别好看，强推，不要因为第一部的舆论就不去看了，真的很值得去电影院看！,重庆
第一部反复看了五六遍，第二部更燃！加油国漫！,无法获取
非常不错👌孩子希望二刷，等期末考试后，希望二刷,北京
#电影雄狮少年2#第一次看国漫风的电影，看之前已经得到许多朋友的大力推荐，期待满满的进了影院。不得不说，影片中的打拳过程真的拍的很有代入感，仿佛自己就是看台上的观众，阿娟在格斗的过程中实现了自己的成长，为他感到高兴和自豪！,北京
非常值得推荐，年度最佳动画！对于青少年看了会非常励志，然后如果孩子正在学武术，对中国传统武术也会有更多的了解，还是那句话，非常值得推荐，导演用心了,湖北
好看！！！！,无法获取
非常好看，非常难忘,北京
非常棒的电影 特别燃,河南
请那些对电影有偏见的人看完电影再来评价！这电影值得二刷！,江苏
《雄狮少年2》舞狮+武术，在现代格斗的舞台形式之下，让两者有了充分的施展空间，也是将传统舞狮文化的内容表现得更为完整，同时也展现着传统武术文化的博大精深。,河北
雄狮少年2肉眼可见制作的进步，格斗比赛出彩。阿娟化身格斗少年，逐渐变好的肌肉线条，人物细节做的很不错。,重庆
"从2021到2024，陪伴怀哥追了三年的《雄狮少年》系列，哼唱了一年又一年的《无名之人》，彼时小儿已少年。作为无名之辈的你我，谁又不曾是剧中的阿娟呢？他强任他强，清风拂山岗！
“小草背后有雄狮，我辈岂是蓬蒿人”，国漫之光✨雄狮2依然那么值得观影！阿娟，加油！",四川
太好看了😢😢😢无论是剧情还是美术都觉得比第一部更上了一层楼，期待第三部,广东
2024中国最好看电影排进前三,贵州
国漫顶峰。带儿子二刷了。,甘肃
#电影雄狮少年2# 很棒的电影，画面精良，打戏精彩。看的人酣畅淋漓，还很感动，完全支持！,上海
今年看了很多部电影，这部在我这能排前三，依旧延续了第一部的热血，雄狮精神在阿娟身上展现得淋漓尽致，故事叙事也很连贯，剧情丝毫没有让人分心或莫名其妙的情况，而且对传统文化的宣扬很用心，身为3D动画电影它的制作艺术表现也是顶级的牛，这么好的电影，它不应该被埋没，真心推荐。,广西
非常棒的剧情，非常棒的动画电影,北京
国漫崛起！！,山东
特别好看！很震撼人心，特别是结尾阿娟跟肖张扬擂台对打的拍摄手法，简直要用艺术来形容才合适，给我留下了很深的印象。,天津
你这个*****还没有治好吗？？？,河南
超级好看特别燃,福建
现实题材动画电影实在太难得了，更难得的是《雄狮少年2》的完成度非常高，技术和故事比第一部提升了好几个段位，少年成长、雄狮精神、草根共鸣、传统文化都融合得的非常自然，丫头怒赞为本年度最佳电影（不限于动画电影）。第一部结尾有些现实的无奈，第二部给观众些许光明，在如今的时代情绪下，武侠类型包裹下的草根拗过现实的叙事，还能打动内心沮丧的观众吗？虽然有人会说故事鸡汤俗套，但至少我家大小都被热血了一把。武术动作行云流水，吊打99％动作电影，上次类似感觉还是看完流浪地球。ps:一定要看完演员表，一幕幕熟悉的场景，打工人懂得都懂！,湖北
"我的今年最佳电影，没有之一！
🌟 推荐",四川
剧情特别好，意象很美啊,重庆
动漫版 索然无味,河北
"起步于少年，磨砺成少侠，不问来路，不计去处，快意恩仇，热血未冷，哪怕生活的底色斑驳不堪，也不畏惧在无人看好的困局里，争一口气。
仰天大笑出门去，我辈岂是蓬蒿人，这才是东方少年应具备的雄狮精神。
高燃作品，强烈推荐。",辽宁
大人小孩都受益，特别是对现在的年轻人和学生，虽然是动漫，但很真实，生活本来就是不容易的，阿娟这个人物就是我们生活中存在的，不管是画面还是剧情每个细节都做到了精益求精，有内核有深度，大家一定要去看，支持国漫，年底提提气，来年好运气！（另外里面的插曲都很燃！）,北京
非常热血的一部动漫，可以带青少年小朋友看，情节设计很热血。,上海
看得我热血沸腾！很不错！,湖北
"这么优秀的国产动画真的是太让人激动了，上一次看动画出来那么激动还是十年前的大圣归来，期待国产动画继续辉煌！！期待雄狮少年的下一部作品！！！加油！我心目中的满分动画，从分镜，画面，动作，配乐，剧情和立意都是满分的优秀国产动画，我真的太喜欢了！！！
",云南
太有观后感了,广东
好看！多看看动漫的内核！别天天盯着人家那眼睛去挑刺儿去！,河北
#电影雄狮少年2#非常燃的一部国漫，阿娟一个瘦小的小男孩和成年人在擂台上打比赛，实力上不仅有悬殊，而且他还是半路出家的新手，他特别喜欢李白，尤其是仰天大笑出门去，我辈岂是蓬蒿人？是他的座右铭激励他一直坚持前进努力，并结合中国各方的传统武术运用到擂台，也提醒注意我们中国文化传承。,江西
很少会被一部电影感触,无法获取
剧情真好，动作设计非常棒,黑龙江
好看，低层人的生存，资本的嘴脸！打斗戏精彩,广西
看过最好看的动漫，没有之一,四川
建模比第一部强很多，剧情跌宕起伏。最后反转是想不到的点。很赞👍🏻,北京
电影没看，只看了预告，但主角的脸像不符合中国人的通常脸普，更不要说广东人，我就是广东人！是否迎合外国人呢？不得而知。但看着很不舒服……,广东
好看哭了tui,山东
"第一部没有掏钱看觉得好可惜，这部必须进影院支持下～
第二部已经看完，品质依然在线，推荐推荐～",陕西
"写在前面，如果你还是觉得《雄狮少年》在人物设计上ru华可以不用看这些文字，先去看看电影。
首先说台词比第一部好太多，故事继续讲述了传统文化的传承困境，又有与时俱进的格局。导演和编剧美术做的非常好，和第一部一样下沉到社会底层小人物的生活，能看出来特别的用心还原了当时的社会风貌和建筑，坐在电影院有扑面而来的烟火气。说实话得知要拍第二部的时候除了欣喜和期待还有担心，因为不知道第二部剧情要怎么发展，只是继续讲舞狮会不会显得单一枯燥，后面放出预告又觉得和拳击结合有点费解，但是看完电影远远超出预期，导演编剧真的是不负众望，舞狮传统武术和拳击结合的相得益彰，锦上添花。配乐选曲依旧好的没边，完全牵动着观众情绪助推节奏高潮，选用说唱也是意想不到的效果非常好。建模材质肉眼可见的升级，第一部人物头发的白色反光没有了，完美融入到情景中，鲜红舞狮依旧亮眼，再说武打动作应该是目前3D动画的天花板了，流畅，打击感十足，配合运镜真的给我心脏一记重拳。镜头语音延续了第一部稳定发挥，第一部高楼夹缝的飞机，阿娟转身初升的太阳，佛像狮子，决赛林立的高桩，第二部更是运用的出神入化，怕剧透就不多说了，快去看，中国动画没死。",浙江
非常好看 去看吧,四川
很好看的电影,广东
坚持热血好看,河南
国产动画居然做到这个水平了，很感动很喜欢！,浙江
"特别好看！国产动画片中的上乘佳作
第一部之前也看了，感觉这一部的画面质感和分镜比起上部也有所提升，渲染的人物皮肤质感十分真实，场景光影也是如此。观看时常会以为是真实拍摄的场景，很感慨国内的三维渲染技术已经到达了如此优秀的水平
剧情紧凑情节动人，分镜也很给力。拳击比赛拳拳到肉，打击感十分爽，即使像我这样没有看过拳击赛的观众，也能感受到拳击比赛的精彩。（合理怀疑制作组中也有日本动画《装甲重拳》的粉丝哈哈哈，双厨狂喜！）
动画想传达的主旨思想也非常清晰明确：创新传承中国传统格斗文化，很棒的主题！
总之，非常期待下一步的到来！
🌟 推荐

🌟 推荐",北京
比第一部更精彩好，老少皆宜，强推！,湖北
这种垃圾电影，剧情再好，屁股也是歪的！总有一些人为了钱，在试探我们的底线！祝这部电影的主创的后代，都是这个样子！,江苏
#电影雄狮少年2#太棒了，既热血又感人，从舞狮到格斗搏击创意无限，画风精美，剧情铺垫有序，高潮迭起 ，反转不断，背景音乐相得益彰，相辅相成，方言很有趣，有笑点有泪点，期待票房大卖！ ​,广东
因为本身就看过1，所以出2的时候就非常期待，昨晚看完之后感动了好久，故事平凡但不俗套，内容依旧脚踏实地，平凡的人平凡的愿望，朴素的价值观，像野草一样在大城市艰难扎根的普通人都会产生共鸣吧。电影的分镜跟配乐很优秀，搞笑的片段也不尴尬，缺点是反派塑造的比较脸谱化，其实可以感觉到制作组想要深挖的东西，可能是时长限制了，总之瑕不掩瑜，希望将来还能再看到阿娟,吉林
好看，最后那一幕真的太帅了！,广东
" 您推荐的这个故事确实非常鼓舞人心, 希望更多的人能够从中获得力量与灵感。",辽宁
很好！强烈推荐！,江西
画面更精致了 加油少年,上海
阿娟值得！跟第一部一样的精神内核！期待第三部,北京
《雄狮少年2》太棒了，既热血又感人，从舞狮到格斗搏击创意无限，画风精美，剧情铺垫有序，高潮迭起 ，反转不断，背景音乐相得益彰，相辅相成，方言很有趣，有笑点有泪点，期待票房大卖！,辽宁
很好，很励志。,吉林
"我一般除了宫崎骏的动画电影很少会选择去电影院看动画类电影。周六闲来无事去看了雄狮少年，感觉还不错。抽空应该会把雄狮少年1补看一下。
",四川
太精彩了，平凡人的挣扎，永远的神,山东
"国漫的进步真的是有目共睹。这部的制作就比雄1更精良。连光影效果，鱼缸玻璃，摩天轮玻璃的反光，都做得那么精致，确实用心了。草根逆袭的故事情节励志，但有点太夸张了吧？一个草台班子教练教散打小白，几个月就打败专业选手进决赛，有点白日梦了。
成功是需要天赋的，真不是刻苦努力就能成功的。
另外那两个同伴阿猫阿狗，能不能画得稍微好一点点啊？表现农村打工仔，也不用难看得那么夸张吧？让人看着不舒服。",北京
还可以接受的,广东
"**《雄狮少年2》电影评论**

《雄狮少年2》作为一部续作，延续了前作的热血与励志，为观众呈现了一个关于成长、梦想与挑战的动人故事。

影片在剧情上紧凑且富有张力，通过主人公阿娟的奋斗历程，展现了他在面对生活困境时如何坚持自我，勇敢追梦。阿娟的成长轨迹不仅令人感动，更激励着每一位观众去追寻自己的梦想，不畏艰难，勇往直前。

在角色塑造上，影片同样表现出色。阿娟、阿猫、阿狗等角色形象鲜明，各具特色，他们的友情与互助为影片增添了不少温情色彩。同时，新加入的角色也为故事注入了新的活力，使得整个剧情更加丰富多彩。

从技术层面来看，《雄狮少年2》在动画制作上同样达到了较高的水准。画面精美细腻，动作流畅自然，为观众带来了极佳的视觉体验。特别是影片中的舞狮场景，更是将中国传统文化的魅力展现得淋漓尽致。

此外，影片还巧妙地融入了中华传统文化元素，如古诗文、传统美食等，使得整个故事更加具有文化底蕴和民族特色。这不仅增强了观众的文化认同感，也使得影片在国际市场上更具竞争力。

总的来说，《雄狮少年2》是一部值得一看的励志电影。它不仅讲述了阿娟个人的成长故事，更传递了积极向上的价值观和精神力量。无论是",安徽
画面唐氏，剧情老套,辽宁
很励志的一个影片。建议家长带孩子去看看,湖南
好看，很热血，不看不知道，主角越看越帅，原来网上都是黑子,广东
不知道该怎么表达 看了一遍又一遍  真的很棒！,江苏
超级好，支持国漫,广东
很好的电影，比第一部观感更好，继续加油时间会证明一切,天津
打戏十足，中国优秀传统文化价值拉满了，个人感到不足的是第一段rap想起来的时候燃的有点太早了感觉还没开始就在燃，虽然后面有反转但就感觉尬尬的。不过这是小问题了，剧情很棒，毫不逊色于第一部，画面做的狠写实，打戏非常精彩。,安徽
剧情反转，宣扬中华武术，热血沸腾！,广东
很不错，值得推荐,河南
帅，是一种感觉，可以是干净利落的气质，可以是一个坚毅的眼神，更可以是野火烧不尽的信念。皮囊惯会伪装，而灵魂不易偏移。改变皮囊的是科技，塑造灵魂的叫成长。我第一部刷了三遍，第二部也刚看完，我能感受到阿娟从病猫到雄狮的蜕变，以及他那如野草般坚韧的生命力量。街头默默盛放的木棉花，钢铁丛林中野蛮生长的杂草，这不都是普通人最浪漫的英雄主义象征吗？第二部我觉得很棒很棒，所以更加期待雄狮少年3的故事了！,四川
很好看 跟第一部一样都很好看 雄狮少年这四个字相较于第一部更像是形容词 国漫越来越好 期待第三部,福建
观后感:国漫这回是真崛起了，就这个反套路爽！顺便守正+创新会不会变成作文题素材哈哈哈哈🤓👆,江苏
第一部《雄狮少年》让我心潮澎湃，第二部再次心动不已，被诟病***不贴合审美，我却认为这是平凡人的礼赞。很多平凡的人就是如此，本就为了生存而寻找机会，在经受现实的洗礼后不自卑、不放弃，首先承认自己的平凡，然后铸就自己的热血。此片集合励志故事，传统与外来事物的矛盾和融合，还有对历史文化的传承，都是不可多得值得推荐的好片。,四川
很棒的有一定现实主义题材的动画，制作精良。还有点周星驰功夫时期的感觉，各年龄层看着都不会无聊。,湖北
国产最棒的动漫，第一部是在家看的，没有音效的感受，第二部在影院，音效真的燃爆了。细节感满满，很用心，很精良。中国人野草向阳而生的强大精神内核拍的真的很好。,河南
废话太多，紧张的镜头比较少！,广东
《雄狮少年2》，是我心目中的今年最佳电影。那些流言蜚语，就交给时间吧，如此真诚，如此用心，像野草一样，努力地扎根着，时间会证明一切。它可以触动到内心最深处的柔软和感动，这是一部如此优秀的电影，我愿称之为中国电影之光。我是网暴雄狮1的人，我并没有看过就被水军带了节奏，看完了2，我觉得很惭愧，这是中国电影之光，对不起，我欠你们一句道歉。,北京
刚看完，喜欢1也喜欢2，致敬每一位日夜奋战的动画人，真的很不容易。最后高潮部分的转场、镜头、寓意真的太好了，好喜欢。中间还猜结局来着，结果没猜中！更觉得脚本分镜都下功夫了！ 就是中途一些动作看起来没有那么那么完美（我猜把劲儿都用在最后升华部分了哈哈哈哈）还是很喜欢 希望票房好一些！,河北
永远爱这部作品,湖北
🌟 推荐剧情，比上部还要精彩些,四川
完美了！希望还有三！,广东
太好看了，好久没有看过这么好的电影了，和男朋友都觉得非常惊艳，无论是人物塑造，动画效果还是剧情设计，都非常的棒！,上海
延续第一部的高燃，雄狮少年2更是在舞狮基础上开辟了传统武术格斗的新道路，画面太适合在影院观看了！这是一部能够讲好故事的国漫，让我们看到小人物的成长与际遇。推荐观看！,甘肃
年度国漫最佳,广东
不用在意墙头草的眼光，聪明的人有自己的判断，值得十分，从一到二都值得，期待三,湖南
超燃剧情，广东精神，诚意佳作，哭着看完，结尾涉及全国各地动画团队，来自全国动画人拧成一股绳续上一口气的感动，中国动画有你们坚守真好，真的很好,广东
2024年最惊喜的一部，非常满意,宁夏
烂透了，都是唐氏少年，说好看的希望你们孩子以后都长这样。阿羡贝,山东
特别热血、励志，不仅让人看到传统文化的魅力，还看到青少年如野草般的生命力。绝了！,海南
第一部我是在电视上看的 没去电影院看是因为网上太多负面评价了 ***为了拿国外的奖**国人 真的相信了 后来在电视上看了  发现剧情啥的制作各方面都真的很棒 除了真的有点***  这次出第二部我想去电影院看 当补偿第一部的电影票的心态去看的。第二部 我不太会表达 但和第一部一样 全程看完无困意 剧情延续都没有一点拖沓 可能是第一部故事是在广东 所以有粤语版 第二部在上海所以没有 另外可能因为第一部被骂*** 第二部已经没有***了 真搞不懂网上还有那么多人说这个点吐槽抹黑 第二部剧情中有一幕是说啊娟 被网暴 洗不白可能也是创作团队添加进去 自嘲吧。 总结就是电影没问题请大家放心观看 真的很棒 创作团队加油 期待你们的下一部作品,广东
"交给时间，清者自清。
⭕️对于雄狮少年2，我是在犹豫要不要看的，因为相比于格斗，我更喜欢1的舞狮文化，因为舆论，我就想着必须支持雄狮少年 ，还是决定看了，我觉得不会让我失望，果然！依旧还是那么好看！！！真的很好很好，剧情很流畅，格斗和传统文化融合的很好很好，融合后的打戏刚柔并济，导演和制作团队怎么能这么牛，这么有创意！！！我真的要被震惊死了，在电影院已经想站起来尖叫了！！！
❤️说说电影：2相比于1，画风改变了很多，2的画风更加精致，更加细节，人物画风也变了很多，说实话，这点我其实还是更喜欢1，1更加的传统亲和，有一种回忆儿时的感觉，可是就是这点被喷的最厉害。
2其实更热血，尤其是格斗的时候，真的很抓人心，还有男主遭受舆论那段，简直就是这部电影的自述，联合网上的舆论，我真的忍不住有哭，太不容易了。
2的鱼缸映射手法，我真的太喜欢了，鱼缸里是他们的故事，是他们的斗争，鱼缸破碎最终也是正义的胜利！！",浙江
各个方面都表现得非常出彩的一部，亲切的热血的可爱的，美术和音乐做得更加出彩了分镜也超级天才，经典的剧情搭配上不俗的表现力太伟大。,浙江
国产动画片现在真的不输国外，真的很好看！可以带孩子去看！非常励志！,四川
超好看，整部片一直都很有节奏，应该放在春节档,海南
"希望你们不要被带节奏，带着一种平和的心态去看这部片，否则你们真的会错过一部好的电影。
现在有一股特殊的势力，用中国人的嘴去对抗中国的拳头，他们见不得中国人好，见不得中国能拍出有力量的电影。这才是最可怕的。",河南
"🌟 推荐
三年前带着还在上小学的儿子看了雄狮1️⃣，画面剧情都很棒，看完期待着能出雄狮2️⃣。这几天知道雄狮2️⃣上映了，问已经上了初中的儿子要不要去，他迫不及待让我买票。整个放映厅就5个人，电影结束，片尾曲放完，我们5个人都舍不得离开，想等彩蛋。
儿子很纳闷，这么好看的电影，又是周末，怎么这么冷清……回到家后，我搜了下雄狮少年，才知道当年的各种风波。内心很难平静，这么好的国产动漫，就这么被网暴了～！想到电影里的台词“清者自清”吧！",安徽
强烈推荐，今年最强动漫！！！！,广东
"#电影雄狮少年2#
很棒的国漫电影，导演故事讲的很好。
整部影片很励志，让人看的热血沸腾。",上海
可以的很不错,广东
#电影雄狮少年2#，第二部总算上了，这次的剧情画质更上一层楼了，电影很励志，主角人物刻画的很突出，动作戏值得称赞！,浙江
#电影雄狮少年2#之前第一部当时就很好看，第二部延续了第一部的风格，画质和动作更加精细了，非常不错。,安徽
我觉得好看！,四川
"可以可以 很好的一部电影
🌟 推荐
🌅 画面

🎉闪光点",无法获取
巨好看 我宣布是继我看过哪吒之后出来的又一部超好看的动画电影,重庆
剧情精彩不拖沓，配音贴切舒适，符合每个人的个性和特点，尤其是带有上海口音的语气和语调，在紧张中夹杂着幽默。情节生动形象，人物塑造活泼生气有内涵，看得人热血沸腾，从广东舞师到上海拳击🥊，都需要很坚实强硬的基本功，主角阿娟和配角阿猫阿狗都很优秀！是一部非常棒的电影！,无法获取
"去电影院三刷了，必须是十分!作为第一部就十分喜欢的观众，第二部也没有让我失望，推荐给每个爱看武术格斗、热血燃向故事的观众。特别适合在外地打工的人看一看，非常有感触，也非常提气👍影片中无论是惊喜到汗毛的建模还是超还原的上海街景都好到让人惊叹，故事是比较常见的少年热血型，但是呈现的非常好，给人很真实的感觉，各种意象也都有深层含义，看过第一部的观众还能从影片里找到许多隐藏彩蛋，非常nice
主要是燃爆了，片中几场打戏比真人打戏还要好看，动画的魅力就是可以拳拳到肉，爽哉!而且没有玄乎奇神的动作，全部都是有逻辑有思想的对打，这点创作组肯定是下了大功夫，经常看打戏的朋友可以一饱眼福，因为里面涉及到很多传统武术流派的招式，还探讨了传统武术如今发展尴尬的局面，没有啥让人费解的设定，一切都是那么合理流畅。
总之是一部制作非常真诚，技术非常厉害，情感非常细腻的绝佳影片，私以为是中国动画电影六边形无短板的巅峰之作。
推荐!",新疆
要看 好看。跟第一部完美关联啊,江西
很棒的一部动漫电影，值得带上孩子一起去看！很励志，第一部第二部都很好，没忘初衷！！！加油[加油]期待更好的作品,重庆
#雄狮少年2#三年之后，雄狮归来，依旧很燃很炸。这种纯原创的故事比有ip的难搞，但两次都能做成精品，主创团队真的牛，不论是故事，画工技术还是配乐都是顶级的，，千万不要错过这么好看的电影,陕西
"【仰天大笑，雄狮出没】一部国粹国漫国风感十
足的续作，把雄狮融入格斗，新的场景融入大都市上海的生存法则，通过仰天大笑，出门去，吾辈岂是蓬蒿人这个古诗的点缀的把剧情得以升华。",上海
比第一部好看，建模优化的很好，画面特别好特别真实，剧情很精彩,四川
"三年前在无意随便点开第一部，被惊艳到了
今晚看了确实很好看，很写实
在大城市机会虽然多，但是更多了
就像电影里的，没钱吃饭交房租
人可以什么都不争，但一定要争口气啊",广东
"🌟 推荐
雄狮少年2真的是国产动画片的经典之作～！看了第一部就很喜欢～出二部也必须安排～
🌅 画面
画面好写实～画的很生动
🎉闪光点
非常励志！没有假大空，也比较符合现实逻辑～",湖南
剧情比第一部精彩，我觉得它值得这么高的分，是一部非常棒的作品，阿娟真的很好,福建
没想到这么好看！没看过第一部，这部真的好看，好喜欢男主角阿娟！,江苏
"看完之后是真的觉得自己被之前的很多言论带的太有偏见。
第1部我就是带着偏见看完的，结果给我震撼到了，就除了画风，内容上没什么太多诟病的，但是我还是因为那些言论，没有给1好脸色[微笑]
后面去电影院看了第二部，我是真的无法再违心说雄狮少年2不好。画面内容，视觉效果，立意内核，武术动作，设计都太流畅了，太连贯太让人惊喜。特别是打戏的动作，我觉得非常有力与美，让人目不转睛
野火尽染少年时，蓬蒿不没雄狮志！！
仰天大笑出门去，我辈岂是蓬蒿人！！",广东
阿娟，你是我见过最棒的宝宝，看过1他们都说不好，但我就是很喜欢你身上的韧劲，我真的很喜欢，你是我见过最好的宝宝，好看，推荐，给导演竖个大拇指，希望你们的故事一直继续，我的故事也一直继续，我们一起努力做雄狮，做最坚强的雄狮，你永远是我的雄狮  阿娟,内蒙古
超级好看，很喜欢！！情节跌宕起伏，格斗情节配合着BGM看的我热血沸腾！！剧情要说最不合理的应该就是主角怎么打也打不死吧，但就是很喜欢阿娟这种野草一样的精神，即使跌落谷底，也不缺乏反抗恶势力的勇气，只要有一丝机会也会顽强地向上生长，真心强烈推荐啊啊啊！,浙江
剧情真的很赞！很久没有看过这么诚意满满的电影了。希望能有更多这样的好电影出现，不仅是好的画面，好的人设，更重要的是好的故事。看到中途阿娟他们被误会的时候，真的觉得太真实了，也许不少人就因此放弃了，但是阿娟没有，选择了争一口气。我们又何尝不是？人活一口气，就争一口气，真的很喜欢那些能执着坚持的人。,广东
剧情紧凑，制作非常精良，看过第一部，第二部也丝毫不差，很燃，如果你现在很急躁，正在被工作生活压的喘不来气，极力推荐你去看一下这部电影。,上海
非常好看，很生活化，有了解社会的本质，格斗很精彩,安徽
画风一流！支持支持！,广东
我看了影评才来的，高分所以来了。本来，我对这种题材不是很感兴趣，但是因为支持国漫选择去看一看。结果真的是意外惊喜，剧情和视觉感受真的是绝了，➕上背景音乐它真的值8.4分！！已经准备12月24去二刷，真的不枉一看！我相信，里面的打斗场面会让看过的人热血沸腾,广西
好看，很燃。内核很强大。普通人就是有普通人的样子。,江苏
#电影雄狮少年2#真的很好看，完全不输第一部！不要让好东西埋没！建议大家都去看看！,安徽
剧情好，小孩看得超过瘾,广东
#电影雄狮少年2#没想到这么好看！没看过第一部，这部真的好看，好喜欢男主角阿娟！,无法获取
画风特别好，打斗动作漂亮，剧情励志！国产动画加油！,内蒙古
太爱了，来二刷了，一定要出第三部啊,山东
真的很好看，很喜欢1所以又来看了2！,安徽
超值票钱！！！中国动画也很有剧情和细节了，2不输1～中国功夫无论什么时候看都让人热血沸腾啊！！！小人物的励志故事永远打动人心，大家都加油啊～,山西
"非常棒，比1有进步
无论是情节把控还是画面光影，假如真的全身心看剧情，不会在意网上那些纷纷扰扰，已二刷",四川
剧本节奏很不错，张弛有度，故事核心立意也很棒！,广东
好看的，很热血。,无法获取
还是可以的，很热血，剧情有一些夸张吧，但整体还是可以的。,广东
非常棒，太好看了,四川
节奏奇怪 空喊口号比第一部差太多,重庆
就是清者自清这个有点被动,江苏
完美的动画片,浙江
#电影雄狮少年2# 剧情节奏上继承了第一部的张弛有度，制作更加精良了！最精彩的就是中间舆论压力的那段。画面是真的很好，皮肤，毛发各种纹理都做得很精致细腻。中间几首歌都很加分，那首管弦乐的插曲尤其出色！人物塑造的重点还是给了主角，因为电影时长就那么点，可以理解了。总之没有失望！,北京
#雄狮少年2结合了传统与动漫，简直炸裂！全程小朋友看得很精彩，有笑点也有泪点很励志的影片。真的很热血，希望国产动漫越来越好！！！🤓🤓,广东
被忽视的国产好片,重庆
#电影雄狮少年2#剧情比第一部精彩，我觉得它值得这么高的分，是一部非常棒的作品，阿娟真的很好。,安徽
好看继续努力,山东
"一样热血，一样充满希望，雄狮少年，中国少年！
🌟 推荐",河南
剧情可以，只是少年没有舞狮了，故事很励志，传统武术与拳击完美结合，另外住在上海锦江乐园旁边看到锦江乐园摩天轮的场景，有意外的小浪漫。剧中的四大金刚，武术渊源门派啥的更值得发掘。,江苏
为什么要对一部电影这么大敌意，我看到的是普通人的坚持和努力，看到的是平凡人的生存和不易，我带孩子看的，他被剧情感动到哭，真的很励志，很值得看，想看的不要被网上那些恶意评论带偏了，想看就去看吧,四川
国漫在进步，阿娟和小伙伴在成长。,湖南
看过1，现在是2   生活枯燥无味的话可以看看，需要励志的电影来充实  必看！！！好电影  加油阿娟,广东
太好看，一部经典，融合了时代的元素，节奏掌握的铿锵有力，没有一个画面是浪费的，太精彩了！,无法获取
不推荐！！！！,江西
今年看过最燃的动画电影,广东
"剧情紧凑，画面也很好，小朋友看得可激动了。
大人看着也很好，点个赞",广东
作为国产动画，真的很不错，看的我在电影院都喊出来了，对于小人物对世界的呐喊，中国武术的实战运用，真正的雄狮一样的少年,浙江
不好看，真的不好看,北京
可以，故事老套又不乏新意,重庆
强烈推荐，内心有偏见的人才会带着偏见的眼睛看事，雄狮少年，别被别有用心的人打倒！加油！！！,四川
如果说前一部给你带来的是惊喜，那么第二部带给你的就是满满的力量，人生中充满了不公和无奈，但是永远不要轻言去放弃，拿出自己所有的力量去抗争，你会是最好的那个。,上海
好看，强烈推荐！,上海
故事情节紧凑  非常精彩,河北
打的爽啊！！！！就是又有网络媒体舆论，让人高血压，现实里难受，电影里也难受。,江西
不要被别人带节奏，这片子真的很好看。弘扬中国传统文化，加上主角团队追求胜利的精神，值得带娃来看,贵州
好看的国漫！,江西
全程含泪看完，不是小朋友的电影，这是家庭顶梁才能体会到的感动和激励。很棒，建议看完1再来看,广东
内容画面等等都超越第一部，但是舞狮的元素稍微少了一丢丢，但是还是满分！,广东
很值得大人带小孩去看，很有意义。,广东
剧情比较传统，但音乐和画面都非常不错，值得一观。,云南
非常好，期待下一部,广西
太好看了！很燃，很热血！刘家娟，为中国传统武术正名！,广东
贼好看啊 推荐,河南
仰天大笑出门去，我辈岂是蓬蒿人,福建
"太棒了 这个电影主要写阿娟打拳的故事时候，经过不懈努力，最终赢得比赛。一部非常可以推荐的好片，也让我们知道，输不起就别玩，不要作弊，里面的阿娟和张瓦特经过不懈努力，终于证实了肖战王的石膏，
🌟 推荐",辽宁
我觉得这是这一年来最好的电影，很精彩，画质也更棒。,云南
非常燃 和两个自己的孩子去看 非常好,广东
非常好，期待下一部,广西
"看完啦，整体来说还是挺不错的，动作设计和理念很有新意，一些细节也能照应现实，看得出来很下功夫，情绪的渲染也很棒，能看得出来制作组也憋着一口气，想要证明一些东西，最让我喜欢的其实是舞狮的各种镜头和“狮子”的意象。

“野草的后面，究竟藏着什么？” ​​​",北京
为自己争一口气,广东
啊？法国人钦点标准中国人的杰出代表出2了？我不知道啊？因为我不是法国人认为的那种中国人吧。可能你的辫子被他们从阴冷潮湿的船舱里拽出来的样子才是他们最爱的样子，来帮他们建造他们自己的工业奇迹吧！！#唐氏少年2##电影雄狮少年2#,广西
#雄狮少年2#昨天看了，觉得内容蛮好的，作为第二部，做成这样确实很好，歌曲也很好，和电影内容特别贴近。只是眼距的问题依然令人不适，从网上随机找了中国青少年和小朋友的图片，对比之下，#电影雄狮少年2#雄狮少年里的人物形象确实丑，形象设计的立足点很像是外国人对中国人的刻板印象，认为中国人都长那样，如果老外设计的也就算了，毕竟他们见识有限，加之根深蒂固的偏见和莫名其妙的恶意，中国设计人员把人物设计成这样，让人觉得有迎合谄媚的嫌疑，你认识的人都长那样吗？还是打算去赢一个什么国际奖项？你的心思写在了人物的脸上。文化自信从来都不是迎合和谄媚。另外，电影结尾没有彩蛋#电影彩蛋#，别等了哈！,吉林
雄狮少年还有个特别惊艳我的点就是，第一部和第二部主角都没有特别的男女感情线，我总觉得阿娟第一部是个孩子，第二部是个少年，谈恋爱还太早了，特别是第二部，或许在摩天轮上、还有擂台上阿娟赢了泰国人被小雨拥抱，有那么一瞬间的感情的微妙变化，但是看阿娟在摩天轮上许的愿望就知道这是个多么质朴的少年啊，影片给我的感觉就是制作组一点也不性缘脑，除了爱情友情也同样珍贵！真的是一部伟大的作品！#电影雄狮少年2#,四川
雄狮少年2真好看是真好看，美术方面做的非常到位，质感已经非常强了打击感也特别好。剧情还是很合理，我真的拒绝不了热血片，看得在电影院自燃🔥虽然不算神片但确实是我心中的好动画了。#钟楼日记#,云南
把2021年票房前十的豆瓣评分和评分人数翻了一下，忽然发现似乎被全网骂的雄狮少年，口碑在豆瓣上居然是最好的#电影雄狮少年2##雄狮少年电影受广州大学生青睐##雄狮少年2导演秀肌肉系统#,陕西
雄狮少年2太值得去电影院看了，比起1是全方位的升级！节奏紧凑无垃圾时间，燃点和笑点都能打，全场观众都很沉浸。画面也是没的说，动作一点点都不僵硬，打戏精彩抓人，如果灌高电影能做成这样我就无憾了……,上海
#电影雄狮少年2#,山东
雄狮少年2真的很好看好喜欢#电影雄狮少年2#,天津
二刷了雄狮少年2真的非常非常喜欢2，剧本完成度和美术表现和分镜意向都吊打1这次看清了，最后擂台时拳套上应该写着野火和春风野火烧不尽，春风吹又生我这个厅好几个妈妈带儿子看（哇真的好刻板），散场时的对话听起来都很喜欢电影，真的太好了（除了右边那对有点点吵拉低了一些观影体验）额外补一句我为什么特别喜欢雄狮系列我真几把受够了神话改们，受够了在已有故事的基础上改还改不明白整天赖审核的二创，受够了把原故事精气神都剔除的所谓的原创………甚至想暴言一句，有些神话改里的孙悟空这个形象，还不如雄狮2里的明叔有点那个味儿总之我给国产动画电影溺爱的钱也已经够多了，啥都看啥shi都吃了，容我嘴两句冰箱制冷,上海
#电影雄狮少年2#买了三张票，特地去贡献了一下票房，看完第一部觉得挺感人的，第二部比较热血，武打画面做得真好，阿娟也慢慢在大城市找到立锥之地了。,福建
看完雄獅少年2了，好看！少林足球大戰N109，中國功夫暴打暗點老大！（喂！（沒辦法，我和友同時發出了肖張揚真的好像秦徹的感慨…（估計這話說出來我要被🐦‍⬛姐給拉黑（。,广东
二刷雄狮少年2，补了很多细节。木法沙传奇还可以的，毛茸茸的大闺女卡姿兰大眼睛非常萌，LMM的OST很灵魂。盘·地狱好看的，对我来说后劲非常大，看完出来直接压了一小时马路才去吃的饺子过冬至p.s霸王茶姬和故宫茶世界的联名蛮好喝的啊！,江西
#电影雄狮少年2#翻出雄狮1的票根发现竟然是三年前的同一天看的这也是太巧了？！总体说是一步一步踩在地上，回过头能看到泥里的脚印这样的故事，美术表演给我也是这样特别踏实特别舒服的感觉TT第一部的景就很喜欢，雄狮2里09年，10年这个时代城市角落的景做得更好了很多细节看着太有味道了，完全受不了这种本土味的东西一开始看到预告发现续集怎么变成格斗了1的舞狮内容会变少吗，然后看到娟在擂台上融入舞狮的技巧感动得稀里哗啦，感受到娟在1做的最初的努力和改变一直支撑着帮助着他化为自身的一部分，曾经舞狮的生活变成了一种烙印，一种坚持向前生活的勇气源头和根TT中后期漂亮可爱的狮子头就以在窗户外树上望着娟的这种感觉陪伴着，，最后娟戴着狮头在擂台上对着金老板，给了4秒的特写漂亮的狮子静静地凝视着镜头…TT太喜欢这里无言浓烈的情绪不可能说没有缺点但在近年的国产动画电影里真的很优秀…看到票房低低的好伤心求所有人看….,浙江
12月院线电影，推荐看《破地狱》，口碑票房双好。题材、剧本、导演、演员，都是比较稳中有惊喜的。12月最快回本电影，是张杰的音乐纪录片《张杰曜北斗巡回演唱会》，第一天上映就回本了，热度票房都超过了同天上映的迪士尼出品《狮子王：木法沙传奇》。12月炒火锅肉电影，属于全年最多，黄渤、沈腾主演的《疯狂的外星人》，《马背上的婚礼》，《巴铁女孩》等。另外，雄狮少年2题材表现上超过了1，但是依然被部分自媒体带偏讲小眼睛和rh。,四川
无论如何，「雄狮少年2」目前的票房都是蛮可惜的。导演孙海鹏在之前的路演中也特别回应了如何看待关于第一部的负面评价。#跨年电影愿##雄狮少年2导演回应负面评价#L木灰蓝的微博视频,湖北
图1，网上流传一张雄狮少年与自媒体合作的文案，图2，制片人张苗提及法国昂西电影节的认可。所以雄狮少年2的事没得辩，它们很清楚自己到底在干什么，以及为什么主角的眼睛会成这样，骂一句狗汉奸没毛病吧？#雄狮少年2主创回应争议#,加拿大
什么雄狮少年2票房很差吗这东西是真的好看啊你可以说他主角丑不符合审美但是他是真的好看啊看电影的时候注意力完全不会放在这些点上而且很多小细节都做的很好我靠求你们去看因为这是真的好看已经好几年没在电影院看过打的这么爽的电影了,北京
雄狮少年超话#电影雄狮少年2#乖摸摸头,河北
是的今天要二刷雄狮少年2！！！ᕦ(ò_óˇ)ᕤpower，太好看了，难得我们两个都念念不忘距离上次看才过去一周吗？周内重新看了第一部，很喜欢，像感慨三年这么快一样感慨一周这么慢。这部电影在新的节点上给了我鼓励，年前破事特别多,浙江
雄狮少年2（2024）我的评分：#电影雄狮少年2#阿娟太帅了,广东
终于睡饱了！昨天晚上去看了电影【雄狮少年2】，这么优秀的影片竟然只排了两场！场景制作的太逼真了，美术和特效也很细腻，整个非常丝滑的视听享受。这是普通人的故事，有点狼狈但很真实，可能会遇到不公，可能会被误解，可能会努力了没有结果，但没关系，尽力了你就是自己的冠军！里面的女性角色都好温暖～都去看！,河南
#电影雄狮少年2#第一部没看不妨碍我看第二部，剧情很好很流畅，真的很少年热血，动漫效果也很逼真，拳击的画面很有冲击力，国漫威武，好几次都红了眼眶，阿娟他们不容易啊！,山东
#电影雄狮少年2#好了我心中最好的国漫电影雄狮少年最棒阿娟最棒,四川
去年年底去影院看的《年会不能停！》开怀。今年年底有《雄狮少年2》《小小的我》被感动、激励，好的收尾新的开始。#电影雄狮少年2#雄狮少年超话#电影小小的我提档##电影小小的我片尾曲MV#,黑龙江
电影的画面场景逼真细腻，从上海的街头巷尾到激烈的格斗赛场，再到人物的毛发、汗珠等细节，都刻画得栩栩如生，影片在常规的励志故事框架中另辟蹊径，主角阿娟坚韧、勇敢，面对挫折不屈不挠，其成长历程令人动容。阿猫、阿狗等配角个性鲜明，与阿娟之间的深厚友情为影片增添了温暖与力量。反派角色的刻画也较为立体，与主角们形成鲜明对比，使故事更具张力.#电影雄狮少年2#,陕西
#电影雄狮少年2#有人说眼距改了，我还特意看了下预告，喵的，谁说广东人就长这样，他荃加才长这样这人物形象完全符合西方歧视我们而刻画出来的样子。,广东
都给我去看雄狮少年2，太好看了，阿娟太帅了，打戏也很棒，中国传统武术和舞狮就是最牛的！！！#电影雄狮少年2#,广东
#电影雄狮少年2#第一次看国漫风的电影，看之前已经得到许多朋友的大力推荐，期待满满的进了影院。不得不说，影片中的打拳过程真的拍的很有代入感，仿佛自己就是看台上的观众，阿娟在格斗的过程中实现了自己的成长，为他感到高兴和自豪！,北京
【#周某人语录#-生活题】#电影雄狮少年2#当初看了第一部，听到第二部上映后，跟娃都不用考虑直接买票了。这部动画电影，编剧真的是神人。整个内容不停的跌荡起伏，从无奈-迷茫-未知-希望-绝望-无奈-挑战-反击。现在的电影内容，大多就是一两个起伏，当主角开始反击的时候，基本都是直接到完美大结局。但雄狮少年2不是这种老套路，第一部还是没太大起伏波澜的，就是简单的小人物逆袭。第二部就增加很多反转的剧情，这种反转，也更接近现实生活，好几段我看着都有点心梗，尤其是网暴那一段，但想想，又似乎非常符合目前的现实生活。不管从剧情还是制作效果来说，都是一部非常好的片子，甚至我觉得假如能拍成真人版，也是一部佳作。,广东
三年前在电影院看雄狮少年1录了毛老师的歌，三年后继续录雄狮2的歌，强烈推荐大家去看，真的真的真的真的巨好看！！！L撇了一碗鱼头汤的微博视频,福建
看雄狮少年2，觉得非常惊喜。木棉花出来和野草后面是一只狮子，都非常喜欢！接着去看破地狱，哭成猪头了。好难得的体验，一口气看两部非重映的电影，居然都是好电影,广东
#电影雄狮少年2#电影很棒棒，超出预期，画面感很强，配乐也燃，剧情线很正常，符合逻辑，推荐推荐！,北京
《雄狮少年2》这是一部充满热血和正能量的电影。电影不仅在技术和艺术上有显著进步，而且成功传达了坚韧不拔的精神。尽管对其角色形象和剧情设置提出质疑，但整体认为这是一部值得观看的优秀作品。,重庆
感谢#小丸子观影团#组织观看#雄狮少年2电影#《雄狮少年2》令人印象深刻的作品，它在细节上的把控和剧情的呈现上都做得相当出色，无论是人物的情感表达、动作设计，还是场景的描绘，都充满了真实感和细腻感。,浙江
昨天在电影院看了雄狮少年2，超级好看。然后今天抓紧补了1，一大早在被窝里哭的稀里哗啦#电影雄狮少年##电影雄狮少年2##雄狮少年#,安徽
《雄狮少年2》很好看！[虎爪比心][虎爪比心][虎爪比心],广东
看完了雄狮少年2，把上周看了一半的热辣滚烫看完了，然后有点缓不过来。。。虽然两部电影都很好很励志，但是两部都让我走神了好多次，可能是种防御吧，年纪大了看不得别人受苦，人生在世是男是女都有自己的擂台要去打，不管是自己上还是旁观都痛苦。。。,广东
#电影雄狮少年2#“我办事，你就闹心吧！”L今日推荐官的微博视频,广东
舞狮始于少年的偶然，是梦的开始；格斗则是命运的必然，残梦的延续。当主角们被造谣污蔑的声音击垮吞没，我们被再次打回现实，原来并没有什么具体的敌人，只有一种坚固的、狭窄的、随处可见又无力回击的处境。来到高潮戏，当幻觉重现，写实的招式变得更加写意，我们得以看到属于电影的真理：在现实的泥土与砖瓦上造梦，在梦的倒影中看见现实。#电影雄狮少年2#,新疆
雄狮少年二超好看，不过没有看过1，直接看的2也可以哈哈哈剧情在线，节奏流畅，超燃，娟好帅！！#电影雄狮少年2#,上海
#电影雄狮少年2#刚刚上映的时候先买了票请朋友去看，昨晚7点在公司加班，改不出来的问题反反复复，突发奇想要不要去看雄狮少年2？p人一下弹起，7点半就坐在影院了。刚开始20分钟，我心想：北京精彩，咋么拿不出1的水平了。但紧接着我就闭嘴了，畅快的打戏，一气呵成的剧本，看完也意犹未尽。最近终场的压力和反反复复枯燥的改不出来的问题几乎要将我击倒。而看完雄狮少年2后，我突然想到。。。当时义无反顾跨行来做动画，不就是想做出像雄狮2这样给予人力量、给人以温暖的电影吗。。雄狮2，我敢说：比他剧本好的动画电影没有，比他拍的好的现实题材动画电影也没有。只要是去看过的人，绝对说不出乳化。想到的只有：这是多么多么热血绚烂的中国武术啊，外人看到了也只会被中国武术深深吸引，也只会把传统武术发扬光大。“我们拍电影三年，不会花那么长时间去做一个抹黑的事情”。电影是能做梦的艺术，这个梦不是梦境的梦，而是梦想的梦。第一部舞狮的精神在第二部更进一步。整部电影，我能看到阿娟是一步又一步的，慢慢的、深深的、坚韧的、脚踏实地的把根扎!在擂台上。“生于野草，活成雄狮”观影中多次潸然泪下，是在感动阿娟和伙伴们最坚定的摸样，还是在哭少年们成长的不易，还是在哭我自己？哭我自己想像阿娟一样的坚韧，一样的不言弃，“输也没什么，我们输得起！”一样的，像野草一样狠狠的扎根，为梦想一步一步的向上走，“山路望不到头，我要继续向前走了”。“外练筋骨皮，内练一口气，争一口气！”这是我最喜欢的一句电影台词。电影中阿娟也曾被现实击倒，但是那一口气，他争回来了。像阿娟一样坚韧，去勇敢追梦吧！“生于野草，活成雄狮”这是我所向往的，阿娟的生命力量。#电影雄狮少年2#,北京
#年终总结##暖冬电影季##我的2024年终总结#年终总结01【2024金刚年度九佳动画电影】排名不分先后:变形金刚:起源（美）窗边的小豆豆（日）头脑特工队2（美）雄狮少年2（中）机器人之梦（西法合拍）你想活出怎样的人生（日）蜗牛回忆录（澳）蓦然回首（日）荒野机器人（美）遗憾未入前9的有:落凡尘、木法沙传奇、海洋奇缘2、小倩、白蛇:浮生、排球少年！！垃圾场决战、怪化猫:唐伞等#跨年电影愿##年度电影记忆##影视推荐#,浙江
画面和动作给满分，在第一部如此优秀的前提下还可以进步。最后一段的木兰花开蒙太奇太妙了，热泪盈眶！我们自己的东西，还是自己人会拍，愿雄狮一声吼，再为中国动漫电影掀起巨浪！#电影雄狮少年2#,浙江
重温了一遍《雄狮少年》，10分佳作，还记得两年前的眯眯眼风波，有心媒体的引导下，部分“爱国者”就会很容易上头，乃至于对小眼睛的同胞进行攻击。其实它本身就是一部反英雄的电影，主角是英雄也不是英雄，本身就是留守儿童，如果说刻意丑化，的确如此，喜欢的女孩投怀送抱？不存在的，只有一种情绪贯穿始终，拨动你我的心弦，成为雄狮。透过电影反映自身，我们每个也是一样，是英雄也不是英雄，每个人的戏只有自己能唱，而再强大的人在更高纬度下都很渺小，帝王将相在时间尺度下不过一粒沙尘，所以不要怯懦，不要傲慢。#电影雄狮少年2#,浙江
雄狮少年2好看，质量很可以，感情的度拿捏的很准，是少有的可以被评为全年龄全受众的正统热血动画。,重庆
雄狮少年系列剧情配乐场景转场立意都很棒，情节发展没有烂俗，好笑好哭，真的好看，不明白为啥票房不高#电影雄狮少年2#期待第三部，一定要上啊！,上海
我就是要去电影院看雄狮少年2,江苏
#电影雄狮少年2#电影非常精彩，热血沸腾，而且动作场面很秀，阿娟为了奖金给爸爸治病，小雨为了保住爸爸的店，两人一拍即合，开始打比赛，也是传统武术和现代格斗的碰撞，尤其结局打破打假拳，特别燃。没到最后一秒，谁也不知道结果是怎么样，野草背后也藏有雄狮。,江苏
雄狮少年2非常！非常！好看！！请大家一定要看。近几年在影院看到最好的国产动画电影。,浙江
#电影雄狮少年2#比第一部叙事更平一点（说不上好不好），但是画面更精致了，值得看,湖北
雄狮少年1我刷了5遍，其中有3遍都是为了天台舞狮和结尾的莫欺少年穷，每次看都在感叹怎么这么会拍啊怎么这么会选曲啊留白得怎么这么恰到好处啊，大概未来十年之内都不会有国漫电影超越这两段了，包括第二部（当然2整体是比1好的，只是少了1的神来之笔）,四川
拉飞奇在电影里被叫猴子，在电影外被叫狒狒，没几个人在乎他的话：我是山魈！！昨天下午第一次真正意义上带维生素看电影，还有好几个小朋友，基本都遵守了看电影要安静的规则，倒是我旁边一对大龄情侣，时不时聊天，不合时宜地笑出声，特别是那男的。我本来是想看《雄狮少年2》的，结果维生素选了《狮子王》。,广东
周末碎片：周五晚上去看了电影，雄狮少年2也还可以，但是远不如1。2更不适合小孩子了，前座父母带着俩孩子，爸爸在打呼噜，妈妈不停起身给小孩收拾吃喝，娃看不进去，在座位上咕蛹。没打几年工，怎么看？这片子的受众是野草。看完买了两包速冻水饺回家冬至吃：难吃。昨天终于要出门的时候太阳没了，带了园艺剪准备薅点什么插花瓶里，没见到合适的，随便走了走，听了一路广播剧。,湖北
昨天看破地狱开场前，影院几个大屏上就有那部雄狮少年2的预告。就是一种不适感。比起脸，更让人不适的是动画做出的那种油光蹭亮的肌肉躯体。拳击啊格斗啊，这个题材是需要非常真实的质感，非常多的真人细节，最细腻的真人表演来体现的，所以这个题材就是适合真人电影。你把他拍成动画片，然后技术上又达不到还原真实的要求，在那里自我吹嘘，天天刁民害朕。。。问题是你连第一部的受众都拉不回来，票房甚至远不如第一部，那就是票房教做人。,上海
雄狮少年2（2024）我的评分：#电影雄狮少年2#一部很热血的动画电影，动画延续上部的风格，在舞狮上加入格斗，主角性格立体，和伙伴们的友情让人动容。,浙江
只不过带着孩子看了个电影，晚上8点多就困的不行，大概是一周积累的疲惫。雄狮少年2很好，有热血少年的精神气，在现在躺平氛围里实属难得。,上海
雄狮少年是心血之作，致敬无名的人。雄狮少年2想必差不了，大家应该去电影院支持一下。,重庆
雄狮少年2好看，挣扎人生里找快乐与理想，辛苦的人没有四季，连理想寄托都不准有吗破地狱好看，演得太好了，故事流畅完整，建议某些大导学习，少煽情，多克制,四川
雄狮少年2（2024）我的评分：#电影雄狮少年2#2024年票房没有宣发费用高的电影，太扯淡了。,安徽
雄狮少年2（2024）我的评分：#电影雄狮少年2#太好看了！全程紧凑毫无拖沓的剧情，拳拳到肉的打击，雄狮少年已经长大，成为了中华传统武术的传承人。紧张刺激，用一种轻松幽默的方式表达出主角团的心酸痛苦，同时也讽刺了当下自媒体横行，真假难辨的舆论场，非常好看，一定要去电影院看！,北京
昨天抽空俩人一起看了雄狮少年2对于看过第一部的我们来说对第二部就一直很有期待本身格斗对我来说不是很有兴趣但看下来也一直跟着他们心情此起彼伏电影格斗和练习的拳拳到脚的动作画面做的比一些武侠剧武打画面都连贯真实好看这可是动画啊狠狠挨夸！大概是喜欢跟第一部一样的精神内核吧感觉下一系列龙舟也会很好看阿娟值得,北京
只要鼓点还能在心中响起，我们就是雄狮！阿娟啊，你心中的那一声咆哮，迟早会被大家听到的，交给时间吧。三刷四刷票已买好。#电影雄狮少年2#,安徽
雄狮少年2（2024）我的评分：#电影雄狮少年2#太棒了，既热血又感人，从舞狮到格斗搏击创意无限，画风精美，剧情铺垫有序，高潮迭起，反转不断，背景音乐相得益彰，相辅相成，方言很有趣，有笑点有泪点，期待票房大卖！,辽宁
雄狮少年2如果电影一定要评分，我愿意打10分。我是在ipad上找电影时候无意发现雄狮少年这部电影，当我看完1之后我发现有第二部真的好看。阿娟、阿猫阿狗，他们一路打拼想在大城市扎根，从广州到上海。外练筋骨皮内练一口气，我仿佛看到了自己生活中的影子。阿娟面对生活的艰辛和现实的挑战，从未放弃对梦想的追求，这种坚韧不拔的精神让我深受感动。我也时常有过迷茫和困惑，但正是这些经历让我更加坚定了自己的梦想和方向。生动的舞狮和深刻的成长，加上配乐和音效也很到位，最高潮部分的打斗融合了蒙太奇式的画面，关于人物塑造我个人觉得审美是开放式的，过度丑化这个概念就不存在。,广东
新年伊始，京东传来新消息！其与《雄狮少年2》展开联合贺岁活动，从今日起至12月22日，购买IP定制新品，满199即可获赠《雄狮少年2》电影票，数量有限，先到先得。雄狮不屈，少年坚韧，《雄狮少年2》与京东一同为新春助力，即刻打开京东APP搜索“京东”。,广东
看到小朋友模仿阿娟舞狮的这一刻，传承变得具象化了。#电影雄狮少年2##传承##文化#L嘻哈电影的微博视频,北京
看过的都说好！！等我n刷补回1上映时候我被电影院流掉的场次嚯嚯嚯嚯嚯嚯#电影雄狮少年2#,浙江
你们看过《雄狮少年2》的海报吗？太酷了！黑白色调中的一抹亮色，犹如点睛之笔，每个角色神态都栩栩如生，让我迫不及待想冲进电影院。这部电影绝对值得一看！,浙江
补完雄狮少年睡不着了，只想明天看2，太好看了。本来想着边打MD边看然后看到一半把MD关了专心看,广东
朋友推荐雄狮少年2我打算明天去看，前面的记不清了所以今天先重看了一遍1。当时因为给出了“我觉得还不错”的评价，被不知道哪里来的男的追着骂，重看的评价仍然是还不错。人物建模确实是丑，看的过程中一直觉得丑，但是电影有些地方做得很好，配乐和场景都不错，破旧的小街，被夕阳穿透的红狮绒毛，小河旁边低矮的云，很多场景真实得让人有点惆怅。有一幕是落日余晖映着主角们的丑脸，他喊着“难道天生我材必有用都是骗人的吗！难道我生下来就是要被人嘲笑的吗！”的时候，这种丑陋成倍增添了说服力。阿娟真的是废物吗？他被人欺负也打不还手，畏畏缩缩一副窝囊废的样子，可是他能一门心思的去做好一件事，能在家庭变故的时候站出去撑起父母的担子。我们都很厉害吗？也许有的地方，比如强壮一点，漂亮一点，可是这就不会被人瞧不起了吗？我在我世界的黑狮眼里，也还是可笑的废物。我的丑和孱弱会以另一种方式在这个世界上被霸凌。也许这是为什么电影的故事虽然有生硬的地方我还是觉得不错。有几个画面两次看都印象深刻，瘦小的阿娟爬上繁华都市建设中的巨大脚手架，病床前两只飞蛾拼命撞着老电灯，山顶木棉的絮在大风里一卷而空。少年奔跑在夜晚的小路上，惊起漫天的萤火虫，那天他满怀着幸福和狂喜，去迎接了悲伤的真相。我也感受过自己的渺小，和不甘心。我也来自一个小镇。也许这是为什么付航在脱口秀决赛时喊出“因为差生也是有优点的”那时我突然想哭。（补：这条纯日记本，随着意识写的，没有逻辑）,上海
晚上去看了雄狮少年2，真的好好看，好久没看到剧情这么不错的电影了。比第一部还出彩。很喜欢,重庆
来得早不如来得巧，雄狮2比1有不小的进步#电影雄狮少年2#,广东
雄狮少年超话5刷后终于忍不住了，第一次写文，不知道有没有人看，总觉得有点羞耻。文章灵感来自木原音濑的cold系列的一个四季的番外，腹肌像面包这个灵感来自于汉化日记的某集，大概就是p2这种面包。#电影雄狮少年2##刘家娟##娟雨##王朝雨#刘家娟超话,河北
《雄狮少年2》里头的台词，有一些是照搬三年前网上批评第一部的话，也就是说这部续集电影夹带私货，公开报复批评第一部的人。续集遭到更多批评之后，制作方现在疯狂地发动水军，不像是为了票房而宣发，更像是砸钱泄愤。不少博主说拒绝了此片的宣发。一个动画片，为何如此不依不饶硬刚千百万网友？,江苏
雄狮少年2（2024）我的评分：#电影雄狮少年2#完全超出预期，非常好看，画面还是那么漂亮！阿娟再次升级！把武术和舞狮融合在一起，彰显了中华传统文化！推荐！,北京
雄狮少年超话#电影雄狮少年2#二刷完毕太好看了冲啊抽空去三刷“他强任他强清风拂山岗”“仰天大笑出门去我辈岂是蓬蒿人”L一切诸事顺遂x的微博视频,安徽
《雄狮少年2》好看得要命啊准备2刷了怎么排片这么少本来动画电影受众就小了要是3没钱制作疲软了我真的会冤死,浙江
雄狮少年2（2024）我的评分：#电影雄狮少年2#不管怎样，我看就是很好看的，虽然褒贬不一，但是我是认可的，很推荐大家去看这个《雄狮少年2》，真的国漫发展到这种地步，我觉得是可以支持一下的，唯一不足的就是，雄狮舞狮没有很多，更多的重点在打拳上了！,贵州
去看了雄狮少年2，看到一半就有点坐不住了，一般去看电影我都很少跟人聊天的，但我实在忍不住了，掏出手机和朋友打了五个大字：我嬷心大起！不是，肖张扬也太适合嬷了吧，虽然是那种画风，但是他也太好嬷了吧！！一开始还不可一世嚣张至极，我只当他是一个令人厌恶的反派小头目，直到中途他喝着酒一脸惆怅说自己都忘了输是什么滋味了，但梦里从来没赢过时，我对他的看法就开始微妙起来。然后脱了衣服开始打拳，嘶身材不错啊。到最后被当众拆穿恼羞成怒，已经看出来方寸大乱了还是要顾着面子着冲上去，被一顿狂揍后躺在地上一脸如释重负地笑，像是终于等到梦境实现，之后可以不用再失眠的样子，我嬷人的心就已经按捺不住了，这种外表自负内心是自己都不知道的自卑简直就是天生要用来嬷的！！！！！不过不是很吃和老板或者主角的，我就单纯想要嬷他而已希望大家都能动他的嬷处然后狠狠嬷他！（端碗,云南
【雄狮少年2】特地选了没有小朋友的深夜场静静观赏，作为一个被国漫陪伴长大的一辈人，真的有点等到日出的畅快。这个故事讲的不是一个人，不是一个结果，是一口气，一个传承。作为一个无名的人，我被剧情感动，被制作者的用心触动，这部电影给了我非常大的惊喜，真心希望大家都去看！国漫怎么可以变得这么棒呢,福建
雄狮少年2，解气。总感觉如果是现实的话，只能在飞机上的小雨怅然看向窗外那一帧结局。所幸这是电影，里面还有梦与想。我最喜欢肖张扬拳套被撕开前的几秒全屏黑暗，很动人心魄。（真的看了才知道，@页面异常嗑的CP有多邪门……）,广东
#电影雄狮少年2#电影雄狮少年太可惜了，这么好的传统文化，加油啊....,广东
雄狮少年超话#电影雄狮少年##电影雄狮少年2##电影##电影影评#《雄狮少年2》有感　　从现实的土壤里，开出浪漫主义的花。这是我在看电影时想到的一句话。　　飞机起飞，雨珠划过舷窗，穿过云雾，儿时的摩天轮在王朝雨眼睛里亮起，她热泪盈眶，我也跟着心潮起伏。　　这几年现实主义叙事的好片子越来越多，《老枪》《好东西》《雄狮少年2》《周处除三害》，文艺电影也在变多，胡歌《不虚此行》《走走停停》，朱一龙《负负得正》，周冬雨《燃冬》。　　很高兴看到《雄狮少年》的第二部，在视觉艺术、叙事深度、故事精彩度各方面，几乎全方位超越了第一部，非常难得。　　如果说前作的前半段还有些尴尬生硬，直到后半才升华，那这一部，从一开头就让我十分惊艳，画面中的背景和人群，几乎和实景拍摄差不多，只有角色们的建模脸，还在提醒我这并非真人。　　而在结尾处，我又再一次看到了创作者关于花的隐喻和象征，玉兰绽放，漫天的雨化为漫天的花瓣，野草在冰冷的钢筋混凝土里生生不息，从中蹿出了病猫或是狮子，红如火的木棉花从父亲的手上，传递入阿娟的想象。　　木棉花是广州的市花，也是阿娟的精神象征。孩子时舞狮练拳的英雄梦，长大后为生活所伤，但依然心怀信念，坚定向前，英雄并未被现实埋没，而是“仰天大笑出门去，我辈岂是蓬蒿人”。心气埋藏着，并未消失，当面临考验时，便会重新成为一头雄狮，嘶吼咆哮，让世人战栗震悚。　　其实我还很喜欢女主角王朝雨的塑造，她和阿娟没有明确的感情线，但他们俩之间的确有爱在流转，互相关怀，给予支撑。阿娟懂得她挑起父亲牌匾的不易，她也会心疼阿娟生活处境的艰难，说粤普的腼腆乡下小子和一口上海话的大方姑娘，他们俩彼此互补，又形成互文，王朝雨又何尝不是另一个阿娟呢？一样在坚持某种信念，生活的毒打无法将她压垮，即使失败退场，希望也仍在心中。　　这几年关于格斗、武术的电影也越来越多，有老港片的精神传承，前有王宝强《一个人的武林》《八角笼中》，现在又有《雄狮少年2》，佳作频出，可喜可贺。　　广东最近几年也对传统文化大力支持，从粤剧《白蛇传·情》到《谯国夫人》，谯国夫人虽说质感有点差，开头演员们的造型和年龄显得有些尴尬，但故事线很精彩，冼夫人塑造得很好；而《白蛇传·情》则是画面视觉效果拉满，唱段非常好听，正因为这部的成功，我后来才会继续冲着女主角曾院长去看谯国夫人。　　最近的片子，关于舞蹈和国画的还有一部《只此青绿》，可惜我没去看过，有空找来看一看。　　前两天读茨威格《昨日的世界》，里面提到一个诗人里尔克，好奇之下，我把里尔克写给一个年轻人的十封信搜来读了读，真是文辞优美，态度恳切，而且观点非常包容新颖，其前瞻性甚至放在现在也不过时。　　里面有一段是这样写的，“人到世上来，是艰难而孤单……其实一切严肃的事都是艰难的，而一切又是严肃的……”　　“寂寞地生存是好的，因为寂寞是艰难的；只要是艰难的事，就有使我们更有理由为它工作……”　　“所以你要爱你的寂寞，负担那它以悠扬的怨诉给你引来的痛苦。你说，你身边的都同你疏远了，其实这就是你周围扩大的开始。”　　在现实的艰难寂寞中，但愿我们心中还能有一方净土，那里花朵盛放，野草不屈。人生的寂寞只能向内寻求支点，我们要自己做自己的支柱，开出真诚的花，结下美好的硕果。　　好了，就写到这里吧，我去码字了！,江苏
#电影雄狮少年2#我真的觉得这部好无敌好久没被国产动画电影带动情感了从头看到尾场景音乐的渲染都恰到好处啊啊啊啊真的无敌好好看,重庆
#电影雄狮少年2#整个电影院看的人很少，但是这个电影真的很好看，有笑有感动有热血，有些桥段借鉴少林足球，总之整体很棒,四川
#电影雄狮少年2#真的很好看的，喜欢。有阿娟这一股执着的韧劲，干什么都可以成功的。很燃，很热血，朝气蓬勃。推荐去影院观看。,广东
#电影雄狮少年2#影评延续了第一部的高燃，第二部更是在舞狮基础上开辟了传统武术格斗的新道路，这画面太适合在影院观看了！这是一部能够讲好故事的国漫，让我们看到小人物的成长与际遇。推荐观看！,甘肃
突然发现雄狮少年2上映了，打算去看看1的时候还没搞珉也没去过广东只觉得里面画面好看故事情节一般般甚至当时一头雾水感觉不明白也不理解后来又跋涉了很多山水，见了很多人和事，再回顾来看雄狮少年，感觉确实做得很贴实景那样火红的树，那样热情的人以及，那么无情的命运。,湖北
张韶涵《无名的人(电影《雄狮少年2》主题曲/片尾曲)》K无名的人(电影《雄狮少年2》主题曲/片尾曲)（@网易云音乐）仰天大笑出门去，我辈岂是蓬蒿人！,湖南
昨天看了雄狮少年2，今天看了狮子王木法沙传奇……说实话我更喜欢雄狮少年诶……结局虽然老套但是非常击中人心。可能就是年纪大了，不喜欢现在流行的高贵血统富二代主角光环的那套，还是喜欢年轻时候流行的奋斗者草根逆天改命的叙事吧…还有其中的一个命题我也很喜欢，就是传统的东西怎么才能传承下来？那就是求新求变，虽然过程是非常痛苦和艰难的。但我有个问题，那个已经变化的东西还是传统的传承吗？电影的答案是肯定的。但我的答案是不一定，我觉得最终要看文化是不是强势…再说狮子王，过于写实的画法，让我像看动物世界，然后突然非常真实的动物开始说话唱歌谈恋爱，就…很出戏……毛没长全的木法沙……不够帅……不过，张若昀配音配的真好，和角色融合的非常好跟帖。对比之下张晚意就弱一些，个人特质强于角色了，那些口吻语气很明显被精心调整设计过，但匠气太重了…反而周深配的太可爱了，可能那只鸟小巧可爱联想到周深会觉得那只鸟就是周深变的……真是个开心的周末～,福建
#电影雄狮少年2#好看爱看什么时候渝漂,重庆
#电影雄狮少年2#“小草也有比天高的机会”训练的草场被推土机碾平反派鱼缸里不断修剪的水草最终蓬勃、自由全程“燃”点回家路上哥哥说这部电影隐喻了好多东西比如“网暴”问我为什么票房不好我说第一部也是口碑好票房不好，后来因为人物形象争议挺大娃说可能导演用第二部来回应第一部的争议哈希望票房能好一些这才是中国人的文化，点到为止的武术、百折不挠的韧劲、莫欺少年穷的勇气,山西
怎么说呢好像当我现实生活很充实有我自己的事要做个人状态很好的那种积极向上的充实就没有太多精力去关注十个勤天的动态了就是我的精力有限我也知道那十个电子朋友都过得很好好像我就不会强迫自己一定要全部看完他们的信息了我不知道这是不是爱意减退的过程但现在正在经历比如今天冬至我和朋友看了电影雄狮少年2又交换了圣诞礼物一起吃了饭接着打了4小时的麻将回来后紧急抽卡再扫了一眼知道了他们今晚又直播2.7.8.9去看猪6.0还在东北孩子给大家放了烟花昨天许愿下雪今天就真的下了还一起包饺子吃饺子🥟就知道这些不会想去回看直播你们说了算我看到最新的一半我家那小子和声生不息我两周没看了因为我在追猎罪图鉴2还有现在就出发2最近还有工作要忙实在是看不过来但我知道今天是孩子出道八周年也依然期待周一能够抢到票去看福州收官场说不好是有起伏的波浪形的喜欢后面还会阶段性发疯还是这就是开始逐渐减少的爱意不知道且看着吧,福建
今天是充实的一天，早上去做了入职的体检，中午吃的饺子，下午去街边拍了些照片，晚上去看了雄狮少年2，很棒的一部电影，我很喜欢里面的打戏。对了，我还买了一瓶野格庆祝自己在成都找到了工作，以前喝酒的时候总是会把一瓶喝光之后再去买下一瓶，但我觉得我应该开始改变这个习惯了。以后的每一瓶酒我都会留个底，等到我再怀开始怀念买这瓶酒的时候再去喝，心情也会不一样吧。,四川
元旦节和圣诞节即将来临，来北美国际影城看电影吧，保证不会让你多花一分。#电影破地狱##电影雄狮少年2##电影小小的我#（注意：已删除“”符号及跟随的用户名，并确保话题标签不超过3对）L光影观后感的微博视频,北京
雄狮少年超话敢不敢和我来场真的☠️#电影雄狮少年2##零帧起手安利雄狮少年2#@电影雄狮少年,河北
推荐！所有人！去看！雄狮少年2！#电影雄狮少年2#,北京
对于眼距的争议完全让我非常气愤又无奈，如此精良的制作水平和故事我在国内找不到第二部比《雄狮少年2》更好的动画电影，而根本就不会关心国产动画的人还在此片中挑眼距的错，cn有这种土壤做什么都会失败的。。。希望还有钱和投资拍3吧，一个原创IP做到这样真的很不容易，一天到晚说人模做成这样是境外势力的人才是真正的境外势力吧，这么盼不着中国动画好吗？这部片子列入国动影史里程碑都绰绰有余的了。只能说这么怕宽眼距你不会是喜欢3d里那种网红蛇精脸的人吧？（不过这种类型脸模泛滥只能说也是大众反馈了）,浙江
#电影雄狮少年2#雄狮少年2很好看，支持国漫，里面有传统民间艺术舞狮，也有非常厉害的功夫，电影将两者融合，故事很流畅，动作行云流水，情节让人看的很过瘾，期待第三部！,上海
昨天去看了雄狮少年2，看之前在pyq分别看到了大力推荐的和大力不推荐的影评，自己看完后加入了大力推荐的一组！阿娟一如既往的帅，第一部一上来还觉得他很丑，第二部简直从头帅到尾！打戏做得特别好！沪普很亲切，锦江乐园真是又熟悉又遥远的记忆，上一次去都不记得几年前了。。中间那一段主角团被断章取义诋毁造谣网暴的剧情，感觉主创团队也是在很委屈地映射1的风波。。虽然搜了一下2的风评还是没眼看很喜欢聚焦努力奋斗的小人物的电影，尤其上海作为背景城市……很多剧情都能感同身受，想拿给两年前低谷期的自己看……要说缺点的话就是剧情发展太好猜了，不过节奏还挺好的！ps本来以为自己包场了，结果开播前冲进来了一家四口，结束的时候听到妈妈在说“国产动画电影真是越来越好了啊”嗯……希望国漫可以越来越好！,上海
#电影雄狮少年2#全程动作非常流畅，音乐也配的不错，一直沉浸在剧情里面，希望越做越好！,安徽
#电影雄狮少年2#吹捧的全家长这样我就能理解了,福建
#电影雄狮少年2#💩中💩的一部电影，市场和票房会教主创做人的,福建
一线城市的边角料，却是爸妈眼中的小骄傲～电影雄狮少年2L黑喵调查橘的微博视频,北京
很爽连见两天7找的晚饭他很喜欢/布置了一天的婚房/古茗的草莓没有1..的好喝/1年没穿这双鞋了好难走…/昨天在洗脚7就说今天来看电影刚好昨天我们在洗的时候看的雄狮少年1，今天一看2刚好也出了！！！一秒没犹豫直接看哈哈哈哈哈哈哈哈哈哈哈哈哈昨天的没看进去今天的看进去了还怪好看的,浙江
雄狮少年2好看的，故事没有落入俗套却很动人。除了故事很好以外，镜头语言，画面切换，配乐歌词节奏都很棒。虽然没看过第一部，但不影响对故事的感知，想立马去补第一部嘿嘿。在4DX厅看的，沉浸式挨打（bushi），座位晃来晃去，超好玩，看到了前排的观众们像被炒菜一样被颠上颠下，想到自己也颠颠的，被自己逗得嘎嘎乐。看电影真好，真有意思！,上海
相比于美术和武戏对其剧情的精妙表达，雄狮少年2的文戏太薄弱了，很难不让人在感慨它好看的同时心里又别扭。它确实好看，整个结构还很完整，全片贯穿始终的自尊精神引领着美术和武戏，和笑点略显尴尬的日常生活穿插起来，显得好看得一阵一阵的。就感觉，文戏还得找点专业的来，弘扬传统文化这台词直接说出口，实在太膈应人了。几段自燃rap也把我尬笑了，音乐审美挺好，歌词有点中二得超前。还有那么刻板印象的路人塑造，差点没让我背过气去。虽说酒香不怕巷子深，怕还没看到结尾，观众都先被劝退了。好看，比大多国产动画电影都好看，我也愿意支持。但就觉得，这种不够成熟的制作安排，把好看的和扁平的东西混在一起，让人担心下一秒剧情是否会崩盘。如果要看一部院线电影，没钱的大家不一定冒这个风险。还好我今天的票便宜。,安徽
太太太好看了！动作好流畅，转场好梦幻！忍不住又二刷了#电影雄狮少年2#,广西
雄狮少年2尊的好看啊技术力也好高,广东
雄狮少年2（2024）我的评分：#电影雄狮少年2#《雄狮少年2》燃情归来，带领我们进入阿娟那激荡人心的追梦之旅！在大上海的格斗场。阿娟与伙伴们，从舞狮的灵动到拳击的力量，每一次挥拳、每一次跳跃，都是向梦想前进的脚步。影片的动画制作跃升至一个新高度，阿娟身上汗水的反光，也是国漫进步的证明。让我们一同感受这份追梦的狂野与不羁，相信国漫的未来，定将如阿娟一般，势不可挡，活力四射！,湖北
雄狮少年真的太好看了！！！1就已经很好看了2完全延续了前作的精神还升华了！真的值得N刷！BGM也都好好听，画面、剧情、都非常的完美，目前在我心里没有比雄狮更好看的动画电影了，但是排片真的太少了，只能定午夜场，看完都凌晨了，然后抓马的来了，我还以为我纯素颜还魅力大爆发了，结果,四川
来佛山看的第一部电影，雄狮少年2真的很好看,广东
#电影雄狮少年2#其实我完全get肖张扬睡不着就喝酒的点……早C晚A，就是我这种了（。金木阳联名红酒不太可能的话，联名酒刀可不可以啊？虽然他是个大烂人……但周边还是有机会的，对伐？,福建
#电影雄狮少年2#还是很燃的动画，画面来到了上海，口音有所不同，外来的打工人，无法立足，为了生活放弃舞狮，去为了营生但是舞狮精神一直在，阿娟内心住着的雄狮最后也成为战胜困难，证明自己，雄狮一直都在，很好看。,山西
看了雄狮少年2，撇去那些网上的争议，从我自己的感觉出发，我感觉2真的挺好看的！因为我自己对搏击比赛没啥兴趣，但是2的搏击的镜头很有特点很燃，很引人入胜！以及最后的机关贺卡镜头给人会心一击的感觉……看完觉得国内的动画技术力又迈上了一个台阶！虽然剧情还是有点点老套，但我觉得是值得一看的电影,上海
感谢@苏文浩-邀请，趁冬至来看#发条月亮全国巡演#2024年的封箱场。好久没听livehouse，现场听表演的感受跟在电脑上听差别太大了，边听的时候一直忍不住在想两个月前录播客的时候@发条月亮_Official三个男孩说到音乐和演出的细节，尤其是看到《爱神》的妖狐出来，就想到@王舜禾_春子er春子说的《波西·杰克逊》。春子边唱边主持串词边维持秩序是真的身兼多职哈哈，@杨千野仍旧是稳定的大核，人狠话不多。文浩全程沉浸在自己世界玩得特别high，走出来之后对观众说的第一句话就是“希望大家关注我配乐的#电影雄狮少年2#，花了半年做的”，看的出也是用心在营业。演出散场，还给每个观众准备了一只饺子增添节日氛围。,江苏
一刷的时候放映厅又破又小，音响起来的时候地板都震，给了我无比身临其境的音画外体验。二刷这个厅太豪华了，地板贼厚实，都没那么震撼推荐大家找家附近最破最小的厅看小雄狮第二部额#电影雄狮少年2#,上海
全体起立！大喊一句！“我配得上这世间所有的美好！”电影雄狮少年2L黑喵调查橘的微博视频,北京
冬至这一天去看了狮子王木法沙传奇和雄狮少年2，走出电影院的时候，我心想，现在的小孩子可以看到这么好看的动画片啊狮子王就是我的童年，我热衷于收集一切我能看到的小画书，绘本，各种版本的狮子王，对动物世界完全卡通的了解和想象~当三十多岁的我又一次来到电影院看这些熟悉又陌生的狮子，感觉被巨大的情绪思潮吞没了，我没花几分钟的时间，就决定会二刷，我没办法对他的角色和情节做出什么符合逻辑的评价在看雄狮少年2的时候，我觉得我的脑子乱的好像一锅粥，有很多完全无用的想法，动画片和其他的影视媒介一样，传递自己的情感给观众，而他的受众决定了很多角色和剧情的推动都那么简单纯粹，我在写这段的时候突然感觉格斗题材和舞狮，其实内核都是类似运动番和少年漫画带来的爽感，看完真的会心态↑↑↑变得积极了很喜欢一个人看电影的感觉，可以有一两个小时静静的和世界平等坐在各自的座位上，让每一个镜头自己走进我眼睛里，可以想象，也可以什么都不想，可以在一个休息日的白天，选择看自己很喜欢的动画片，简单的出门走一走，吃点东西，逛逛路边的小店，是非常幸福值得记录的一天,河南
1.日拱一卒2.看电影，雄狮少年2，好看。读余英时。吃吃喝喝,山东
上午医院看了个皮肤科，中午一起吃个粉，上完美术课一起刷个电影。晚上一起聚餐，真是充实的一天啊雄狮少年2很棒，看得超级燃～上午出门打理了发型，路过医院门口的路边摊，没买到合适的，结果被服务员夸发型帅，送了一个小礼品。佑朋友自言自语：还好打理发型了果然倒腾一下还能见见人～冬至快乐,上海
今年的冬至是周六，娃儿约了两个同学来家里，聊天看电视吃外卖打游戏，补过生日。老母亲当然是自觉离开，把空间留给三个初中生。原本还买了电影票，打算让孩子们去看《雄狮少年2》。但他们觉得时间紧张，不愿出门。于是，我与两个恰巧有时间的年轻人一道看了这部挺热血的片子，且充当一把热心大姐，给这俩单身男女搭了个桥。看完电影回家，孩子们把披萨吃得一干二净，正打算离去。给他们在圣诞树前拍了个合照，最高的那小子足有一米八，三人把树遮得严严实实。娃说，约了同学明天去图书馆。晚上都快十点了，要跟我一起出门，把明天的线路踩个点，熟悉一下。一路兴致挺高，跟我聊班里同学的八卦。回到家，居然主动说要洗澡。这对于总得督促、刷牙洗脸冲凉能躲则躲的懒虫默来说，可太稀少了。水声哗哗，还洗了挺长时间。睡觉前涂香香，居然没咋躲。以往，可都是把被子蒙着脸对抗几个来回，才把脸皱成一团，不情不愿地被我按住，涂上几下。我猜，明天那位约着一起去图书馆的同学，十有八九是个女生。,广东
#电影雄狮少年2#《雄狮少年2》延续了前作的风格，通过震撼的舞狮表演和细腻的情感描绘，展现了少年们在挫折中不屈不挠、勇往直前的精神。影片画面精美，动作设计流畅，既有传统文化的韵味，又不失现代感。角色形象鲜明，情感真挚动人，让观众在热血与泪水中感受到成长的力量。整体而言，这是一部充满正能量、富有感染力的励志动画电影。,安徽
雄狮少年2动画制作配乐剧情全方面的好啊，这么好的电影才五千万票房，真的好可惜，这我都有点理解追星的姐妹一心做数据的心情了。。。,江苏
妈呀，刷到好多博主都在推荐雄狮少年2，一下想起来1上映的时候，我还在努力去理解我爸，想从合理化他的过程里创造出我没有得到的爱。所以看电影的时候，把这个主角的故事代入爸爸，特意给家里买了三张电影票（爸，阿姨，弟弟），想让他开心。还有读高二的大半夜，我拉了一个家庭群，长篇大论地写着可以通过哪些方式给弟弟好的教育，写自己最真实的情感。那个时候，我以为我们家只是个很传统的东亚家庭，我以为只要这样大胆表达爱就好了。现在，我再也不干这种事了，在我家。但我很开心对姐姐这样做了。我们俩从小关系一般，老吵架。即使现在，我偶尔也还能梦到，她一定要去姑妈家过夜，我不让，吵完她还是离开。被人背弃的感觉仍然能让我在梦里大哭，醒来觉得害怕。应该也是在1上映的前后，一个寒假，我们又吵架。这回，我拉着她一定要把话说清楚。我一定说了我一直很爱她，很想保护这个家。其他忘记了，但最后我们俩一起在床上大哭。后来我们俩的关系很好，也许亲戚觉得这是人自然长大懂事的结果。但我知道，这是我努力表达过爱的结果。,广东
#电影雄狮少年2#没有看雄狮少年1，直接看2也不太影响。前段时间听张韶涵发了宣传曲，萌生了去看电影的想法。第一部我记得当时有点争议，我就没去看。最近也有看到对第二部的一些争议，不过我首页里面大部分都是好评，所以又开始摇摆不定。下午四点多，没什么事，突然又想去看电影。正好冬至，就当过节了。于是非常突然的买票出发，最后到影院的时候，电影已经开场十分钟了。大概能猜到我错过的十分钟里面的剧情，当时不觉得有什么遗憾。结果现在记录，突然很后悔没有早点做决定早点出发。开场十分钟里面，应该是舞狮表演。雄狮少年2整场看下来，其实和舞狮相关的内容很少了，但是每次穿插有关舞狮的分镜，都是点睛之笔，非常精彩，深入人心。开场很沉重，人长大之后就要承担相应的责任，当肩膀扛不起眼前的压力，人就容易被打倒。由于太现实了，导致前面二十来分钟看的兴致缺缺，进入主题之后，节奏把控的很好。至于剧情，也不复杂，小人物逆风翻盘的励志之路。从主角阿娟开始学习格斗打比赛作为主线，剧情谈不上很出彩，但细节处理的很好，有笑有泪，也算跌宕起伏。我本以为是一帆风顺打到冠军，结果在中途被资本操纵，被污蔑，被退赛，被大城市放弃，他们终于没有落脚之地。又借助其中一位记者的视角发现了问题，帮助主角团证明了清白，也证明了自身实力。小雨重开求真拳馆愿望实现了，阿娟的父亲也能过来治疗康复。瓦特大概会继续做教练，阿娟应该也会教格斗吧，顺便和阿猫阿狗一起教舞狮。是一个圆满的结局。电影的转场和隐喻处理的非常好，我很喜欢里面的转场，打斗也很流畅。在看之前，我看到网上对2的争议在于阿娟和小雨的感情戏，很多人认为没必要加感情戏。此外，有人认为这部动漫rh。最开始我也差点因为里面的感情戏被劝退，看完之后，其实并不觉得里面加了“感情戏”，阿娟和小雨也只是到朋友为止而已，没有很夸张的感情戏份，镜头也不算很多。对于rh，大概是有人为人里面的人物形象设计问题。怎么说呢，阿娟阿猫阿狗和小雨，让我不太喜欢的是，他们的眼间距有点儿大，显得外貌有点违和，但不至于上升到rh的高度。（不过我对于阿娟的发小阿猫阿狗的名字有点儿异议，也算是重要人物，但是没给一个正式的称呼（可能1里面有））相反，这部电影对中国的一些传统文化有一定的宣传作用，我觉得这很好。电影里面的主题曲也都很不错，就在结束之后，我还在想难道张韶涵的宣传曲是在片头？最后终于听到了，是在电影最后的最后还是推荐雄狮少年2的。希望国漫越来越好,湖北
#电影雄狮少年2#从制片方，到受众都在死守一个点，不是雄狮少年本身，而是那一双奇怪的眼睛，乐观的说中国人眼睛就这样，悲观的试图把票房不佳原因和眼睛之间的联系撇的一干二净，制片方也是宁愿暴雷也不改这一双眼睛，给人一种感觉，这双眼睛才是这部电影想表达的内容,浙江
今天去看了雄狮少年2，感觉看个好电影就像是获得一副生活复活甲❤️看2的原因是因为之前在视频APP上看过雄狮少年1，当时1因为角色设计备受争议，我也是吃饭无聊需要电子榨菜无意点开，结果直接看完，当时觉得是一部很好看的国产动画，不懂为啥大家都要骂创作者，就因为形象画的不好看…今天想去看电影直接选的这部，看完之后感慨果然好看！！！电影中间主角被网暴以及结局那部分，主角问投资方“我们有很多负面新闻，您不怕嘛？”投资方说“清者自清”。我觉得这应该就是导演的回应吧～不管主角形象设计如何，至少我觉得导演心中是有宣传中国传统文化的初心的，没有这部动画，我从未了解过舞狮文化，并且制作又这么好，拍摄手法，剧情配的BGM，哪一样不好！！！看完人都通畅了！！！看到网上好多人骂人物形象设计的，也对，他们除了骂这个还能骂什么呢？可能每个人所追求的不一样，不能强求～因为我只能要求自己，用心感受这个世界，而不是听别人说,北京
食堂走廊外的银杏树。上午加半天班下午打半天牌。中午工作餐有饺子，也算冬至了。晚上看了雄狮少年2，牛逼，力荐。好像上次看电影，还是上次。几个月了吧。笑死，还是“占用”着怎么办呢，算了没有啊，到底怎么说的，咋着呢到底。好烦。随缘随喜吧，我尽力就好。不过，气还是有的，e家都不行，生气，扣分扣分,浙江
雄狮少年2真的是这几年看过最燃的，我是第一部的死忠粉，出2的时候，我当时觉得很难想象能比1还好看，可是，他就是比1还好看。每一个无名的人都是挣扎在自己的路上泥泞前行，他从不攀附过高的梦想，他也从不因为低微弯腰。再说乳化就真的恶心了，他们活的是中国人的气节，是不畏艰难前行强大的雄狮,江苏
今天冬至先跑医院看了眼睛，确诊了近视加深和干眼症，医生开了三十支眼药水慢慢滴回来一个人菜市场买菜，男朋友加班，中午做了清炖羊肉汤和炒鱼干过节。羊肉焯水，大火转小火焖了快两个小时，肉质软烂，又加白萝卜胡萝卜一起炖，胡萝卜鲜甜无比，南方的白萝卜好像始终有点生味。亲戚给的北江鱼干也是食材很好，没有咸鱼味，残留了鲜味，小火先煎香，加嫩芹菜辣椒略炒一会就出锅。下午哼哧哼哧洗了几锅衣服，拖了地，开始继续写我的丽江游记。晚上等男朋友忙完，去商场看新上的电影《雄狮少年2》。相比第一部讲如何传承醒狮的剧情，这部的叙事（小人物对抗利益集团）略显老套。但依旧触动我的是，在这个忙碌嘈杂的功利社会，有些默默的坚守显得尤为珍贵。太多时候，我们都是随波逐流，为了利和名轻易的放弃，轻易的讨好，早已忘了来时路，蓦然回首只有空空的行囊。人活一辈子，争口气很重要。但从现实来讲，无论是武术和醒狮，终究还是曲高和寡，如今观赏者是越来越多了，但沉下心去学的，能出师的还是少。毕竟这种是要从小练的童子功，台上三分钟，台下十年功，所秉持的长期主义精神与目前的时代风气是违背的。,广东
在阿娟腰间做三颗痣的人，简直是天才！电影雄狮少年2L黑喵调查橘的微博视频,北京
雄狮少年超话#雄狮少年##电影雄狮少年2#,福建
#电影雄狮少年2#实在太励志！！！！！,广东
看过电影《雄狮少年2》，我的评分：★★☆☆☆就是一部爽剧，和抖音、小视频是一路货色。毫无意思！故事本身也很无聊。。就是男主打格斗。。着重描写的三场格斗比赛可以说是一模一样。。。男主不敌对手被击倒。。。男主顽强地站了起来。。。男主撑到了第三回合。。。男主出其不意击败对手…O网页链接,广东
旅游中途挤时间看了雄狮少年2，也太太太好看了吧！！！！本来觉得换成打拳的故事会不会突兀，结果完全不会！！比1更高燃可惜排片好少…这么好的动画值得被更多人看到,广东
雄狮少年2好好看之前犹豫几天要不要去看最后还是去看了，好好看。。。好过瘾好爽。。我看1的时候也是这种心理路程，，还好都看了，走出电影院的时候特别开心,重庆
雄狮少年2（2024）我的评分：#跨年电影愿##电影雄狮少年2#,河北
雄狮少年2的动画电影，看的我热血沸腾，传统文化在电影里展现的淋漓尽致，感受到了国漫真的在崛起#电影雄狮少年2#,云南
雄狮少年2（2024）我的评分：#电影雄狮少年2#交给时间，清者自清,云南
像野草一样活着！阿娟你就是最强的！！#电影雄狮少年2#,浙江
雄狮少年2如果电影一定要评分，我愿意打10分。我是在ipad上找电影时候无意发现雄狮少年这部电影，当我看完1之后我发现有第二部真的好看。阿娟、阿猫阿狗，他们一路打拼想在大城市扎根，从广州到上海。外练筋骨皮内练一口气，我仿佛看到了自己生活中的影子。阿娟面对生活的艰辛和现实的挑战，从未放弃对梦想的追求，这种坚韧不拔的精神让我深受感动。我也时常有过迷茫和困惑，但正是这些经历让我更加坚定了自己的梦想和方向。生动的舞狮和深刻的成长，加上配乐和音效也很到位，最高潮部分的打斗融合了蒙太奇式的画面，关于人物塑造我个人觉得审美是开放式的，过度丑化这个概念就不存在。仰天长笑出门去，我辈岂是蓬蒿人，阿娟，身上的真挚和真诚，他不耍花招、不会就是不会、不懂就是不懂，追寻着远方的梦想，是养家的人用双肩扛起责任，是在生活擂台上搏斗的人，即便伤痕累累，也要战斗到底。他们有他们的规则，我们有我们的打法。两位女性给予了阿娟适时的鼓励和帮助，也同时从坚韧不拔的阿娟身上，反向得到了鼓舞和精神力量。这种互相勉励，共同进步像野草一样深深扎根疯狂成长的生命力，第二部差一点点让我再次流泪,浙江
#电影#雄狮少年2温和优雅的白玉兰，骨子里翻出炽热夺目的英雄花。城市道路的缝隙里顽强生根的野草，被一次次践踏铲除。但只要一点雨水一两风，它就能孕育四万八千梦。“格斗是我能参加的最公平的竞争了。”黑暗面与不合理一直都存在，但人总要抓住机会向着命运奋力一击，而非在自怨自怜中抱憾终身。我更喜欢第二部，近乎完美的剧本构架，不疾不徐娓娓道来，但凡铺垫必有呼应，每个人物都恰如其分地说着他们自己的语言，不拔高也不说教，非常难得。,江苏
#雄狮少年2#可怕，还不让人夸了。,甘肃
#雄狮少年2#可怕，不满足于从精神上教育观众，准备要从物理上教育观众了吗？,甘肃
#雄狮少年2#有第一部珠玉在前，第二部也依然能让人热血感动，而且细节满满，飞机上看到摩天轮亮灯，全套撕裂的黑屏，都好用心,广东
#雄狮少年2#唯有二刷，，这太牛逼了做的太好了！好多个画面和分镜都起了鸡皮疙瘩，质量毫无争议，纯粹的鼓舞和坚毅，内核和故事背景比第一部更有血肉更有骨气了，对这种相对老套的传统文化如何生存的议题没有抵抗力，虽然很容易讲得不现实且说教，但是这一部做的恰到好处，，找时间一定要二刷甚至三刷ㅠㅠ阿娟阿猫阿狗我捏死你们ㅠㅠ,上海
阿娟认真的眼神不就是一头雄狮吗？电影是近几年看过的最好的国漫，奈何垃圾营销号太多搞节奏，涂一张雄狮默默支持，加油雄狮少！#电影雄狮少年2##雄狮少年2#,上海
#雄狮少年2神级转场#只要你也看过《雄狮少年2》，一定也会被最后那段神级转场“摄魂”，久久沉浸在一种弥久的震撼和感动里。我愿称雄狮2的这段转场为年度转场，我愿称此时的阿娟正在属于他的雄狮时刻！电影里阿娟和肖张扬在擂台上进行最后的“决斗”，就在阿娟身形摇晃快撑不住时，擂台上空飘起了玉兰花的白色花瓣，于阿娟躲闪后仰的霎那闯入视线，一朵玉兰花倏地动了花瓣，阿娟也后退半步从擂台踏入一片草丛。此刻的画面中，一棵开的洁白绚烂的玉兰树长在了擂台之上，玉兰花从花苞渐次绽放，跟随心跳的节奏，白色的花朵竟开出家乡的红色木棉花，一朵落下，镜头转换到英雄花砸中阿娟头上的一刻，三年的记忆一一浮现。有女阿娟背对着挥手、阿娟第一次戴上狮头，也有小小的阿娟被舞狮的高强度训练累的直不起身、但却在夕阳下高喊“仰天大笑出门去，我辈岂是蓬蒿人”。壮志诗句和蒲公英一起被风吹散，阿娟也成了城市缝隙里被践踏、铲倒的野草——但始终记得一条腰带从小束到大的“外练筋骨皮，内练一口气”，那是父亲、师父、同伴们给自己束上的腰带，这口让阿娟撑下去的气，也是来自爱着自己的人。随着走马灯一般的回忆在阿娟的脑海里闪过，最后定格在和小雨摩天轮上的那句“这片野草的背后有什么”的问题。“我看到了一头雄狮”，小雨送的那张贺卡缓缓打开、一头真正的雄狮在野草背后出现。镜头闪过阿猫、阿狗、张瓦特、小雨等人的脸部特写，最后切到阿娟雄狮一样的抬眼，和小雨在摩天轮上的那句话互文，坐在电影院里的我，那一刻也看见了一头雄狮。而阿娟最后挥出的击碎石膏、打破规则的一拳，裹挟着时光沉淀里众人的信念与汗水，也容纳了过往的酸涩与不甘，撕开不公和黑暗，让光就此涌入。那是平凡者对命运的呐喊，对一口气的执着。如果要为《雄狮2》的结尾写一句注解，我想那句话应该是“当你想要放弃时，想想当初为什么坚持走到这里”，我爱这个讲少年人的初心、讲种子在城市贫瘠的土壤中破土而出的故事，它诉说着个体成长的珍贵，哪怕低微，却依然拥有自己的“雄狮时刻”，足以熠熠生辉。,河北
#雄狮少年2#翻译：洋大人都夸我们了，你们这些土包子还敢不服？,广东
#雄狮少年2#真的太好看了！！,重庆
画面简直绝绝子！上海的街景繁华又冷峻，格斗擂台的紧张氛围也被渲染得超到位，人物细节更是精细到毛孔，这视觉盛宴，每一帧都舍不得眨眼。动作设计更是让人热血沸腾，阿娟在擂台上的招式行云流水，传统武术的魅力被展现得淋漓尽致，配合着紧凑的剪辑，让人看得心跳加速。#雄狮少年2#,山东
#雄狮少年2#太强了！这视觉完满，电影承接1的点点滴滴，好看！,浙江
#雄狮少年2#这个圈反正一个比一个傲慢，今年都破防多少了导演了？,湖北
看完《雄狮少年超话2》（#雄狮少年2#）了一边看一边跟亲友讨论来着我觉得演员表至少要加上：潘粤明、太乙真人（哪吒魔童降世里的那个）、叶修、孙翔（秦彻）、王宝强、光头强……谁看谁知道）,天津
#雄狮少年2#胡稀泥都出现挺雄狮了，那还能有错？,湖北
#雄狮少年2#去看啊！！！真的好看！！！,江苏
#雄狮少年2#生活就像一场舞狮，上山下山，起起落落，但只要心中有狮，就能舞出自己的精彩。#雄狮少年2#,福建
我不相信有人认真看过雄狮少年（无论1、2）之后会觉得主创团队会专门在角色外形上恶意耍心思就为了侮辱我国人民。引流赚钱不寒碜，但为了挣钱罔顾事实把人往死里整就是恶。#雄狮少年2##雄狮少年#,四川
看了#雄狮少年2#确实好电影，完成度很高看得我有点感动，其实里面人物造型挺符合中国社会草根青年的形象，值得一看,云南
#雄狮少年2#真的很好看啊别黑了，这个电影无论是题材还是内核都没有rh成分，后面因为外貌一下子被打上标签，骂的不行，肯定骂的时候连看都没看过，看过的真的黑不起来他，他真的好看，是这几年原创题材里面很优秀的作品了，什么时候出第三部啊！！！,河北
#雄狮少年2#今天相关部门又加大了力度宣发，个人感觉宣发费用快要>票房了。真不容易路人缘已经没了，破亿已经是不可能的了,安徽
#雄狮少年2#你别说，你还真别说，这宣发加大力度了，票房比昨天好多了继续加油，希望主创哭的时候千万记得捂好嘴巴,安徽
趁着人多再发遍，，，，全网唯二的瓦特嬷嬷发力了#雄狮少年2##雄狮少年#,广东
#雄狮少年2#好看，支持！他强任他强，清风拂山岗！,北京
无名的人啊，我敬你一杯酒，敬你的沉默和每一声怒吼。#雄狮少年2#,上海
#雄狮少年2#我喜欢雄狮就是因为它终于不是神仙法术，而是把视角放在普通人身上，每个无名的人都是自己故事的主角,河南
他强任他强，清风拂山岗#雄狮少年2#,河北
因为本身就看过1，所以出2的时候就非常期待，昨晚看完之后感动了好久，故事平凡但不俗套，内容依旧脚踏实地，平凡的人平凡的愿望，朴素的价值观，像野草一样在大城市艰难扎根的普通人都会产生共鸣吧。电影的分镜跟配乐很优秀，搞笑的片段也不尴尬，缺点是反派塑造的比较脸谱化，其实可以感觉到制作组想要深挖的东西，可能是时长限制了，总之瑕不掩瑜，希望将来还能再看到阿娟#电影雄狮少年2##雄狮少年2#,吉林
感谢#小丸子观影团#组织看#雄狮少年2#制作团队在画面上展现出了极高的水准，城市的空间质感逼真，-主角刻画：主人公阿娟的成长历程是影片的核心看点。他从一个初到大城市的无名小卒，在经历了生活的重重磨难后，逐渐成长为勇敢站上擂台的武者，性格从内敛能忍、不自信变得坚韧不拔、霸气反击，这种成长变化的刻画非常细腻且富有感染力。-配角塑造：配角们也各具特色，如教练张瓦特从潦倒落魄到全力相助阿娟，小雨作为团队的精神支撑，反派人物肖张扬、资本老板等也都性格鲜明，为故事增添了更多的张力和色彩。,湖北
#雄狮少年2#动画技术和流畅度，确实做到了一流。可惜，不应该叫2，重新起个名字就好了。,吉林
《雄狮少年2》的粉丝们真是太棒了👍我们非常认真地看了每一条留言😊感谢大家的认可与喜爱🙏我们会继续加油💪#雄狮少年2##动画##艺术留学#注：根据规则9，只保留了3对话题标签。L热映神探的微博视频,北京
#雄狮少年2#好好看😭😭年末最好的一部收尾电影。和朋友非常开心畅聊一路,河南
#雄狮少年2#特好看，真的特好看！第一部的时候就逆着主流批判默默喜欢，第二部上映是拉着朋友们一起看的，看过的朋友和没看过的朋友都看得热血沸腾，结束后大呼过瘾，没想到看到网评才发现“rh”的争议居然依然存在？我只能说清者自清好吧？另外，可能有人觉得反派恶毒到扁平，可我倒觉得反派很鲜明也很丰满，尤其是李总，绝对的商人，足够有脑子也足够有魄力。总之，不多剧透，这部电影真的很好看！真实、热血。,广西
#雄狮少年2#想起了追风者里面的一句话：这个世界上一切的不合理，都应该有人站起来去改变，去打破，去重造。晚安，接下来的每一天都要更开心呀,福建
#雄狮少年2#只是想惯例找张海报打卡一下看过的电影，好遗憾地搜出来一些莫名其妙的抵制，还有长篇大论不知道扯什么的拉踩。看完电影还讨论了一下当时第一部看得早，没有先入为主的接触所谓的“rh”搞不懂那些风言。在观看过程中感受不到外貌歧视，其实丑点嘛但更给影片添色呀，在复制粘贴建模脸里很有风格呀（可能我的脸盲包括3d脸吧）。这真的是难得超越前作的续作呀，还有一些嫌弃转行的，剧名的重点我一直觉得是少年，对于舞狮的起承转合其实做的挺好的，从木棉花到白玉兰，这一步步向前，雄狮由型到意，多传统的少年成长之路呀。从剧本到画面，在新片里很优秀了，环境音效人物都在认真推动着故事。,广西
#雄狮少年2#我们阿娟就是帅啊！已爱上,广东
#雄狮少年2#实在是很难理解，别的不说，这么夸张的眼距，怎么就能硬说成是常见的呢？宽眼距吊角眼，是一个国际上广为人知的对中国人的丑化刻板印象，文化行业尤其是电影美术行业的从业者，不可能对此不了解。在大众对这一点了解的情况下，一定要用这么一个跟国际上某些人对中国人的刻板丑化形象重合度这么高的形象来当主角，第一部已经了解了民意，第二部坚持如此，那就是明明知道这样的结果，了解这前前后后所有的逻辑，就是摆明了要接受所有的攻击了吧？主创们在对将会迎来的事情心知肚明的情况下都这么选择了，到底维护的人还在辩解什么呢？,北京
#雄狮少年2#电影很励志很热血。那种勇往直前不怕挫折的精神，值得我们每一个人学习，太适合带小朋友去看了，少年强则国强。中国动画电影的未来也看他们啦！#电影雄狮少年2#,湖北
很热血啊就是在生活中“不懂、不明白”人情世故的少年，从瘦弱变得有了肌肉、有了各种伤痕说一下印象深的点以及台词在小雨坐飞机离开的空中那摩天轮突然亮起好像点燃了一点星火在阿娟用出“草丛”背后的一招电影院的人们不约而同叫好鼓掌当然很受鼓动“网上说的还能有假的啊”无数的舆论听着就烦人“你看到草丛后面有什么”“我不知道”“我看到了雄狮”“仰天大笑出门去，我辈岂是蓬蒿人”草根少年，如石缝中的小草，是生命力顽强又旺盛曾经被打败的“四大金刚”为了争口“气”传统武术当然不会固步自封其在新时代会求新求变更不会忘记求真#雄狮少年2#,陕西
#雄狮少年2#刚翻了下话题评论，惊呆了，为什么一部电影会有这么多人只注重人物外表而不是人物塑造，从看第一部开始就没关注这个，第二部甚至觉得健身后的主角阿娟变帅了。我想主创不是在丑化，而是在寻找国漫人物不同的形象特色，然后这一IP系列有自我的强烈风格，没想到1出来就遭到如此大的争议。就像你喜欢可爱的猫咪，那第一次看到加菲猫的形象会感觉主创在恶意丑化猫吗？包括周星驰的电影也丑角居多，很多成为了经典，而一部优秀的国漫，却一大群人因为舆论只关注人物外表，浅看网图电影都不曾看就说“不会因为碗里看到一截屎而吃这碗面”。,四川
#雄狮少年2##电影雄狮少年2#虽然不想阴谋论，但都是狮子，我很难不把另一只狮子往金木阳那儿靠~而且都还是动画~,福建
#雄狮少年2#来补雄狮1的电影票，远超预期，期待这个系列继续做下去！,广东
#雄狮少年2好看#在我心目中，这部电影值得20亿➕,山西
昨晚又重温了下1所以摸了！，妹妹头时候的娟好生动，18岁还是个还瘦瘦小小蹦蹦跳跳的可爱小孩。回头看3小只刚开始快乐活泼的故事有种恍如隔世的感觉，孩子们成长的代价太大了，还好结局是好的。。。。然后突然发现一个点，1里面阿娟过年给爸妈打电话的时候，爸妈说过年工地给加餐有大鱼大肉，其实在啃馒头。2里面娟妈打电话问阿娟好好吃饭没，三小只说晚上吃好的有大肘子其实只有泡面吃😭哎呦都是单纯又善良的人啊，所以阿娟才会这样温柔又坚韧呀，好爱他们。。。。雄狮少年超话#雄狮少年##雄狮少年2##刘家娟#,江苏
#雄狮少年2#真的很不错的一部电影，票房怎么还不到1亿？身是野草，心若猛虎。,广东
一发关于雄狮少年的内容就限流掉粉但是还是有些话想说说动画电影由剧本，美术，镜头，配乐，制作多方构成，美术和制作是唯二不需要通过观看电影就能获取到的信息。主创团队的初衷，是希望能通过非主流的设计方式，给国产动画闯出一条不同于日美动画的风格，尽管这个设计成果可能不符合大多数观众审美，从结果上来说是失败了。但是真正让人觉得诡异的地方在于，舆论为什么会一股脑变成从结果倒推揣测动机，甚至为了佐证所谓的动机，开始p图造谣断章取义张冠李戴？说个细节吧，当看到宽眼距，吊梢眼，眼睛小，有人会想到电影恶童，有人会想到狮子脸，有人可能觉得和国外rh有关，很少会有人说像刚拉皮完没恢复吧，因为很少有人见过拉皮后的脸，所以不会形成联想。那唐氏病这么小众不常见到的形象，怎么会突然就成为了一种向对方进行侮辱攻击的统一符号，让人匪夷所思（患者何其无辜）。另外关于昂西动画节，先有动画，才提交参选的。真如揣测的那样为了舔外国人故意改形象，那倒是给他一个奖呀：长篇动画快20年了，中国长篇只有麦兜03年获得过唯一一次奖项，是因为昂西动画节评审和观众都觉得我们是🐷才颁发吗？雄狮只有提名是因为还不够丑化吗？显然不是。雄狮是不想在国内获奖吗？也不是，是因为国内动画电影门类的奖项太少了，出海参加动画电影节是中国长篇动画站起来的必经之路。最后是关于雄狮提名那个新闻，玩的是不是张冠李戴的文字游戏，真的可以静下来想想。这些种种，被“有心人”（也可能是机器人）进行扭曲加工大肆宣扬，最终形成了一种撕裂观众的舆论现状。喜欢电影的观众觉得委屈，想反抗，不明就里的群众觉得被教育了，也想反抗，两波本没实质矛盾的人群，被那看不见的“有心人”搞得戾气横行。最后只能说，雄狮2是个非常写实的电影，主人公阿娟像电影一样不够完美，但是很佩服他不肯向不公低头的韧劲。这个不公不是看台下的看客，不是网络上骂他的网民，是打假拳的肖张扬和他背后想“让故事变成事故的”金木阳。另外，千里共馋娟。#雄狮少年##雄狮少年2#,四川
#近期plog##雄狮少年2#雄狮少年2太好看了！今年最佳国漫，不，最佳国产电影。主创团队值得大赞！,上海
#雄狮少年2#大家不要放过这个雄狮少年啊，想去二刷了,江苏
#雄狮少年2#本年度最好看的电影，没有之一,河南
